Feature Name,Relative Importance
primary_procedure_name,1.0
claim_billed_amount,0.6828206499805339
approved_allowed_amount,0.6735434443945121
net_amt,0.6614908674091694
payment_tariff,0.6379481416720928
claim_paid_amount,0.5448610155301271
medical_service_provider_name,0.44298224951217563
no_of_days_stayed,0.3698120503827451
claim_count_pa,0.32047247088828146
birth_date,0.2243892223752355
claim_event_tpa_id,0.1842338344379231
primary_diagnosis_name,0.1312200899370301
primary_diagnosis_code,0.12356635302812534
type_of_public_hospital,0.10686733806602676
primary_procedure_code,0.07034773068414299
tpa_name,0.06967529176842309
benefit_code,0.06909418149171977
hospital_type,0.060810062030379614
gender_code,0.03591869767424714
hospital_location,0.0333214530042507
aspirational_district,0.025590619357015624
residence_location,0.023973401201591967
claim_status,0.022585166861590556
category,0.022012662669292454
payment_denial_reason,0.01461417320648229
claim_paid_date,0.01169730643643926
pg_dnb_teaching_hospital,0.0090191074539464
claim_settlement_date,0.008540919017386076
medical_service_provider_id,0.00834124402480693
claim_reported_date,0.0032467314526333627
treatment_end_date,0.0028703877474010337
treatment_start_date,0.0004457180771346172
