Feature Name,Feature Value,Prediction Mean,Actual Mean,Frequency,Feature Omitted Data [%],Feature Plot Data is Capped,Class
primary_diagnosis_name,#=All Other=#,0.8103168868961242,,26.0,0,False,Cluster 1
primary_diagnosis_name,Burns management,0.5781945489346981,,20.0,0,False,Cluster 1
primary_diagnosis_name,Cardio-thoracic and Vascular surgery,0.1743599031910752,,66.0,0,False,Cluster 1
primary_diagnosis_name,Cardiology,0.17815719934862095,,347.0,0,False,Cluster 1
primary_diagnosis_name,Emergency Room Packages (Care requiring less than 12 hrs stay),0.8046415483250338,,561.0,0,False,Cluster 1
primary_diagnosis_name,General Medicine,0.9197765145907534,,6966.0,0,False,Cluster 1
primary_diagnosis_name,General Surgery,0.9081720192364575,,6081.0,0,False,Cluster 1
primary_diagnosis_name,Medical Oncology,0.9588474075147211,,269.0,0,False,Cluster 1
primary_diagnosis_name,Mental Disorders Packages,0.940785466056121,,38.0,0,False,Cluster 1
primary_diagnosis_name,Neo-natal,0.8158689313759543,,292.0,0,False,Cluster 1
primary_diagnosis_name,Neurosurgery,0.47304405020954815,,115.0,0,False,Cluster 1
primary_diagnosis_name,Obstetrics and Gynaecology,0.8946016202536543,,2809.0,0,False,Cluster 1
primary_diagnosis_name,Opthalmology,0.8466909933497495,,761.0,0,False,Cluster 1
primary_diagnosis_name,Orthopaedics,0.6053671803841136,,986.0,0,False,Cluster 1
primary_diagnosis_name,Otorhinolaryngology,0.9426717641098159,,112.0,0,False,Cluster 1
primary_diagnosis_name,Paediatric medical management,0.9305090914631999,,258.0,0,False,Cluster 1
primary_diagnosis_name,Polytrauma,0.8154294929083656,,17.0,0,False,Cluster 1
primary_diagnosis_name,Radiation Oncology,0.5127232740869967,,59.0,0,False,Cluster 1
primary_diagnosis_name,Surgical Oncology,0.6259230408403609,,18.0,0,False,Cluster 1
primary_diagnosis_name,Urology,0.8212328005962519,,519.0,0,False,Cluster 1
primary_diagnosis_name,#=All Other=#,0.18968311682916605,,26.0,0,False,Cluster 2
primary_diagnosis_name,Burns management,0.42180546196177604,,20.0,0,False,Cluster 2
primary_diagnosis_name,Cardio-thoracic and Vascular surgery,0.8256400955389395,,66.0,0,False,Cluster 2
primary_diagnosis_name,Cardiology,0.8218428030481256,,347.0,0,False,Cluster 2
primary_diagnosis_name,Emergency Room Packages (Care requiring less than 12 hrs stay),0.1953584464290138,,561.0,0,False,Cluster 2
primary_diagnosis_name,General Medicine,0.08022348437658285,,6966.0,0,False,Cluster 2
primary_diagnosis_name,General Surgery,0.0918279813112937,,6081.0,0,False,Cluster 2
primary_diagnosis_name,Medical Oncology,0.0411525931569391,,269.0,0,False,Cluster 2
primary_diagnosis_name,Mental Disorders Packages,0.0592145264442814,,38.0,0,False,Cluster 2
primary_diagnosis_name,Neo-natal,0.18413106979776736,,292.0,0,False,Cluster 2
primary_diagnosis_name,Neurosurgery,0.5269559565283682,,115.0,0,False,Cluster 2
primary_diagnosis_name,Obstetrics and Gynaecology,0.10539837738206619,,2809.0,0,False,Cluster 2
primary_diagnosis_name,Opthalmology,0.1533090027438357,,761.0,0,False,Cluster 2
primary_diagnosis_name,Orthopaedics,0.39463282429422375,,986.0,0,False,Cluster 2
primary_diagnosis_name,Otorhinolaryngology,0.05732822888031868,,112.0,0,False,Cluster 2
primary_diagnosis_name,Paediatric medical management,0.06949091104198565,,258.0,0,False,Cluster 2
primary_diagnosis_name,Polytrauma,0.18457051125519416,,17.0,0,False,Cluster 2
primary_diagnosis_name,Radiation Oncology,0.48727673235333574,,59.0,0,False,Cluster 2
primary_diagnosis_name,Surgical Oncology,0.3740769562621911,,18.0,0,False,Cluster 2
primary_diagnosis_name,Urology,0.17876719406524202,,519.0,0,False,Cluster 2
payment_tariff,"Bin [ 0, 4000 )",0.9058643709634009,,14794.0,0,True,Cluster 1
payment_tariff,"Bin [ 4000, 8000 )",0.8775221664151583,,1238.0,0,True,Cluster 1
payment_tariff,"Bin [ 8000, 12000 )",0.9116337907118875,,1525.0,0,True,Cluster 1
payment_tariff,"Bin [ 12000, 16000 )",0.9311487647814191,,698.0,0,True,Cluster 1
payment_tariff,"Bin [ 16000, 20000 )",0.9072045978111557,,237.0,0,True,Cluster 1
payment_tariff,"Bin [ 20000, 24000 )",0.8835648158660003,,491.0,0,True,Cluster 1
payment_tariff,"Bin [ 24000, 28000 )",0.8221840495453742,,266.0,0,True,Cluster 1
payment_tariff,"Bin [ 28000, 32000 )",0.717001471515806,,122.0,0,True,Cluster 1
payment_tariff,"Bin [ 32000, 36000 )",0.6970450282096863,,11.0,0,True,Cluster 1
payment_tariff,"Bin [ 36000, 40000 )",0.626902312040329,,4.0,0,True,Cluster 1
payment_tariff,"Bin [ 40000, 44000 )",0.5764105041362658,,119.0,0,True,Cluster 1
payment_tariff,"Bin [ 44000, 48000 )",0.2928332984447479,,1.0,0,True,Cluster 1
payment_tariff,"Bin [ 48000, 52000 )",0.46695049125471233,,81.0,0,True,Cluster 1
payment_tariff,"Bin [ 52000, 56000 )",0.3348436524038729,,23.0,0,True,Cluster 1
payment_tariff,"Bin [ 56000, 60000 )",,,,0,True,Cluster 1
payment_tariff,"Bin [ 60000, 64000 )",0.37016821439777103,,14.0,0,True,Cluster 1
payment_tariff,"Bin [ 64000, 68000 )",0.05373148970277041,,129.0,0,True,Cluster 1
payment_tariff,"Bin [ 68000, 72000 )",,,,0,True,Cluster 1
payment_tariff,"Bin [ 72000, 76000 )",0.0578543369901245,,69.0,0,True,Cluster 1
payment_tariff,"Bin [ 76000, 80000 ]",0.03891074708662927,,230.0,0,True,Cluster 1
payment_tariff,"Bin [ 0, 4000 )",0.09413562854805455,,14794.0,0,True,Cluster 2
payment_tariff,"Bin [ 4000, 8000 )",0.12247782910576689,,1238.0,0,True,Cluster 2
payment_tariff,"Bin [ 8000, 12000 )",0.088366205515798,,1525.0,0,True,Cluster 2
payment_tariff,"Bin [ 12000, 16000 )",0.06885124032751239,,698.0,0,True,Cluster 2
payment_tariff,"Bin [ 16000, 20000 )",0.0927953977797982,,237.0,0,True,Cluster 2
payment_tariff,"Bin [ 20000, 24000 )",0.11643518538587934,,491.0,0,True,Cluster 2
payment_tariff,"Bin [ 24000, 28000 )",0.17781594937625236,,266.0,0,True,Cluster 2
payment_tariff,"Bin [ 28000, 32000 )",0.2829985253390719,,122.0,0,True,Cluster 2
payment_tariff,"Bin [ 32000, 36000 )",0.30295492708683014,,11.0,0,True,Cluster 2
payment_tariff,"Bin [ 36000, 40000 )",0.3730976730585098,,4.0,0,True,Cluster 2
payment_tariff,"Bin [ 40000, 44000 )",0.4235894926706282,,119.0,0,True,Cluster 2
payment_tariff,"Bin [ 44000, 48000 )",0.7071667313575745,,1.0,0,True,Cluster 2
payment_tariff,"Bin [ 48000, 52000 )",0.5330495236464489,,81.0,0,True,Cluster 2
payment_tariff,"Bin [ 52000, 56000 )",0.6651563670324243,,23.0,0,True,Cluster 2
payment_tariff,"Bin [ 56000, 60000 )",,,,0,True,Cluster 2
payment_tariff,"Bin [ 60000, 64000 )",0.6298318079539708,,14.0,0,True,Cluster 2
payment_tariff,"Bin [ 64000, 68000 )",0.9462685053662736,,129.0,0,True,Cluster 2
payment_tariff,"Bin [ 68000, 72000 )",,,,0,True,Cluster 2
payment_tariff,"Bin [ 72000, 76000 )",0.9421456620313119,,69.0,0,True,Cluster 2
payment_tariff,"Bin [ 76000, 80000 ]",0.9610892575720082,,230.0,0,True,Cluster 2
no_of_days_stayed,"Bin [ 1, 2 )",0.9004571700819661,,5503.0,2,True,Cluster 1
no_of_days_stayed,"Bin [ 2, 3 )",0.8974690203866621,,1984.0,2,True,Cluster 1
no_of_days_stayed,"Bin [ 3, 4 )",0.8682905434731855,,2378.0,2,True,Cluster 1
no_of_days_stayed,"Bin [ 4, 5 )",0.8713428847176338,,2002.0,2,True,Cluster 1
no_of_days_stayed,"Bin [ 5, 6 )",0.8858814738160304,,1952.0,2,True,Cluster 1
no_of_days_stayed,"Bin [ 6, 7 )",0.8690796476396829,,1675.0,2,True,Cluster 1
no_of_days_stayed,"Bin [ 7, 8 )",0.8406884488411187,,1113.0,2,True,Cluster 1
no_of_days_stayed,"Bin [ 8, 9 )",0.8250198999788347,,887.0,2,True,Cluster 1
no_of_days_stayed,"Bin [ 9, 10 )",0.8341099589276136,,529.0,2,True,Cluster 1
no_of_days_stayed,"Bin [ 10, 12 )",0.8287795467683708,,664.0,2,True,Cluster 1
no_of_days_stayed,"Bin [ 12, 13 )",0.8206588927863373,,180.0,2,True,Cluster 1
no_of_days_stayed,"Bin [ 13, 14 )",0.8034998549396793,,150.0,2,True,Cluster 1
no_of_days_stayed,"Bin [ 14, 15 )",0.813528415714593,,115.0,2,True,Cluster 1
no_of_days_stayed,"Bin [ 15, 16 )",0.7521259634736546,,98.0,2,True,Cluster 1
no_of_days_stayed,"Bin [ 16, 17 )",0.7793396651072221,,72.0,2,True,Cluster 1
no_of_days_stayed,"Bin [ 17, 18 )",0.6920461584296491,,63.0,2,True,Cluster 1
no_of_days_stayed,"Bin [ 18, 19 )",0.7879230241690364,,42.0,2,True,Cluster 1
no_of_days_stayed,"Bin [ 19, 20 )",0.8115509801677295,,28.0,2,True,Cluster 1
no_of_days_stayed,"Bin [ 20, 21 )",0.7401623593579079,,29.0,2,True,Cluster 1
no_of_days_stayed,"Bin [ 21, 22 ]",0.7529449324744443,,48.0,2,True,Cluster 1
no_of_days_stayed,"Bin ( nan, nan )",0.8423118590244225,,420.0,2,True,Cluster 1
no_of_days_stayed,"Bin [ 1, 2 )",0.09954283063239197,,5503.0,2,True,Cluster 2
no_of_days_stayed,"Bin [ 2, 3 )",0.10253097656306871,,1984.0,2,True,Cluster 2
no_of_days_stayed,"Bin [ 3, 4 )",0.1317094535840232,,2378.0,2,True,Cluster 2
no_of_days_stayed,"Bin [ 4, 5 )",0.12865711376373354,,2002.0,2,True,Cluster 2
no_of_days_stayed,"Bin [ 5, 6 )",0.11411852541772771,,1952.0,2,True,Cluster 2
no_of_days_stayed,"Bin [ 6, 7 )",0.13092035308925074,,1675.0,2,True,Cluster 2
no_of_days_stayed,"Bin [ 7, 8 )",0.15931154980080708,,1113.0,2,True,Cluster 2
no_of_days_stayed,"Bin [ 8, 9 )",0.17498010147799734,,887.0,2,True,Cluster 2
no_of_days_stayed,"Bin [ 9, 10 )",0.16589003840429684,,529.0,2,True,Cluster 2
no_of_days_stayed,"Bin [ 10, 12 )",0.1712204525780202,,664.0,2,True,Cluster 2
no_of_days_stayed,"Bin [ 12, 13 )",0.17934110429551867,,180.0,2,True,Cluster 2
no_of_days_stayed,"Bin [ 13, 14 )",0.19650015437354645,,150.0,2,True,Cluster 2
no_of_days_stayed,"Bin [ 14, 15 )",0.18647158194495284,,115.0,2,True,Cluster 2
no_of_days_stayed,"Bin [ 15, 16 )",0.24787405517180355,,98.0,2,True,Cluster 2
no_of_days_stayed,"Bin [ 16, 17 )",0.22066034681888091,,72.0,2,True,Cluster 2
no_of_days_stayed,"Bin [ 17, 18 )",0.3079538299214272,,63.0,2,True,Cluster 2
no_of_days_stayed,"Bin [ 18, 19 )",0.21207699747312636,,42.0,2,True,Cluster 2
no_of_days_stayed,"Bin [ 19, 20 )",0.18844901544174977,,28.0,2,True,Cluster 2
no_of_days_stayed,"Bin [ 20, 21 )",0.2598376217587241,,29.0,2,True,Cluster 2
no_of_days_stayed,"Bin [ 21, 22 ]",0.24705505169307193,,48.0,2,True,Cluster 2
no_of_days_stayed,"Bin ( nan, nan )",0.15768814097557748,,420.0,2,True,Cluster 2
net_amt,"Bin [ 1000, 5185 )",0.9048558809918062,,9217.0,0,True,Cluster 1
net_amt,"Bin [ 5185, 9370 )",0.9053967275666419,,4917.0,0,True,Cluster 1
net_amt,"Bin [ 9370, 13555 )",0.9369212475666245,,1941.0,0,True,Cluster 1
net_amt,"Bin [ 13555, 17740 )",0.9226975473864325,,1160.0,0,True,Cluster 1
net_amt,"Bin [ 17740, 21925 )",0.90025216602825,,863.0,0,True,Cluster 1
net_amt,"Bin [ 21925, 26110 )",0.8591137850130331,,541.0,0,True,Cluster 1
net_amt,"Bin [ 26110, 30295 )",0.8229542480292895,,282.0,0,True,Cluster 1
net_amt,"Bin [ 30295, 34480 )",0.7945293966092561,,95.0,0,True,Cluster 1
net_amt,"Bin [ 34480, 38665 )",0.7524779671198362,,77.0,0,True,Cluster 1
net_amt,"Bin [ 38665, 42850 )",0.6463136888212628,,126.0,0,True,Cluster 1
net_amt,"Bin [ 42850, 47035 )",0.5872612413950264,,64.0,0,True,Cluster 1
net_amt,"Bin [ 47035, 51220 )",0.533877728666578,,35.0,0,True,Cluster 1
net_amt,"Bin [ 51220, 55405 )",0.4789264612553412,,57.0,0,True,Cluster 1
net_amt,"Bin [ 55405, 59590 )",0.5587839154820693,,19.0,0,True,Cluster 1
net_amt,"Bin [ 59590, 63775 )",0.36633454220635553,,35.0,0,True,Cluster 1
net_amt,"Bin [ 63775, 67960 )",0.14127175873445888,,62.0,0,True,Cluster 1
net_amt,"Bin [ 67960, 72145 )",0.1168947233897397,,59.0,0,True,Cluster 1
net_amt,"Bin [ 72145, 76330 )",0.07751865675090812,,80.0,0,True,Cluster 1
net_amt,"Bin [ 76330, 80515 )",0.04922920041717589,,130.0,0,True,Cluster 1
net_amt,"Bin [ 80515, 84700 ]",0.1265824259524899,,28.0,0,True,Cluster 1
net_amt,"Bin [ 1000, 5185 )",0.0951441180484273,,9217.0,0,True,Cluster 2
net_amt,"Bin [ 5185, 9370 )",0.09460327165034248,,4917.0,0,True,Cluster 2
net_amt,"Bin [ 9370, 13555 )",0.063078754586789,,1941.0,0,True,Cluster 2
net_amt,"Bin [ 13555, 17740 )",0.07730245168866783,,1160.0,0,True,Cluster 2
net_amt,"Bin [ 17740, 21925 )",0.09974782665714466,,863.0,0,True,Cluster 2
net_amt,"Bin [ 21925, 26110 )",0.14088621982777846,,541.0,0,True,Cluster 2
net_amt,"Bin [ 26110, 30295 )",0.17704574703007725,,282.0,0,True,Cluster 2
net_amt,"Bin [ 30295, 34480 )",0.20547060825322805,,95.0,0,True,Cluster 2
net_amt,"Bin [ 34480, 38665 )",0.2475220218494341,,77.0,0,True,Cluster 2
net_amt,"Bin [ 38665, 42850 )",0.3536863063299467,,126.0,0,True,Cluster 2
net_amt,"Bin [ 42850, 47035 )",0.4127387662883848,,64.0,0,True,Cluster 2
net_amt,"Bin [ 47035, 51220 )",0.4661222632442202,,35.0,0,True,Cluster 2
net_amt,"Bin [ 51220, 55405 )",0.5210735607042647,,57.0,0,True,Cluster 2
net_amt,"Bin [ 55405, 59590 )",0.4412160617740531,,19.0,0,True,Cluster 2
net_amt,"Bin [ 59590, 63775 )",0.6336654611996242,,35.0,0,True,Cluster 2
net_amt,"Bin [ 63775, 67960 )",0.8587282348063684,,62.0,0,True,Cluster 2
net_amt,"Bin [ 67960, 72145 )",0.8831052593255447,,59.0,0,True,Cluster 2
net_amt,"Bin [ 72145, 76330 )",0.9224813565611839,,80.0,0,True,Cluster 2
net_amt,"Bin [ 76330, 80515 )",0.9507708077247327,,130.0,0,True,Cluster 2
net_amt,"Bin [ 80515, 84700 ]",0.8734175584145955,,28.0,0,True,Cluster 2
claim_paid_amount,"Bin [ 0, 4000 )",0.8922507299162112,,9885.0,0,True,Cluster 1
claim_paid_amount,"Bin [ 4000, 8000 )",0.9046782298393331,,3708.0,0,True,Cluster 1
claim_paid_amount,"Bin [ 8000, 12000 )",0.9212617103331103,,2939.0,0,True,Cluster 1
claim_paid_amount,"Bin [ 12000, 16000 )",0.9298617498223054,,944.0,0,True,Cluster 1
claim_paid_amount,"Bin [ 16000, 20000 )",0.9078579016347496,,645.0,0,True,Cluster 1
claim_paid_amount,"Bin [ 20000, 24000 )",0.8911321663257818,,677.0,0,True,Cluster 1
claim_paid_amount,"Bin [ 24000, 28000 )",0.844204357761778,,367.0,0,True,Cluster 1
claim_paid_amount,"Bin [ 28000, 32000 )",0.8057723045349121,,191.0,0,True,Cluster 1
claim_paid_amount,"Bin [ 32000, 36000 )",0.7565022578110566,,74.0,0,True,Cluster 1
claim_paid_amount,"Bin [ 36000, 40000 )",0.7212279219119275,,61.0,0,True,Cluster 1
claim_paid_amount,"Bin [ 40000, 44000 )",0.6129182538260585,,92.0,0,True,Cluster 1
claim_paid_amount,"Bin [ 44000, 48000 )",0.5491066662704244,,51.0,0,True,Cluster 1
claim_paid_amount,"Bin [ 48000, 52000 )",0.40847651329305434,,18.0,0,True,Cluster 1
claim_paid_amount,"Bin [ 52000, 56000 )",0.33852124710877735,,21.0,0,True,Cluster 1
claim_paid_amount,"Bin [ 56000, 60000 )",0.3692052811384201,,6.0,0,True,Cluster 1
claim_paid_amount,"Bin [ 60000, 64000 )",0.2319886565208435,,15.0,0,True,Cluster 1
claim_paid_amount,"Bin [ 64000, 68000 )",0.10203638324006037,,55.0,0,True,Cluster 1
claim_paid_amount,"Bin [ 68000, 72000 )",0.05636860960877912,,43.0,0,True,Cluster 1
claim_paid_amount,"Bin [ 72000, 76000 )",0.06037311829198655,,74.0,0,True,Cluster 1
claim_paid_amount,"Bin [ 76000, 80000 ]",0.0384622537377021,,121.0,0,True,Cluster 1
claim_paid_amount,"Bin [ 0, 4000 )",0.10774926955896003,,9885.0,0,True,Cluster 2
claim_paid_amount,"Bin [ 4000, 8000 )",0.09532176865693764,,3708.0,0,True,Cluster 2
claim_paid_amount,"Bin [ 8000, 12000 )",0.0787382898113889,,2939.0,0,True,Cluster 2
claim_paid_amount,"Bin [ 12000, 16000 )",0.07013825067985897,,944.0,0,True,Cluster 2
claim_paid_amount,"Bin [ 16000, 20000 )",0.09214209681737792,,645.0,0,True,Cluster 2
claim_paid_amount,"Bin [ 20000, 24000 )",0.10886783049368964,,677.0,0,True,Cluster 2
claim_paid_amount,"Bin [ 24000, 28000 )",0.15579564386232672,,367.0,0,True,Cluster 2
claim_paid_amount,"Bin [ 28000, 32000 )",0.19422768551797767,,191.0,0,True,Cluster 2
claim_paid_amount,"Bin [ 32000, 36000 )",0.24349774641765132,,74.0,0,True,Cluster 2
claim_paid_amount,"Bin [ 36000, 40000 )",0.27877206685113126,,61.0,0,True,Cluster 2
claim_paid_amount,"Bin [ 40000, 44000 )",0.38708174163880554,,92.0,0,True,Cluster 2
claim_paid_amount,"Bin [ 44000, 48000 )",0.4508933419106053,,51.0,0,True,Cluster 2
claim_paid_amount,"Bin [ 48000, 52000 )",0.5915234701500999,,18.0,0,True,Cluster 2
claim_paid_amount,"Bin [ 52000, 56000 )",0.6614787763073331,,21.0,0,True,Cluster 2
claim_paid_amount,"Bin [ 56000, 60000 )",0.6307947188615799,,6.0,0,True,Cluster 2
claim_paid_amount,"Bin [ 60000, 64000 )",0.7680113434791564,,15.0,0,True,Cluster 2
claim_paid_amount,"Bin [ 64000, 68000 )",0.8979636094786904,,55.0,0,True,Cluster 2
claim_paid_amount,"Bin [ 68000, 72000 )",0.9436313704002736,,43.0,0,True,Cluster 2
claim_paid_amount,"Bin [ 72000, 76000 )",0.9396268934816927,,74.0,0,True,Cluster 2
claim_paid_amount,"Bin [ 76000, 80000 ]",0.9615377547327152,,121.0,0,True,Cluster 2
claim_event_tpa_id,"Bin [ 51381, 51796 )",0.8535622475459514,,10022.0,0,False,Cluster 1
claim_event_tpa_id,"Bin [ 51796, 52211 )",,,,0,False,Cluster 1
claim_event_tpa_id,"Bin [ 52211, 52626 )",,,,0,False,Cluster 1
claim_event_tpa_id,"Bin [ 52626, 53041 )",,,,0,False,Cluster 1
claim_event_tpa_id,"Bin [ 53041, 53456 )",,,,0,False,Cluster 1
claim_event_tpa_id,"Bin [ 53456, 53871 )",,,,0,False,Cluster 1
claim_event_tpa_id,"Bin [ 53871, 54286 )",,,,0,False,Cluster 1
claim_event_tpa_id,"Bin [ 54286, 54701 )",,,,0,False,Cluster 1
claim_event_tpa_id,"Bin [ 54701, 55116 )",,,,0,False,Cluster 1
claim_event_tpa_id,"Bin [ 55116, 55532 )",,,,0,False,Cluster 1
claim_event_tpa_id,"Bin [ 55532, 55947 )",,,,0,False,Cluster 1
claim_event_tpa_id,"Bin [ 55947, 56362 )",,,,0,False,Cluster 1
claim_event_tpa_id,"Bin [ 56362, 56777 )",,,,0,False,Cluster 1
claim_event_tpa_id,"Bin [ 56777, 57192 )",,,,0,False,Cluster 1
claim_event_tpa_id,"Bin [ 57192, 57607 )",,,,0,False,Cluster 1
claim_event_tpa_id,"Bin [ 57607, 58022 )",,,,0,False,Cluster 1
claim_event_tpa_id,"Bin [ 58022, 58437 )",,,,0,False,Cluster 1
claim_event_tpa_id,"Bin [ 58437, 58852 )",,,,0,False,Cluster 1
claim_event_tpa_id,"Bin [ 58852, 59267 )",,,,0,False,Cluster 1
claim_event_tpa_id,"Bin [ 59267, 59682 ]",0.8837098633010605,,10298.0,0,False,Cluster 1
claim_event_tpa_id,"Bin [ 51381, 51796 )",0.14643775264882525,,10022.0,0,False,Cluster 2
claim_event_tpa_id,"Bin [ 51796, 52211 )",,,,0,False,Cluster 2
claim_event_tpa_id,"Bin [ 52211, 52626 )",,,,0,False,Cluster 2
claim_event_tpa_id,"Bin [ 52626, 53041 )",,,,0,False,Cluster 2
claim_event_tpa_id,"Bin [ 53041, 53456 )",,,,0,False,Cluster 2
claim_event_tpa_id,"Bin [ 53456, 53871 )",,,,0,False,Cluster 2
claim_event_tpa_id,"Bin [ 53871, 54286 )",,,,0,False,Cluster 2
claim_event_tpa_id,"Bin [ 54286, 54701 )",,,,0,False,Cluster 2
claim_event_tpa_id,"Bin [ 54701, 55116 )",,,,0,False,Cluster 2
claim_event_tpa_id,"Bin [ 55116, 55532 )",,,,0,False,Cluster 2
claim_event_tpa_id,"Bin [ 55532, 55947 )",,,,0,False,Cluster 2
claim_event_tpa_id,"Bin [ 55947, 56362 )",,,,0,False,Cluster 2
claim_event_tpa_id,"Bin [ 56362, 56777 )",,,,0,False,Cluster 2
claim_event_tpa_id,"Bin [ 56777, 57192 )",,,,0,False,Cluster 2
claim_event_tpa_id,"Bin [ 57192, 57607 )",,,,0,False,Cluster 2
claim_event_tpa_id,"Bin [ 57607, 58022 )",,,,0,False,Cluster 2
claim_event_tpa_id,"Bin [ 58022, 58437 )",,,,0,False,Cluster 2
claim_event_tpa_id,"Bin [ 58437, 58852 )",,,,0,False,Cluster 2
claim_event_tpa_id,"Bin [ 58852, 59267 )",,,,0,False,Cluster 2
claim_event_tpa_id,"Bin [ 59267, 59682 ]",0.1162901353206309,,10298.0,0,False,Cluster 2
claim_count_pa,"Bin [ 1, 8 )",0.8586906967324904,,15301.0,0,False,Cluster 1
claim_count_pa,"Bin [ 8, 15 )",0.9159254937679792,,392.0,0,False,Cluster 1
claim_count_pa,"Bin [ 15, 22 )",0.9172195810236429,,190.0,0,False,Cluster 1
claim_count_pa,"Bin [ 22, 29 )",0.9222638065814972,,250.0,0,False,Cluster 1
claim_count_pa,"Bin [ 29, 36 )",0.914383255917093,,253.0,0,False,Cluster 1
claim_count_pa,"Bin [ 36, 43 )",0.9171529838332424,,270.0,0,False,Cluster 1
claim_count_pa,"Bin [ 43, 50 )",0.9141007109121843,,330.0,0,False,Cluster 1
claim_count_pa,"Bin [ 50, 57 )",0.9102629971119666,,310.0,0,False,Cluster 1
claim_count_pa,"Bin [ 57, 64 )",0.9049703174978909,,359.0,0,False,Cluster 1
claim_count_pa,"Bin [ 64, 72 )",0.8988436376099038,,339.0,0,False,Cluster 1
claim_count_pa,"Bin [ 72, 79 )",0.8964304465289209,,408.0,0,False,Cluster 1
claim_count_pa,"Bin [ 79, 86 )",0.8938900071888484,,483.0,0,False,Cluster 1
claim_count_pa,"Bin [ 86, 93 )",0.8893637502804781,,390.0,0,False,Cluster 1
claim_count_pa,"Bin [ 93, 100 )",0.8805367510523686,,477.0,0,False,Cluster 1
claim_count_pa,"Bin [ 100, 107 )",0.8789031540488338,,222.0,0,False,Cluster 1
claim_count_pa,"Bin [ 107, 114 )",0.8746129054206986,,111.0,0,False,Cluster 1
claim_count_pa,"Bin [ 114, 121 )",0.8733451883871477,,91.0,0,False,Cluster 1
claim_count_pa,"Bin [ 121, 128 )",0.8633293638358245,,74.0,0,False,Cluster 1
claim_count_pa,"Bin [ 128, 135 )",0.857084192611553,,27.0,0,False,Cluster 1
claim_count_pa,"Bin [ 135, 142 ]",0.8530197947524315,,43.0,0,False,Cluster 1
claim_count_pa,"Bin [ 1, 8 )",0.1413093023200269,,15301.0,0,False,Cluster 2
claim_count_pa,"Bin [ 8, 15 )",0.08407450354971675,,392.0,0,False,Cluster 2
claim_count_pa,"Bin [ 15, 22 )",0.08278042614754093,,190.0,0,False,Cluster 2
claim_count_pa,"Bin [ 22, 29 )",0.07773620579391718,,250.0,0,False,Cluster 2
claim_count_pa,"Bin [ 29, 36 )",0.08561674450991653,,253.0,0,False,Cluster 2
claim_count_pa,"Bin [ 36, 43 )",0.08284702285848282,,270.0,0,False,Cluster 2
claim_count_pa,"Bin [ 43, 50 )",0.08589928938132343,,330.0,0,False,Cluster 2
claim_count_pa,"Bin [ 50, 57 )",0.08973700306828945,,310.0,0,False,Cluster 2
claim_count_pa,"Bin [ 57, 64 )",0.09502968427655092,,359.0,0,False,Cluster 2
claim_count_pa,"Bin [ 64, 72 )",0.10115636299449433,,339.0,0,False,Cluster 2
claim_count_pa,"Bin [ 72, 79 )",0.10356954975948468,,408.0,0,False,Cluster 2
claim_count_pa,"Bin [ 79, 86 )",0.10610999426116115,,483.0,0,False,Cluster 2
claim_count_pa,"Bin [ 86, 93 )",0.11063624158119544,,390.0,0,False,Cluster 2
claim_count_pa,"Bin [ 93, 100 )",0.1194632485024709,,477.0,0,False,Cluster 2
claim_count_pa,"Bin [ 100, 107 )",0.12109684663917031,,222.0,0,False,Cluster 2
claim_count_pa,"Bin [ 107, 114 )",0.1253870936060274,,111.0,0,False,Cluster 2
claim_count_pa,"Bin [ 114, 121 )",0.12665481840843681,,91.0,0,False,Cluster 2
claim_count_pa,"Bin [ 121, 128 )",0.13667063908399762,,74.0,0,False,Cluster 2
claim_count_pa,"Bin [ 128, 135 )",0.14291580518086752,,27.0,0,False,Cluster 2
claim_count_pa,"Bin [ 135, 142 ]",0.14698018948006075,,43.0,0,False,Cluster 2
claim_billed_amount,"Bin [ 0, 4312 )",0.902990497388099,,8748.0,0,True,Cluster 1
claim_billed_amount,"Bin [ 4312, 8625 )",0.9015710843181329,,3731.0,0,True,Cluster 1
claim_billed_amount,"Bin [ 8625, 12938 )",0.9259227151440919,,3417.0,0,True,Cluster 1
claim_billed_amount,"Bin [ 12938, 17250 )",0.9289948592086181,,1099.0,0,True,Cluster 1
claim_billed_amount,"Bin [ 17250, 21562 )",0.9099371966056208,,867.0,0,True,Cluster 1
claim_billed_amount,"Bin [ 21562, 25875 )",0.8807867953810469,,791.0,0,True,Cluster 1
claim_billed_amount,"Bin [ 25875, 30187 )",0.8397374073156534,,313.0,0,True,Cluster 1
claim_billed_amount,"Bin [ 30187, 34500 )",0.8113533926348314,,141.0,0,True,Cluster 1
claim_billed_amount,"Bin [ 34500, 38812 )",0.7625086731380887,,90.0,0,True,Cluster 1
claim_billed_amount,"Bin [ 38812, 43125 )",0.6690225243568421,,140.0,0,True,Cluster 1
claim_billed_amount,"Bin [ 43125, 47438 )",0.6211744174361229,,80.0,0,True,Cluster 1
claim_billed_amount,"Bin [ 47438, 51750 )",0.5933263704180718,,40.0,0,True,Cluster 1
claim_billed_amount,"Bin [ 51750, 56062 )",0.4843440270524914,,59.0,0,True,Cluster 1
claim_billed_amount,"Bin [ 56062, 60375 )",0.4476963908722003,,24.0,0,True,Cluster 1
claim_billed_amount,"Bin [ 60375, 64688 )",0.36512953902666384,,26.0,0,True,Cluster 1
claim_billed_amount,"Bin [ 64688, 69000 )",0.14973352284154348,,57.0,0,True,Cluster 1
claim_billed_amount,"Bin [ 69000, 73312 )",0.10621613652731937,,52.0,0,True,Cluster 1
claim_billed_amount,"Bin [ 73312, 77625 )",0.07782990690798332,,78.0,0,True,Cluster 1
claim_billed_amount,"Bin [ 77625, 81938 )",0.05139383343012296,,129.0,0,True,Cluster 1
claim_billed_amount,"Bin [ 81938, 86250 ]",0.08527512396195609,,38.0,0,True,Cluster 1
claim_billed_amount,"Bin [ 0, 4312 )",0.09700950205409758,,8748.0,0,True,Cluster 2
claim_billed_amount,"Bin [ 4312, 8625 )",0.09842891490281115,,3731.0,0,True,Cluster 2
claim_billed_amount,"Bin [ 8625, 12938 )",0.0740772843244247,,3417.0,0,True,Cluster 2
claim_billed_amount,"Bin [ 12938, 17250 )",0.07100514085239666,,1099.0,0,True,Cluster 2
claim_billed_amount,"Bin [ 17250, 21562 )",0.0900627983220549,,867.0,0,True,Cluster 2
claim_billed_amount,"Bin [ 21562, 25875 )",0.11921320629085964,,791.0,0,True,Cluster 2
claim_billed_amount,"Bin [ 25875, 30187 )",0.16026258826874695,,313.0,0,True,Cluster 2
claim_billed_amount,"Bin [ 30187, 34500 )",0.1886466050930057,,141.0,0,True,Cluster 2
claim_billed_amount,"Bin [ 34500, 38812 )",0.23749132057030994,,90.0,0,True,Cluster 2
claim_billed_amount,"Bin [ 38812, 43125 )",0.3309774701084409,,140.0,0,True,Cluster 2
claim_billed_amount,"Bin [ 43125, 47438 )",0.37882558852434156,,80.0,0,True,Cluster 2
claim_billed_amount,"Bin [ 47438, 51750 )",0.4066736247390509,,40.0,0,True,Cluster 2
claim_billed_amount,"Bin [ 51750, 56062 )",0.5156559923947868,,59.0,0,True,Cluster 2
claim_billed_amount,"Bin [ 56062, 60375 )",0.5523036060233911,,24.0,0,True,Cluster 2
claim_billed_amount,"Bin [ 60375, 64688 )",0.6348704649851873,,26.0,0,True,Cluster 2
claim_billed_amount,"Bin [ 64688, 69000 )",0.8502664681066546,,57.0,0,True,Cluster 2
claim_billed_amount,"Bin [ 69000, 73312 )",0.8937838450074196,,52.0,0,True,Cluster 2
claim_billed_amount,"Bin [ 73312, 77625 )",0.9221701071812556,,78.0,0,True,Cluster 2
claim_billed_amount,"Bin [ 77625, 81938 )",0.9486061741215314,,129.0,0,True,Cluster 2
claim_billed_amount,"Bin [ 81938, 86250 ]",0.9147248613206964,,38.0,0,True,Cluster 2
birth_date,"Bin [ 12, 15 )",0.9013501297343861,,176.0,0,True,Cluster 1
birth_date,"Bin [ 15, 19 )",0.8980030902951467,,488.0,0,True,Cluster 1
birth_date,"Bin [ 19, 22 )",0.8944750843859189,,862.0,0,True,Cluster 1
birth_date,"Bin [ 22, 25 )",0.8930711491589381,,1243.0,0,True,Cluster 1
birth_date,"Bin [ 25, 28 )",0.8941100911080884,,1298.0,0,True,Cluster 1
birth_date,"Bin [ 28, 32 )",0.8969319662249653,,1530.0,0,True,Cluster 1
birth_date,"Bin [ 32, 35 )",0.8972141551615757,,1017.0,0,True,Cluster 1
birth_date,"Bin [ 35, 38 )",0.896486069939877,,970.0,0,True,Cluster 1
birth_date,"Bin [ 38, 42 )",0.8868378704673857,,1196.0,0,True,Cluster 1
birth_date,"Bin [ 42, 45 )",0.884083408966562,,1135.0,0,True,Cluster 1
birth_date,"Bin [ 45, 48 )",0.8797788199722518,,1139.0,0,True,Cluster 1
birth_date,"Bin [ 48, 52 )",0.8636803495004319,,1542.0,0,True,Cluster 1
birth_date,"Bin [ 52, 55 )",0.8470191133217203,,1187.0,0,True,Cluster 1
birth_date,"Bin [ 55, 58 )",0.839325307735654,,954.0,0,True,Cluster 1
birth_date,"Bin [ 58, 62 )",0.8334898130921564,,1118.0,0,True,Cluster 1
birth_date,"Bin [ 62, 65 )",0.8309576711395666,,777.0,0,True,Cluster 1
birth_date,"Bin [ 65, 68 )",0.8250631206299596,,812.0,0,True,Cluster 1
birth_date,"Bin [ 68, 71 )",0.8377269732816692,,861.0,0,True,Cluster 1
birth_date,"Bin [ 71, 75 )",0.8208736628565543,,926.0,0,True,Cluster 1
birth_date,"Bin [ 75, 78 ]",0.8340604882051782,,381.0,0,True,Cluster 1
birth_date,"Bin [ 12, 15 )",0.09864986418026754,,176.0,0,True,Cluster 2
birth_date,"Bin [ 15, 19 )",0.10199690771243367,,488.0,0,True,Cluster 2
birth_date,"Bin [ 19, 22 )",0.10552491644276371,,862.0,0,True,Cluster 2
birth_date,"Bin [ 22, 25 )",0.10692885099241116,,1243.0,0,True,Cluster 2
birth_date,"Bin [ 25, 28 )",0.10588990986771962,,1298.0,0,True,Cluster 2
birth_date,"Bin [ 28, 32 )",0.1030680339375596,,1530.0,0,True,Cluster 2
birth_date,"Bin [ 32, 35 )",0.10278584208841286,,1017.0,0,True,Cluster 2
birth_date,"Bin [ 35, 38 )",0.10351393037120399,,970.0,0,True,Cluster 2
birth_date,"Bin [ 38, 42 )",0.11316212822595942,,1196.0,0,True,Cluster 2
birth_date,"Bin [ 42, 45 )",0.11591658905919822,,1135.0,0,True,Cluster 2
birth_date,"Bin [ 45, 48 )",0.12022117747213035,,1139.0,0,True,Cluster 2
birth_date,"Bin [ 48, 52 )",0.13631965149732744,,1542.0,0,True,Cluster 2
birth_date,"Bin [ 52, 55 )",0.15298088878493601,,1187.0,0,True,Cluster 2
birth_date,"Bin [ 55, 58 )",0.16067469071116555,,954.0,0,True,Cluster 2
birth_date,"Bin [ 58, 62 )",0.16651018693533348,,1118.0,0,True,Cluster 2
birth_date,"Bin [ 62, 65 )",0.16904232720394968,,777.0,0,True,Cluster 2
birth_date,"Bin [ 65, 68 )",0.17493687746954595,,812.0,0,True,Cluster 2
birth_date,"Bin [ 68, 71 )",0.16227302926675818,,861.0,0,True,Cluster 2
birth_date,"Bin [ 71, 75 )",0.17912633465522534,,926.0,0,True,Cluster 2
birth_date,"Bin [ 75, 78 ]",0.16593951113971825,,381.0,0,True,Cluster 2
approved_allowed_amount,"Bin [ 1500, 5825 )",0.9053640312258655,,9308.0,0,True,Cluster 1
approved_allowed_amount,"Bin [ 5825, 10150 )",0.9049316590756146,,4555.0,0,True,Cluster 1
approved_allowed_amount,"Bin [ 10150, 14475 )",0.9354463225515018,,1827.0,0,True,Cluster 1
approved_allowed_amount,"Bin [ 14475, 18800 )",0.92577149800614,,1132.0,0,True,Cluster 1
approved_allowed_amount,"Bin [ 18800, 23125 )",0.9028757978901775,,1027.0,0,True,Cluster 1
approved_allowed_amount,"Bin [ 23125, 27450 )",0.8664336374995741,,507.0,0,True,Cluster 1
approved_allowed_amount,"Bin [ 27450, 31775 )",0.8318697686075036,,317.0,0,True,Cluster 1
approved_allowed_amount,"Bin [ 31775, 36100 )",0.7845591637305915,,128.0,0,True,Cluster 1
approved_allowed_amount,"Bin [ 36100, 40425 )",0.6836932668034335,,161.0,0,True,Cluster 1
approved_allowed_amount,"Bin [ 40425, 44750 )",0.6567517710265829,,67.0,0,True,Cluster 1
approved_allowed_amount,"Bin [ 44750, 49075 )",0.641296980381012,,50.0,0,True,Cluster 1
approved_allowed_amount,"Bin [ 49075, 53400 )",0.5924311970409594,,38.0,0,True,Cluster 1
approved_allowed_amount,"Bin [ 53400, 57725 )",0.4901832386851311,,70.0,0,True,Cluster 1
approved_allowed_amount,"Bin [ 57725, 62050 )",0.40549460984766483,,32.0,0,True,Cluster 1
approved_allowed_amount,"Bin [ 62050, 66375 )",0.17194628988903377,,62.0,0,True,Cluster 1
approved_allowed_amount,"Bin [ 66375, 70700 )",0.29143547359853983,,8.0,0,True,Cluster 1
approved_allowed_amount,"Bin [ 70700, 75025 )",0.07968228096066694,,123.0,0,True,Cluster 1
approved_allowed_amount,"Bin [ 75025, 79350 )",0.15346866896884007,,11.0,0,True,Cluster 1
approved_allowed_amount,"Bin [ 79350, 83675 )",0.055213434698766675,,145.0,0,True,Cluster 1
approved_allowed_amount,"Bin [ 83675, 88000 ]",0.05481025467596048,,91.0,0,True,Cluster 1
approved_allowed_amount,"Bin [ 1500, 5825 )",0.09463596813272457,,9308.0,0,True,Cluster 2
approved_allowed_amount,"Bin [ 5825, 10150 )",0.095068339529344,,4555.0,0,True,Cluster 2
approved_allowed_amount,"Bin [ 10150, 14475 )",0.06455367991622266,,1827.0,0,True,Cluster 2
approved_allowed_amount,"Bin [ 14475, 18800 )",0.0742285016795798,,1132.0,0,True,Cluster 2
approved_allowed_amount,"Bin [ 18800, 23125 )",0.09712420050653302,,1027.0,0,True,Cluster 2
approved_allowed_amount,"Bin [ 23125, 27450 )",0.13356636138357356,,507.0,0,True,Cluster 2
approved_allowed_amount,"Bin [ 27450, 31775 )",0.16813022267273173,,317.0,0,True,Cluster 2
approved_allowed_amount,"Bin [ 31775, 36100 )",0.2154408378410153,,128.0,0,True,Cluster 2
approved_allowed_amount,"Bin [ 36100, 40425 )",0.31630672958696854,,161.0,0,True,Cluster 2
approved_allowed_amount,"Bin [ 40425, 44750 )",0.3432482278613902,,67.0,0,True,Cluster 2
approved_allowed_amount,"Bin [ 44750, 49075 )",0.35870301961898804,,50.0,0,True,Cluster 2
approved_allowed_amount,"Bin [ 49075, 53400 )",0.4075688084489421,,38.0,0,True,Cluster 2
approved_allowed_amount,"Bin [ 53400, 57725 )",0.5098167732357979,,70.0,0,True,Cluster 2
approved_allowed_amount,"Bin [ 57725, 62050 )",0.5945054003968835,,32.0,0,True,Cluster 2
approved_allowed_amount,"Bin [ 62050, 66375 )",0.8280536974630048,,62.0,0,True,Cluster 2
approved_allowed_amount,"Bin [ 66375, 70700 )",0.7085645422339439,,8.0,0,True,Cluster 2
approved_allowed_amount,"Bin [ 70700, 75025 )",0.9203177198646514,,123.0,0,True,Cluster 2
approved_allowed_amount,"Bin [ 75025, 79350 )",0.8465313423763622,,11.0,0,True,Cluster 2
approved_allowed_amount,"Bin [ 79350, 83675 )",0.9447865704010273,,145.0,0,True,Cluster 2
approved_allowed_amount,"Bin [ 83675, 88000 ]",0.9451897432515909,,91.0,0,True,Cluster 2
