Feature Name,Relative Importance,Parent Feature Name
primary_procedure_name,1.0,primary_procedure_name
claim_billed_amount,0.6828206499805339,claim_billed_amount
approved_allowed_amount,0.6735434443945121,approved_allowed_amount
net_amt,0.6614908674091694,net_amt
payment_tariff,0.6379481416720928,payment_tariff
claim_paid_amount,0.5448610155301271,claim_paid_amount
medical_service_provider_name,0.44298224951217563,medical_service_provider_name
no_of_days_stayed,0.3698120503827451,no_of_days_stayed
claim_count_pa,0.32047247088828146,claim_count_pa
birth_date,0.2243892223752355,birth_date
claim_event_tpa_id,0.1842338344379231,claim_event_tpa_id
primary_diagnosis_name,0.1312200899370301,primary_diagnosis_name
primary_diagnosis_code,0.12356635302812534,primary_diagnosis_code
type_of_public_hospital,0.10686733806602676,type_of_public_hospital
primary_procedure_code,0.07034773068414299,primary_procedure_code
tpa_name,0.06967529176842309,tpa_name
benefit_code,0.06909418149171977,benefit_code
hospital_type,0.060810062030379614,hospital_type
gender_code,0.03591869767424714,gender_code
hospital_location,0.0333214530042507,hospital_location
aspirational_district,0.025590619357015624,aspirational_district
residence_location,0.023973401201591967,residence_location
claim_status,0.022585166861590556,claim_status
category,0.022012662669292454,category
payment_denial_reason,0.01461417320648229,payment_denial_reason
claim_paid_date,0.01169730643643926,claim_paid_date
pg_dnb_teaching_hospital,0.0090191074539464,pg_dnb_teaching_hospital
claim_settlement_date,0.008540919017386076,claim_settlement_date
medical_service_provider_id,0.00834124402480693,medical_service_provider_id
claim_reported_date,0.0032467314526333627,claim_reported_date
treatment_end_date,0.0028703877474010337,treatment_end_date
treatment_start_date,0.0004457180771346172,treatment_start_date
