feature1,feature2,statistic
hospital_type,treatment_end_date,0.017885138378541506
category,claim_paid_amount,0.027919042692911296
benefit_code,claim_billed_amount,0.21138658276880112
primary_diagnosis_name,residence_location,0.03768842565355443
approved_allowed_amount,primary_diagnosis_name,0.39942283413954105
birth_date,primary_diagnosis_code,0.0909381956056878
category,medical_service_provider_id,0.07081979108496259
claim_settlement_date,gender_code,0.006253972741241507
claim_billed_amount,primary_diagnosis_name,0.39237531144914245
primary_diagnosis_name,treatment_start_date,0.06440555323655464
claim_status,payment_tariff,0.008059200925595528
claim_paid_date,tpa_name,0.022185728793772716
claim_event_tpa_id,claim_reported_date,0.008522699283717803
category,net_amt,0.032342397583020696
hospital_type,payment_tariff,0.13710717399173025
category,type_of_public_hospital,0.021617912744916364
medical_service_provider_id,tpa_name,0.2889678171770966
birth_date,claim_count_pa,0.027691089630711593
claim_event_tpa_id,gender_code,9.228076116665327e-07
claim_event_tpa_id,treatment_end_date,0.007256315105975406
birth_date,claim_paid_amount,0.04443912973497071
claim_settlement_date,no_of_days_stayed,0.04205993462854074
primary_diagnosis_name,primary_procedure_code,0.6527448433723776
claim_paid_date,treatment_start_date,0.4061739389826115
claim_paid_amount,net_amt,0.7751186406590161
claim_settlement_date,residence_location,0.061211301504513184
medical_service_provider_id,treatment_start_date,0.34986464811191165
claim_paid_date,net_amt,0.05062002211890171
claim_event_tpa_id,payment_tariff,0.010790877414016548
claim_settlement_date,treatment_end_date,0.4646714584324628
claim_count_pa,primary_diagnosis_code,0.21158389773264508
treatment_end_date,treatment_start_date,0.6037838117600561
claim_event_tpa_id,no_of_days_stayed,0.005074242785107074
hospital_type,primary_procedure_code,0.1888562949668601
category,hospital_location,0.02538052494452813
claim_settlement_date,primary_procedure_code,0.19847245863691731
claim_settlement_date,hospital_type,0.013141163348995693
net_amt,tpa_name,0.018002313776733784
claim_event_tpa_id,residence_location,0.4782299405598089
birth_date,tpa_name,0.0012994838420040103
treatment_start_date,type_of_public_hospital,0.034426518916930354
claim_event_tpa_id,claim_paid_amount,0.011370877273970221
claim_reported_date,net_amt,0.0708667351581415
benefit_code,gender_code,0.0006546460668123612
approved_allowed_amount,hospital_location,0.08963233411542941
claim_count_pa,medical_service_provider_id,0.17580283466158306
approved_allowed_amount,claim_settlement_date,0.04842996678795401
claim_status,no_of_days_stayed,0.071689881996075
claim_billed_amount,hospital_location,0.08955387716680595
benefit_code,claim_count_pa,0.10918787979933825
approved_allowed_amount,claim_reported_date,0.06454463914124786
hospital_location,treatment_start_date,0.07551407828764715
primary_diagnosis_name,treatment_end_date,0.06514963858288049
gender_code,hospital_type,0.03341932417611987
primary_procedure_code,treatment_start_date,0.2473393196117779
claim_count_pa,type_of_public_hospital,0.09026279488971509
hospital_type,residence_location,0.01912938682463014
payment_tariff,treatment_end_date,0.03866774186882258
claim_count_pa,gender_code,0.02481499081294879
category,claim_reported_date,0.029931010508127097
claim_reported_date,hospital_location,0.08634857171645353
birth_date,treatment_end_date,0.06533154468112479
hospital_type,net_amt,0.16927975776514098
claim_billed_amount,claim_paid_date,0.05623803307365199
category,claim_billed_amount,0.03231273769514186
claim_paid_amount,primary_diagnosis_code,0.3459633889023093
claim_status,primary_procedure_code,0.05701878147989323
claim_billed_amount,net_amt,0.782892237750904
category,claim_paid_date,0.02284141369665903
claim_event_tpa_id,primary_diagnosis_name,0.013276872828410434
gender_code,tpa_name,9.228076116665327e-07
benefit_code,tpa_name,0.013745426089254859
category,primary_procedure_code,0.058055791348676375
category,primary_diagnosis_name,0.03349476146003304
benefit_code,primary_diagnosis_code,0.6091711469097383
birth_date,primary_diagnosis_name,0.09821218498162265
gender_code,primary_diagnosis_code,0.09282925990694162
claim_status,tpa_name,0.0025796483437501815
claim_paid_date,payment_tariff,0.025511260525229604
benefit_code,primary_procedure_code,0.41252925829530585
net_amt,residence_location,0.04274447980904604
benefit_code,claim_paid_date,0.008417315397673403
birth_date,net_amt,0.04783883407486829
no_of_days_stayed,primary_procedure_code,0.25083535666645984
medical_service_provider_id,payment_tariff,0.21919952381552213
medical_service_provider_id,primary_diagnosis_name,0.2693288071678346
primary_procedure_code,type_of_public_hospital,0.2062146813071452
claim_event_tpa_id,primary_procedure_code,0.04407237883263141
claim_count_pa,claim_status,0.008323440401534585
claim_settlement_date,primary_diagnosis_code,0.04403342956399525
payment_tariff,treatment_start_date,0.039904187035574634
net_amt,no_of_days_stayed,0.21453208888413913
claim_count_pa,claim_paid_amount,0.19792101085632957
claim_paid_date,treatment_end_date,0.4550147880449306
claim_settlement_date,net_amt,0.0539877326403983
approved_allowed_amount,type_of_public_hospital,0.14997698110642188
hospital_location,treatment_end_date,0.07413205858973701
claim_event_tpa_id,medical_service_provider_id,0.2889678171770966
medical_service_provider_id,no_of_days_stayed,0.1822927028761845
claim_paid_date,claim_reported_date,0.557411386614642
claim_event_tpa_id,type_of_public_hospital,0.009359228806468015
medical_service_provider_id,treatment_end_date,0.3516606931106203
claim_paid_date,claim_settlement_date,0.9651611164554139
category,gender_code,0.014431766289960846
category,residence_location,0.02624502370685028
claim_paid_date,hospital_location,0.06288045596948284
claim_paid_date,no_of_days_stayed,0.03646123479900609
claim_paid_amount,claim_reported_date,0.07631661227151833
claim_count_pa,hospital_type,0.12245870645486545
claim_count_pa,net_amt,0.2167368491772832
residence_location,treatment_end_date,0.06938146261035334
claim_reported_date,primary_procedure_code,0.24602951185318406
benefit_code,hospital_type,0.02486773619265711
claim_reported_date,primary_diagnosis_name,0.06490199454437182
payment_tariff,primary_diagnosis_name,0.5162989162284091
primary_diagnosis_code,primary_procedure_code,0.6771976322057004
claim_event_tpa_id,claim_paid_date,0.022185728793772716
claim_paid_amount,claim_status,0.2004740174614532
hospital_type,tpa_name,0.0024665603677162325
claim_paid_amount,payment_tariff,0.4383225458252659
birth_date,no_of_days_stayed,0.01765249733298871
gender_code,residence_location,0.0021499163184071773
claim_status,type_of_public_hospital,0.018549643968038765
claim_count_pa,tpa_name,0.004184493523325969
birth_date,hospital_location,0.016598303039145307
tpa_name,type_of_public_hospital,0.009359228806468015
claim_reported_date,claim_status,0.10972216220763367
claim_paid_amount,primary_procedure_code,0.4402523908484392
approved_allowed_amount,benefit_code,0.20562299986773294
claim_status,primary_diagnosis_code,0.018552164179887587
claim_billed_amount,hospital_type,0.18799735829309192
approved_allowed_amount,no_of_days_stayed,0.2127821020615402
no_of_days_stayed,treatment_start_date,0.051578682609373185
claim_billed_amount,treatment_end_date,0.08410388399635571
claim_reported_date,tpa_name,0.008522699283717804
primary_diagnosis_code,residence_location,0.035010977583966124
claim_event_tpa_id,treatment_start_date,0.007971611486214525
birth_date,gender_code,0.01831183377979869
benefit_code,residence_location,0.01595379870448667
claim_event_tpa_id,claim_status,0.0025796483437501815
claim_reported_date,gender_code,0.006655410865166899
claim_reported_date,residence_location,0.0776715004527376
claim_billed_amount,claim_paid_amount,0.7131310334399986
gender_code,type_of_public_hospital,0.026939301708688954
claim_count_pa,primary_procedure_code,0.25644370026814106
no_of_days_stayed,tpa_name,0.005074242785107074
claim_reported_date,treatment_start_date,0.5070416650270464
claim_paid_amount,primary_diagnosis_name,0.33843809346870385
claim_paid_amount,residence_location,0.03602066769639307
gender_code,payment_tariff,0.0516592792618854
category,no_of_days_stayed,0.022679296579462528
claim_settlement_date,claim_status,0.16201428216228417
claim_event_tpa_id,primary_diagnosis_code,0.013868641319957716
claim_paid_date,medical_service_provider_id,0.2944185151874115
claim_billed_amount,claim_event_tpa_id,0.016374483587593
claim_paid_date,primary_diagnosis_name,0.04558613688794009
approved_allowed_amount,payment_tariff,0.4926067592683658
hospital_location,primary_diagnosis_name,0.07325821288346575
claim_paid_amount,type_of_public_hospital,0.12035088457098561
benefit_code,primary_diagnosis_name,0.6097870474819312
claim_billed_amount,treatment_start_date,0.07369050013160083
gender_code,net_amt,0.04754616874699628
category,claim_status,0.0023330317131563037
benefit_code,claim_paid_amount,0.17513835216630302
net_amt,treatment_start_date,0.06969644472852915
benefit_code,claim_status,0.00633076948744732
birth_date,claim_billed_amount,0.051369134290863434
category,tpa_name,0.01947213963762067
primary_diagnosis_code,type_of_public_hospital,0.1415320231017887
residence_location,treatment_start_date,0.07145275591780201
claim_count_pa,claim_paid_date,0.02937988084410214
benefit_code,claim_settlement_date,0.009998012570535366
claim_billed_amount,payment_tariff,0.47716511109564036
approved_allowed_amount,claim_paid_date,0.044684563583356485
claim_count_pa,residence_location,0.02476571131206012
payment_tariff,type_of_public_hospital,0.13225540107532727
claim_status,gender_code,0.0016912919666299793
category,treatment_start_date,0.02996410808612531
claim_reported_date,no_of_days_stayed,0.057916705560058575
hospital_location,medical_service_provider_id,0.7331655761996233
primary_diagnosis_code,tpa_name,0.013868641319957725
claim_billed_amount,claim_settlement_date,0.06276394309464885
birth_date,claim_status,0.0029988287654939905
hospital_type,type_of_public_hospital,0.5679338831548213
claim_count_pa,hospital_location,0.04818455727297311
claim_event_tpa_id,claim_settlement_date,0.023283446004143196
category,claim_count_pa,0.034758367337795526
claim_paid_amount,medical_service_provider_id,0.2608833862731828
birth_date,claim_event_tpa_id,0.0012994838420040103
residence_location,type_of_public_hospital,0.0756450452825256
claim_paid_date,type_of_public_hospital,0.032408831280900954
gender_code,primary_procedure_code,0.10093185153672304
claim_paid_amount,tpa_name,0.011370877273970221
hospital_type,medical_service_provider_id,0.3539032590104721
claim_settlement_date,primary_diagnosis_name,0.049026607521816624
approved_allowed_amount,treatment_end_date,0.06293405108962241
claim_status,residence_location,0.005544063356592838
medical_service_provider_id,type_of_public_hospital,0.4965874440343914
claim_paid_amount,gender_code,0.04353461246580666
hospital_location,tpa_name,0.35430343157519806
hospital_type,primary_diagnosis_code,0.13933110523988118
approved_allowed_amount,primary_procedure_code,0.5091414720256804
category,hospital_type,0.03372346426866769
approved_allowed_amount,claim_count_pa,0.21512199809329052
net_amt,primary_procedure_code,0.48711439681930835
no_of_days_stayed,residence_location,0.018390653833481353
claim_paid_amount,claim_paid_date,0.1102395862102443
claim_status,hospital_type,0.010552625904383894
primary_procedure_code,treatment_end_date,0.24665772082250056
primary_procedure_code,residence_location,0.13646984021369377
no_of_days_stayed,treatment_end_date,0.06982517028769282
approved_allowed_amount,treatment_start_date,0.06454403016996327
hospital_location,type_of_public_hospital,0.17892585437817546
claim_count_pa,claim_settlement_date,0.03209515550803457
claim_status,treatment_end_date,0.10523920579670883
hospital_location,net_amt,0.08509028604318608
birth_date,type_of_public_hospital,0.038044677271657175
approved_allowed_amount,residence_location,0.043935704505572236
approved_allowed_amount,birth_date,0.05030998728606203
birth_date,claim_settlement_date,0.04454899544542662
approved_allowed_amount,medical_service_provider_id,0.3062679170967048
benefit_code,claim_event_tpa_id,0.013745426089254859
approved_allowed_amount,tpa_name,0.016660319442075435
claim_reported_date,claim_settlement_date,0.5671804298547112
claim_event_tpa_id,hospital_type,0.0024665603677162325
benefit_code,net_amt,0.18061140028350536
claim_count_pa,payment_tariff,0.2812548142128347
hospital_location,primary_diagnosis_code,0.06856942275834398
claim_count_pa,primary_diagnosis_name,0.22330209229043785
claim_status,primary_diagnosis_name,0.021456374417298123
category,primary_diagnosis_code,0.032278292328532694
gender_code,hospital_location,0.008047860196877974
claim_reported_date,hospital_type,0.023475363639754776
hospital_type,no_of_days_stayed,0.08029309706135697
claim_reported_date,payment_tariff,0.03658545133563742
claim_settlement_date,hospital_location,0.0680106200531466
payment_tariff,tpa_name,0.010790877414016548
claim_billed_amount,no_of_days_stayed,0.23154142116592505
approved_allowed_amount,claim_billed_amount,0.9205660391193108
claim_count_pa,treatment_end_date,0.0432202237449961
primary_diagnosis_name,tpa_name,0.013276872828410441
claim_count_pa,treatment_start_date,0.04583956309815938
medical_service_provider_id,primary_diagnosis_code,0.2587952384009501
no_of_days_stayed,payment_tariff,0.21274617120591002
claim_count_pa,claim_event_tpa_id,0.004184493523325969
birth_date,hospital_type,0.040847158699539435
medical_service_provider_id,primary_procedure_code,0.4350293555735555
net_amt,primary_diagnosis_code,0.38250221034316667
claim_paid_date,primary_diagnosis_code,0.040933596651953105
approved_allowed_amount,gender_code,0.0482472775148335
claim_billed_amount,claim_count_pa,0.21818291240698356
claim_billed_amount,primary_procedure_code,0.5006732848663924
category,claim_settlement_date,0.024356264273216553
benefit_code,claim_reported_date,0.011511585457373005
primary_diagnosis_name,type_of_public_hospital,0.14805388221468962
claim_billed_amount,primary_diagnosis_code,0.3982161699507637
claim_settlement_date,payment_tariff,0.02761015765265328
no_of_days_stayed,primary_diagnosis_name,0.17026227477660577
gender_code,no_of_days_stayed,0.017688302375572538
claim_reported_date,primary_diagnosis_code,0.058824021175708764
primary_procedure_code,tpa_name,0.0440723788326314
claim_paid_amount,treatment_end_date,0.07028402282230117
payment_tariff,primary_diagnosis_code,0.5704051630346977
benefit_code,category,0.014927617276831274
claim_billed_amount,claim_reported_date,0.08972528527343278
birth_date,claim_paid_date,0.03941982192788318
category,payment_tariff,0.03879942482449115
hospital_location,payment_tariff,0.05390487912018006
hospital_location,no_of_days_stayed,0.03193209618911278
net_amt,primary_diagnosis_name,0.3812908965391412
birth_date,treatment_start_date,0.06757412055528302
claim_status,hospital_location,0.013370399705613519
claim_billed_amount,tpa_name,0.016374483587593
claim_reported_date,treatment_end_date,0.6278020185724279
approved_allowed_amount,claim_paid_amount,0.6874578501356395
claim_paid_amount,hospital_location,0.07165570738841295
benefit_code,treatment_end_date,0.011958359947536178
claim_event_tpa_id,tpa_name,1.0
gender_code,primary_diagnosis_name,0.10166297492084159
benefit_code,no_of_days_stayed,0.06579890661106724
primary_diagnosis_code,treatment_end_date,0.05950630166769023
claim_billed_amount,residence_location,0.04392849602493378
claim_billed_amount,claim_status,0.07698255787835225
approved_allowed_amount,hospital_type,0.1683950688989477
approved_allowed_amount,primary_diagnosis_code,0.40432647695081414
no_of_days_stayed,primary_diagnosis_code,0.17042438723395775
claim_paid_amount,claim_settlement_date,0.08982637244600347
benefit_code,hospital_location,0.025177290699400532
net_amt,payment_tariff,0.4730384111853128
claim_settlement_date,type_of_public_hospital,0.03491057741272674
category,claim_event_tpa_id,0.01947213963762067
claim_status,treatment_start_date,0.057073199159686366
payment_tariff,primary_procedure_code,0.6076480729236986
no_of_days_stayed,type_of_public_hospital,0.06119901224656361
gender_code,treatment_end_date,0.00710208479539271
primary_diagnosis_code,primary_diagnosis_name,0.9113213928974709
claim_event_tpa_id,hospital_location,0.3543034315751981
claim_status,medical_service_provider_id,0.06909868418445686
hospital_type,primary_diagnosis_name,0.14683050604594552
treatment_end_date,type_of_public_hospital,0.03421102691228779
benefit_code,type_of_public_hospital,0.023867052213143673
benefit_code,medical_service_provider_id,0.10660182775838505
approved_allowed_amount,claim_event_tpa_id,0.016660319442075435
claim_paid_date,hospital_type,0.012135105657581797
birth_date,claim_reported_date,0.061963612334731015
category,treatment_end_date,0.029844969921191455
tpa_name,treatment_end_date,0.007256315105975406
claim_paid_date,primary_procedure_code,0.19038596679748035
tpa_name,treatment_start_date,0.007971611486214525
medical_service_provider_id,residence_location,0.5573132943481981
approved_allowed_amount,claim_status,0.015730908096849357
residence_location,tpa_name,0.4782299405598089
claim_paid_amount,hospital_type,0.14388021014062016
hospital_location,residence_location,0.6595405207804498
claim_billed_amount,type_of_public_hospital,0.1587681624236797
claim_paid_date,residence_location,0.05576775850035746
birth_date,category,0.021623468918439713
gender_code,medical_service_provider_id,0.04266721281526685
claim_count_pa,claim_reported_date,0.041611887805816095
birth_date,payment_tariff,0.05397370201351648
claim_paid_amount,no_of_days_stayed,0.21461784383041901
claim_settlement_date,treatment_start_date,0.4152009113337279
medical_service_provider_id,net_amt,0.29718575052514135
benefit_code,payment_tariff,0.3279683610534607
claim_billed_amount,medical_service_provider_id,0.31296493076861787
net_amt,treatment_end_date,0.06811039596132536
primary_diagnosis_code,treatment_start_date,0.05979616754141886
gender_code,treatment_start_date,0.008384507465021859
claim_reported_date,medical_service_provider_id,0.37468762637401964
birth_date,primary_procedure_code,0.15752294312097173
benefit_code,treatment_start_date,0.010963425516877076
claim_event_tpa_id,net_amt,0.01800231377673378
hospital_location,primary_procedure_code,0.17259580798469126
claim_settlement_date,medical_service_provider_id,0.3022997190281642
claim_settlement_date,tpa_name,0.023283446004143196
claim_paid_date,claim_status,0.1961720874591865
benefit_code,birth_date,0.01606981146334929
claim_billed_amount,gender_code,0.053775953929063876
claim_paid_date,gender_code,0.004665024746220359
claim_reported_date,type_of_public_hospital,0.04338151704264553
claim_paid_amount,treatment_start_date,0.06336096697354532
hospital_location,hospital_type,0.05753425921158574
birth_date,medical_service_provider_id,0.1475130061838679
approved_allowed_amount,net_amt,0.8004477263324075
birth_date,residence_location,0.011670028817059336
claim_count_pa,no_of_days_stayed,0.18900039187011547
claim_status,net_amt,0.01946588175902154
approved_allowed_amount,category,0.03198999277777745
net_amt,type_of_public_hospital,0.14842709446076327
hospital_type,treatment_start_date,0.01875890204984865
payment_tariff,residence_location,0.022939997140011714
approved_allowed_amount,approved_allowed_amount,1
benefit_code,benefit_code,1
birth_date,birth_date,1
category,category,1
claim_billed_amount,claim_billed_amount,1
claim_count_pa,claim_count_pa,1
claim_event_tpa_id,claim_event_tpa_id,1
claim_paid_amount,claim_paid_amount,1
claim_paid_date,claim_paid_date,1
claim_reported_date,claim_reported_date,1
claim_settlement_date,claim_settlement_date,1
claim_status,claim_status,1
gender_code,gender_code,1
hospital_location,hospital_location,1
hospital_type,hospital_type,1
medical_service_provider_id,medical_service_provider_id,1
net_amt,net_amt,1
no_of_days_stayed,no_of_days_stayed,1
payment_tariff,payment_tariff,1
primary_diagnosis_code,primary_diagnosis_code,1
primary_diagnosis_name,primary_diagnosis_name,1
primary_procedure_code,primary_procedure_code,1
residence_location,residence_location,1
tpa_name,tpa_name,1
treatment_end_date,treatment_end_date,1
treatment_start_date,treatment_start_date,1
type_of_public_hospital,type_of_public_hospital,1
