Feature Name,Feature Value,Partial Dependence,Feature Omitted Data [%],Feature Plot Data is Capped,Class
claim_billed_amount,Bin 0,0.8853709697723389,0,True,Cluster 1
claim_billed_amount,Bin 1000,0.8850195407867432,0,True,Cluster 1
claim_billed_amount,Bin 1500,0.8848403692245483,0,True,Cluster 1
claim_billed_amount,Bin 1700,0.8847691416740417,0,True,Cluster 1
claim_billed_amount,Bin 1800,0.8847326636314392,0,True,Cluster 1
claim_billed_amount,Bin 1980,0.8846668601036072,0,True,Cluster 1
claim_billed_amount,Bin 2000,0.8846594095230103,0,True,Cluster 1
claim_billed_amount,Bin 2200,0.88458651304245,0,True,Cluster 1
claim_billed_amount,Bin 2300,0.8845497369766235,0,True,Cluster 1
claim_billed_amount,Bin 2400,0.8845127820968628,0,True,Cluster 1
claim_billed_amount,Bin 3000,0.8842900395393372,0,True,Cluster 1
claim_billed_amount,Bin 3600,0.8840641975402832,0,True,Cluster 1
claim_billed_amount,Bin 4000,0.8839112520217896,0,True,Cluster 1
claim_billed_amount,Bin 5000,0.88352370262146,0,True,Cluster 1
claim_billed_amount,Bin 5400,0.88336580991745,0,True,Cluster 1
claim_billed_amount,Bin 5940,0.8831504583358765,0,True,Cluster 1
claim_billed_amount,Bin 7000,0.8827192187309265,0,True,Cluster 1
claim_billed_amount,Bin 7200,0.882636547088623,0,True,Cluster 1
claim_billed_amount,Bin 7500,0.8825120329856873,0,True,Cluster 1
claim_billed_amount,Bin 8000,0.8823027014732361,0,True,Cluster 1
claim_billed_amount,Bin 9000,0.8818762302398682,0,True,Cluster 1
claim_billed_amount,Bin 10000,0.8814399242401123,0,True,Cluster 1
claim_billed_amount,Bin 10800,0.8810831308364868,0,True,Cluster 1
claim_billed_amount,Bin 11880,0.8805931806564331,0,True,Cluster 1
claim_billed_amount,Bin 12420,0.8803438544273376,0,True,Cluster 1
claim_billed_amount,Bin 13860,0.8796632885932922,0,True,Cluster 1
claim_billed_amount,Bin 15000,0.8791073560714722,0,True,Cluster 1
claim_billed_amount,Bin 16200,0.8785101175308228,0,True,Cluster 1
claim_billed_amount,Bin 17000,0.8781034350395203,0,True,Cluster 1
claim_billed_amount,Bin 18000,0.8775848746299744,0,True,Cluster 1
claim_billed_amount,Bin 19800,0.876625657081604,0,True,Cluster 1
claim_billed_amount,Bin 20000,0.8765169382095337,0,True,Cluster 1
claim_billed_amount,Bin 21600,0.8756315112113953,0,True,Cluster 1
claim_billed_amount,Bin 22000,0.8754050135612488,0,True,Cluster 1
claim_billed_amount,Bin 24840,0.8737506866455078,0,True,Cluster 1
claim_billed_amount,Bin 25000,0.8736541867256165,0,True,Cluster 1
claim_billed_amount,Bin 28000,0.8718004822731018,0,True,Cluster 1
claim_billed_amount,Bin 30600,0.8701104521751404,0,True,Cluster 1
claim_billed_amount,Bin 37800,0.8650058507919312,0,True,Cluster 1
claim_billed_amount,Bin 45540,0.858792781829834,0,True,Cluster 1
claim_billed_amount,Bin 65000,0.8395816087722778,0,True,Cluster 1
claim_billed_amount,Bin 80000,0.8209752440452576,0,True,Cluster 1
claim_billed_amount,Bin nan,0.882636547088623,0,True,Cluster 1
claim_billed_amount,Bin 0,0.1146293580532074,0,True,Cluster 2
claim_billed_amount,Bin 1000,0.11498037725687027,0,True,Cluster 2
claim_billed_amount,Bin 1500,0.11515927314758301,0,True,Cluster 2
claim_billed_amount,Bin 1700,0.11523162573575974,0,True,Cluster 2
claim_billed_amount,Bin 1800,0.11526770144701004,0,True,Cluster 2
claim_billed_amount,Bin 1980,0.1153332069516182,0,True,Cluster 2
claim_billed_amount,Bin 2000,0.11534050107002258,0,True,Cluster 2
claim_billed_amount,Bin 2200,0.11541365832090378,0,True,Cluster 2
claim_billed_amount,Bin 2300,0.11545034497976303,0,True,Cluster 2
claim_billed_amount,Bin 2400,0.11548721790313721,0,True,Cluster 2
claim_billed_amount,Bin 3000,0.1157098338007927,0,True,Cluster 2
claim_billed_amount,Bin 3600,0.11593569815158844,0,True,Cluster 2
claim_billed_amount,Bin 4000,0.11608842015266418,0,True,Cluster 2
claim_billed_amount,Bin 5000,0.11647626757621765,0,True,Cluster 2
claim_billed_amount,Bin 5400,0.11663422733545303,0,True,Cluster 2
claim_billed_amount,Bin 5940,0.11684970557689667,0,True,Cluster 2
claim_billed_amount,Bin 7000,0.1172807440161705,0,True,Cluster 2
claim_billed_amount,Bin 7200,0.11736325919628143,0,True,Cluster 2
claim_billed_amount,Bin 7500,0.11748780310153961,0,True,Cluster 2
claim_billed_amount,Bin 8000,0.11769743263721466,0,True,Cluster 2
claim_billed_amount,Bin 9000,0.11812373250722885,0,True,Cluster 2
claim_billed_amount,Bin 10000,0.11855992674827576,0,True,Cluster 2
claim_billed_amount,Bin 10800,0.11891592293977737,0,True,Cluster 2
claim_billed_amount,Bin 11880,0.11940691620111465,0,True,Cluster 2
claim_billed_amount,Bin 12420,0.11965671181678772,0,True,Cluster 2
claim_billed_amount,Bin 13860,0.12033750116825104,0,True,Cluster 2
claim_billed_amount,Bin 15000,0.12089154869318008,0,True,Cluster 2
claim_billed_amount,Bin 16200,0.1214892566204071,0,True,Cluster 2
claim_billed_amount,Bin 17000,0.12189625203609467,0,True,Cluster 2
claim_billed_amount,Bin 18000,0.12241440266370773,0,True,Cluster 2
claim_billed_amount,Bin 19800,0.12337402254343033,0,True,Cluster 2
claim_billed_amount,Bin 20000,0.12348282337188721,0,True,Cluster 2
claim_billed_amount,Bin 21600,0.12436886876821518,0,True,Cluster 2
claim_billed_amount,Bin 22000,0.12459482997655869,0,True,Cluster 2
claim_billed_amount,Bin 24840,0.12624996900558472,0,True,Cluster 2
claim_billed_amount,Bin 25000,0.12634579837322235,0,True,Cluster 2
claim_billed_amount,Bin 28000,0.12819889187812805,0,True,Cluster 2
claim_billed_amount,Bin 30600,0.1298893243074417,0,True,Cluster 2
claim_billed_amount,Bin 37800,0.1349940448999405,0,True,Cluster 2
claim_billed_amount,Bin 45540,0.1412070393562317,0,True,Cluster 2
claim_billed_amount,Bin 65000,0.16041822731494904,0,True,Cluster 2
claim_billed_amount,Bin 80000,0.17902542650699615,0,True,Cluster 2
claim_billed_amount,Bin nan,0.11736325919628143,0,True,Cluster 2
approved_allowed_amount,Bin 1700,0.8851449489593506,0,True,Cluster 1
approved_allowed_amount,Bin 1800,0.8851089477539062,0,True,Cluster 1
approved_allowed_amount,Bin 1980,0.8850429654121399,0,True,Cluster 1
approved_allowed_amount,Bin 2000,0.8850365877151489,0,True,Cluster 1
approved_allowed_amount,Bin 2178,0.8849729895591736,0,True,Cluster 1
approved_allowed_amount,Bin 2200,0.8849648237228394,0,True,Cluster 1
approved_allowed_amount,Bin 2300,0.8849287033081055,0,True,Cluster 1
approved_allowed_amount,Bin 2400,0.8848921656608582,0,True,Cluster 1
approved_allowed_amount,Bin 2420,0.8848844170570374,0,True,Cluster 1
approved_allowed_amount,Bin 3000,0.8846714496612549,0,True,Cluster 1
approved_allowed_amount,Bin 3600,0.8844478726387024,0,True,Cluster 1
approved_allowed_amount,Bin 4140,0.8842440247535706,0,True,Cluster 1
approved_allowed_amount,Bin 5000,0.8839133381843567,0,True,Cluster 1
approved_allowed_amount,Bin 5400,0.8837583065032959,0,True,Cluster 1
approved_allowed_amount,Bin 5940,0.8835446238517761,0,True,Cluster 1
approved_allowed_amount,Bin 7000,0.8831188678741455,0,True,Cluster 1
approved_allowed_amount,Bin 7200,0.8830368518829346,0,True,Cluster 1
approved_allowed_amount,Bin 7500,0.8829140663146973,0,True,Cluster 1
approved_allowed_amount,Bin 7920,0.8827394843101501,0,True,Cluster 1
approved_allowed_amount,Bin 8280,0.8825896978378296,0,True,Cluster 1
approved_allowed_amount,Bin 9000,0.8822851777076721,0,True,Cluster 1
approved_allowed_amount,Bin 10000,0.8818542957305908,0,True,Cluster 1
approved_allowed_amount,Bin 10800,0.8815019130706787,0,True,Cluster 1
approved_allowed_amount,Bin 11700,0.8810986876487732,0,True,Cluster 1
approved_allowed_amount,Bin 12000,0.8809621930122375,0,True,Cluster 1
approved_allowed_amount,Bin 13500,0.8802677989006042,0,True,Cluster 1
approved_allowed_amount,Bin 14490,0.8797978162765503,0,True,Cluster 1
approved_allowed_amount,Bin 15000,0.8795508146286011,0,True,Cluster 1
approved_allowed_amount,Bin 16000,0.8790598511695862,0,True,Cluster 1
approved_allowed_amount,Bin 16500,0.878811240196228,0,True,Cluster 1
approved_allowed_amount,Bin 17600,0.8782535791397095,0,True,Cluster 1
approved_allowed_amount,Bin 19000,0.8775253891944885,0,True,Cluster 1
approved_allowed_amount,Bin 20000,0.8769927620887756,0,True,Cluster 1
approved_allowed_amount,Bin 20700,0.8766133189201355,0,True,Cluster 1
approved_allowed_amount,Bin 21600,0.8761186599731445,0,True,Cluster 1
approved_allowed_amount,Bin 23400,0.875101625919342,0,True,Cluster 1
approved_allowed_amount,Bin 25000,0.874168336391449,0,True,Cluster 1
approved_allowed_amount,Bin 25300,0.8739901781082153,0,True,Cluster 1
approved_allowed_amount,Bin 28800,0.8718354105949402,0,True,Cluster 1
approved_allowed_amount,Bin 32085,0.8696874976158142,0,True,Cluster 1
approved_allowed_amount,Bin 39600,0.8642878532409668,0,True,Cluster 1
approved_allowed_amount,Bin 49450.500000000466,0.8561405539512634,0,True,Cluster 1
approved_allowed_amount,Bin 66000,0.8395143747329712,0,True,Cluster 1
approved_allowed_amount,Bin 80000,0.8223502039909363,0,True,Cluster 1
approved_allowed_amount,Bin nan,0.8830368518829346,0,True,Cluster 1
approved_allowed_amount,Bin 1700,0.11485551297664642,0,True,Cluster 2
approved_allowed_amount,Bin 1800,0.11489127576351166,0,True,Cluster 2
approved_allowed_amount,Bin 1980,0.1149560883641243,0,True,Cluster 2
approved_allowed_amount,Bin 2000,0.11496321856975555,0,True,Cluster 2
approved_allowed_amount,Bin 2178,0.11502768099308014,0,True,Cluster 2
approved_allowed_amount,Bin 2200,0.11503561586141586,0,True,Cluster 2
approved_allowed_amount,Bin 2300,0.11507194489240646,0,True,Cluster 2
approved_allowed_amount,Bin 2400,0.11510831862688065,0,True,Cluster 2
approved_allowed_amount,Bin 2420,0.11511556059122086,0,True,Cluster 2
approved_allowed_amount,Bin 3000,0.11532854288816452,0,True,Cluster 2
approved_allowed_amount,Bin 3600,0.11555220186710358,0,True,Cluster 2
approved_allowed_amount,Bin 4140,0.11575604230165482,0,True,Cluster 2
approved_allowed_amount,Bin 5000,0.11608653515577316,0,True,Cluster 2
approved_allowed_amount,Bin 5400,0.11624257266521454,0,True,Cluster 2
approved_allowed_amount,Bin 5940,0.11645549535751343,0,True,Cluster 2
approved_allowed_amount,Bin 7000,0.11688171327114105,0,True,Cluster 2
approved_allowed_amount,Bin 7200,0.11696328967809677,0,True,Cluster 2
approved_allowed_amount,Bin 7500,0.11708631366491318,0,True,Cluster 2
approved_allowed_amount,Bin 7920,0.11726010590791702,0,True,Cluster 2
approved_allowed_amount,Bin 8280,0.11741042882204056,0,True,Cluster 2
approved_allowed_amount,Bin 9000,0.1177147775888443,0,True,Cluster 2
approved_allowed_amount,Bin 10000,0.11814586818218231,0,True,Cluster 2
approved_allowed_amount,Bin 10800,0.11849760264158249,0,True,Cluster 2
approved_allowed_amount,Bin 11700,0.11890097707509995,0,True,Cluster 2
approved_allowed_amount,Bin 12000,0.11903718113899231,0,True,Cluster 2
approved_allowed_amount,Bin 13500,0.11973172426223755,0,True,Cluster 2
approved_allowed_amount,Bin 14490,0.1202024295926094,0,True,Cluster 2
approved_allowed_amount,Bin 15000,0.12044881284236908,0,True,Cluster 2
approved_allowed_amount,Bin 16000,0.12093977630138397,0,True,Cluster 2
approved_allowed_amount,Bin 16500,0.12118901312351227,0,True,Cluster 2
approved_allowed_amount,Bin 17600,0.1217464879155159,0,True,Cluster 2
approved_allowed_amount,Bin 19000,0.12247449904680252,0,True,Cluster 2
approved_allowed_amount,Bin 20000,0.12300700694322586,0,True,Cluster 2
approved_allowed_amount,Bin 20700,0.12338613718748093,0,True,Cluster 2
approved_allowed_amount,Bin 21600,0.12388137727975845,0,True,Cluster 2
approved_allowed_amount,Bin 23400,0.12489814311265945,0,True,Cluster 2
approved_allowed_amount,Bin 25000,0.12583178281784058,0,True,Cluster 2
approved_allowed_amount,Bin 25300,0.12600986659526825,0,True,Cluster 2
approved_allowed_amount,Bin 28800,0.12816384434700012,0,True,Cluster 2
approved_allowed_amount,Bin 32085,0.13031314313411713,0,True,Cluster 2
approved_allowed_amount,Bin 39600,0.13571234047412872,0,True,Cluster 2
approved_allowed_amount,Bin 49450.500000000466,0.14385873079299927,0,True,Cluster 2
approved_allowed_amount,Bin 66000,0.16048593819141388,0,True,Cluster 2
approved_allowed_amount,Bin 80000,0.17764998972415924,0,True,Cluster 2
approved_allowed_amount,Bin nan,0.11696328967809677,0,True,Cluster 2
net_amt,Bin 1000,0.8853147625923157,0,True,Cluster 1
net_amt,Bin 1330,0.8851947784423828,0,True,Cluster 1
net_amt,Bin 1615,0.8850915431976318,0,True,Cluster 1
net_amt,Bin 1700,0.8850600719451904,0,True,Cluster 1
net_amt,Bin 1725,0.8850507140159607,0,True,Cluster 1
net_amt,Bin 1800,0.8850225806236267,0,True,Cluster 1
net_amt,Bin 2000,0.8849495649337769,0,True,Cluster 1
net_amt,Bin 2200,0.8848758339881897,0,True,Cluster 1
net_amt,Bin 2300,0.8848374485969543,0,True,Cluster 1
net_amt,Bin 2400,0.8848007321357727,0,True,Cluster 1
net_amt,Bin 2420,0.8847931027412415,0,True,Cluster 1
net_amt,Bin 3000,0.8845745325088501,0,True,Cluster 1
net_amt,Bin 3600,0.8843459486961365,0,True,Cluster 1
net_amt,Bin 3960,0.8842058777809143,0,True,Cluster 1
net_amt,Bin 4600,0.8839559555053711,0,True,Cluster 1
net_amt,Bin 5000,0.8837966918945312,0,True,Cluster 1
net_amt,Bin 5215,0.8837112188339233,0,True,Cluster 1
net_amt,Bin 5400,0.8836374282836914,0,True,Cluster 1
net_amt,Bin 5750,0.8834949135780334,0,True,Cluster 1
net_amt,Bin 6210,0.8833078145980835,0,True,Cluster 1
net_amt,Bin 7200,0.8828974962234497,0,True,Cluster 1
net_amt,Bin 7315,0.8828482627868652,0,True,Cluster 1
net_amt,Bin 7500,0.8827711939811707,0,True,Cluster 1
net_amt,Bin 7920,0.8825929760932922,0,True,Cluster 1
net_amt,Bin 8625,0.8822888731956482,0,True,Cluster 1
net_amt,Bin 9000,0.8821261525154114,0,True,Cluster 1
net_amt,Bin 10000,0.8816829919815063,0,True,Cluster 1
net_amt,Bin 10615,0.8814053535461426,0,True,Cluster 1
net_amt,Bin 10800,0.8813212513923645,0,True,Cluster 1
net_amt,Bin 11700,0.8809076547622681,0,True,Cluster 1
net_amt,Bin 12420,0.8805690407752991,0,True,Cluster 1
net_amt,Bin 13500,0.880052924156189,0,True,Cluster 1
net_amt,Bin 14815,0.8794068098068237,0,True,Cluster 1
net_amt,Bin 15000,0.8793148994445801,0,True,Cluster 1
net_amt,Bin 16000,0.878810703754425,0,True,Cluster 1
net_amt,Bin 16560,0.8785223364830017,0,True,Cluster 1
net_amt,Bin 18000,0.8777677416801453,0,True,Cluster 1
net_amt,Bin 19800,0.8767926096916199,0,True,Cluster 1
net_amt,Bin 20000,0.8766819834709167,0,True,Cluster 1
net_amt,Bin 21600,0.8757805824279785,0,True,Cluster 1
net_amt,Bin 23400,0.8747333884239197,0,True,Cluster 1
net_amt,Bin 25000,0.8737712502479553,0,True,Cluster 1
net_amt,Bin 27315,0.8723264932632446,0,True,Cluster 1
net_amt,Bin 30000,0.8705710768699646,0,True,Cluster 1
net_amt,Bin 37375,0.8652960658073425,0,True,Cluster 1
net_amt,Bin 48000,0.8564662337303162,0,True,Cluster 1
net_amt,Bin 66000,0.8379106521606445,0,True,Cluster 1
net_amt,Bin 80000,0.8200943470001221,0,True,Cluster 1
net_amt,Bin nan,0.8829751014709473,0,True,Cluster 1
net_amt,Bin 1000,0.11468559503555298,0,True,Cluster 2
net_amt,Bin 1330,0.11480511724948883,0,True,Cluster 2
net_amt,Bin 1615,0.11490911990404129,0,True,Cluster 2
net_amt,Bin 1700,0.11494021117687225,0,True,Cluster 2
net_amt,Bin 1725,0.11494935303926468,0,True,Cluster 2
net_amt,Bin 1800,0.11497687548398972,0,True,Cluster 2
net_amt,Bin 2000,0.11505080759525299,0,True,Cluster 2
net_amt,Bin 2200,0.11512483656406403,0,True,Cluster 2
net_amt,Bin 2300,0.11516205966472626,0,True,Cluster 2
net_amt,Bin 2400,0.11519945412874222,0,True,Cluster 2
net_amt,Bin 2420,0.11520688235759735,0,True,Cluster 2
net_amt,Bin 3000,0.1154252216219902,0,True,Cluster 2
net_amt,Bin 3600,0.11565440148115158,0,True,Cluster 2
net_amt,Bin 3960,0.11579366028308868,0,True,Cluster 2
net_amt,Bin 4600,0.11604414880275726,0,True,Cluster 2
net_amt,Bin 5000,0.11620274931192398,0,True,Cluster 2
net_amt,Bin 5215,0.11628858000040054,0,True,Cluster 2
net_amt,Bin 5400,0.1163628101348877,0,True,Cluster 2
net_amt,Bin 5750,0.11650414764881134,0,True,Cluster 2
net_amt,Bin 6210,0.1166917011141777,0,True,Cluster 2
net_amt,Bin 7200,0.11710258573293686,0,True,Cluster 2
net_amt,Bin 7315,0.1171509400010109,0,True,Cluster 2
net_amt,Bin 7500,0.11722894012928009,0,True,Cluster 2
net_amt,Bin 7920,0.11740742623806,0,True,Cluster 2
net_amt,Bin 8625,0.11771091818809509,0,True,Cluster 2
net_amt,Bin 9000,0.11787430942058563,0,True,Cluster 2
net_amt,Bin 10000,0.11831723898649216,0,True,Cluster 2
net_amt,Bin 10615,0.11859451234340668,0,True,Cluster 2
net_amt,Bin 10800,0.11867866665124893,0,True,Cluster 2
net_amt,Bin 11700,0.1190931424498558,0,True,Cluster 2
net_amt,Bin 12420,0.11943076550960541,0,True,Cluster 2
net_amt,Bin 13500,0.11994721740484238,0,True,Cluster 2
net_amt,Bin 14815,0.1205926463007927,0,True,Cluster 2
net_amt,Bin 15000,0.12068493664264679,0,True,Cluster 2
net_amt,Bin 16000,0.12118998169898987,0,True,Cluster 2
net_amt,Bin 16560,0.12147747725248337,0,True,Cluster 2
net_amt,Bin 18000,0.12223213911056519,0,True,Cluster 2
net_amt,Bin 19800,0.12320765107870102,0,True,Cluster 2
net_amt,Bin 20000,0.12331809848546982,0,True,Cluster 2
net_amt,Bin 21600,0.12421876192092896,0,True,Cluster 2
net_amt,Bin 23400,0.12526658177375793,0,True,Cluster 2
net_amt,Bin 25000,0.126228928565979,0,True,Cluster 2
net_amt,Bin 27315,0.12767393887043,0,True,Cluster 2
net_amt,Bin 30000,0.12942928075790405,0,True,Cluster 2
net_amt,Bin 37375,0.13470375537872314,0,True,Cluster 2
net_amt,Bin 48000,0.1435336023569107,0,True,Cluster 2
net_amt,Bin 66000,0.16208860278129578,0,True,Cluster 2
net_amt,Bin 80000,0.17990544438362122,0,True,Cluster 2
net_amt,Bin nan,0.11702504754066467,0,True,Cluster 2
payment_tariff,Bin 0,0.8834221363067627,0,True,Cluster 1
payment_tariff,Bin 500,0.8832223415374756,0,True,Cluster 1
payment_tariff,Bin 900,0.8830593228340149,0,True,Cluster 1
payment_tariff,Bin 1000,0.883018970489502,0,True,Cluster 1
payment_tariff,Bin 1500,0.8828125596046448,0,True,Cluster 1
payment_tariff,Bin 1700,0.8827284574508667,0,True,Cluster 1
payment_tariff,Bin 2000,0.8826027512550354,0,True,Cluster 1
payment_tariff,Bin 2400,0.8824347257614136,0,True,Cluster 1
payment_tariff,Bin 2500,0.8823914527893066,0,True,Cluster 1
payment_tariff,Bin 3000,0.882176399230957,0,True,Cluster 1
payment_tariff,Bin 3100,0.8821336030960083,0,True,Cluster 1
payment_tariff,Bin 3500,0.8819591403007507,0,True,Cluster 1
payment_tariff,Bin 4000,0.8817389607429504,0,True,Cluster 1
payment_tariff,Bin 4500,0.8815155625343323,0,True,Cluster 1
payment_tariff,Bin 5000,0.8812888860702515,0,True,Cluster 1
payment_tariff,Bin 6000,0.8808276653289795,0,True,Cluster 1
payment_tariff,Bin 6200,0.8807337880134583,0,True,Cluster 1
payment_tariff,Bin 6500,0.8805925250053406,0,True,Cluster 1
payment_tariff,Bin 7000,0.8803543448448181,0,True,Cluster 1
payment_tariff,Bin 7500,0.880113959312439,0,True,Cluster 1
payment_tariff,Bin 8000,0.8798676133155823,0,True,Cluster 1
payment_tariff,Bin 8500,0.879621148109436,0,True,Cluster 1
payment_tariff,Bin 9000,0.8793706893920898,0,True,Cluster 1
payment_tariff,Bin 9500,0.8791174292564392,0,True,Cluster 1
payment_tariff,Bin 10000,0.8788609504699707,0,True,Cluster 1
payment_tariff,Bin 10500,0.8786006569862366,0,True,Cluster 1
payment_tariff,Bin 11000,0.8783381581306458,0,True,Cluster 1
payment_tariff,Bin 11500,0.8780718445777893,0,True,Cluster 1
payment_tariff,Bin 12000,0.8778032064437866,0,True,Cluster 1
payment_tariff,Bin 12500,0.8775307536125183,0,True,Cluster 1
payment_tariff,Bin 13000,0.87725430727005,0,True,Cluster 1
payment_tariff,Bin 13500,0.876976728439331,0,True,Cluster 1
payment_tariff,Bin 14000,0.8766950964927673,0,True,Cluster 1
payment_tariff,Bin 15000,0.8761216402053833,0,True,Cluster 1
payment_tariff,Bin 16000,0.8755345344543457,0,True,Cluster 1
payment_tariff,Bin 16500,0.8752363324165344,0,True,Cluster 1
payment_tariff,Bin 17000,0.8749352097511292,0,True,Cluster 1
payment_tariff,Bin 17500,0.8746308088302612,0,True,Cluster 1
payment_tariff,Bin 18000,0.8743219375610352,0,True,Cluster 1
payment_tariff,Bin 19000,0.8736959099769592,0,True,Cluster 1
payment_tariff,Bin 20000,0.873055100440979,0,True,Cluster 1
payment_tariff,Bin 21000,0.8724020719528198,0,True,Cluster 1
payment_tariff,Bin 22000,0.8717344999313354,0,True,Cluster 1
payment_tariff,Bin 22500,0.8713952898979187,0,True,Cluster 1
payment_tariff,Bin 24000,0.8703569769859314,0,True,Cluster 1
payment_tariff,Bin 25000,0.8696479201316833,0,True,Cluster 1
payment_tariff,Bin 26000,0.8689245581626892,0,True,Cluster 1
payment_tariff,Bin 27000,0.868186891078949,0,True,Cluster 1
payment_tariff,Bin 27500,0.8678114414215088,0,True,Cluster 1
payment_tariff,Bin 28000,0.8674332499504089,0,True,Cluster 1
payment_tariff,Bin 28849,0.8667823672294617,0,True,Cluster 1
payment_tariff,Bin 30000,0.8658831715583801,0,True,Cluster 1
payment_tariff,Bin 32000,0.8642745018005371,0,True,Cluster 1
payment_tariff,Bin 35000,0.8617461919784546,0,True,Cluster 1
payment_tariff,Bin 36000,0.8608729839324951,0,True,Cluster 1
payment_tariff,Bin 37000,0.8599839210510254,0,True,Cluster 1
payment_tariff,Bin 40000,0.8572211265563965,0,True,Cluster 1
payment_tariff,Bin 45000,0.8522955179214478,0,True,Cluster 1
payment_tariff,Bin 50000,0.8469525575637817,0,True,Cluster 1
payment_tariff,Bin 55000,0.841180682182312,0,True,Cluster 1
payment_tariff,Bin 60000,0.8349665999412537,0,True,Cluster 1
payment_tariff,Bin 65000,0.8282988667488098,0,True,Cluster 1
payment_tariff,Bin 70000,0.8211678266525269,0,True,Cluster 1
payment_tariff,Bin 75000,0.8135637640953064,0,True,Cluster 1
payment_tariff,Bin 80000,0.8054800033569336,0,True,Cluster 1
payment_tariff,Bin nan,0.5941981673240662,0,True,Cluster 1
payment_tariff,Bin 0,0.11657766252756119,0,True,Cluster 2
payment_tariff,Bin 500,0.11677812784910202,0,True,Cluster 2
payment_tariff,Bin 900,0.11694061011075974,0,True,Cluster 2
payment_tariff,Bin 1000,0.11698152124881744,0,True,Cluster 2
payment_tariff,Bin 1500,0.1171875,0,True,Cluster 2
payment_tariff,Bin 1700,0.11727075278759003,0,True,Cluster 2
payment_tariff,Bin 2000,0.11739657074213028,0,True,Cluster 2
payment_tariff,Bin 2400,0.11756570637226105,0,True,Cluster 2
payment_tariff,Bin 2500,0.11760833114385605,0,True,Cluster 2
payment_tariff,Bin 3000,0.11782293766736984,0,True,Cluster 2
payment_tariff,Bin 3100,0.11786631494760513,0,True,Cluster 2
payment_tariff,Bin 3500,0.11804057657718658,0,True,Cluster 2
payment_tariff,Bin 4000,0.11826110631227493,0,True,Cluster 2
payment_tariff,Bin 4500,0.1184845119714737,0,True,Cluster 2
payment_tariff,Bin 5000,0.11871084570884705,0,True,Cluster 2
payment_tariff,Bin 6000,0.11917243152856827,0,True,Cluster 2
payment_tariff,Bin 6200,0.11926618963479996,0,True,Cluster 2
payment_tariff,Bin 6500,0.11940761655569077,0,True,Cluster 2
payment_tariff,Bin 7000,0.11964594572782516,0,True,Cluster 2
payment_tariff,Bin 7500,0.1198873296380043,0,True,Cluster 2
payment_tariff,Bin 8000,0.12013160437345505,0,True,Cluster 2
payment_tariff,Bin 8500,0.12037887424230576,0,True,Cluster 2
payment_tariff,Bin 9000,0.1206292062997818,0,True,Cluster 2
payment_tariff,Bin 9500,0.12088286131620407,0,True,Cluster 2
payment_tariff,Bin 10000,0.12113944441080093,0,True,Cluster 2
payment_tariff,Bin 10500,0.1213991716504097,0,True,Cluster 2
payment_tariff,Bin 11000,0.12166191637516022,0,True,Cluster 2
payment_tariff,Bin 11500,0.1219279021024704,0,True,Cluster 2
payment_tariff,Bin 12000,0.12219707667827606,0,True,Cluster 2
payment_tariff,Bin 12500,0.12246930599212646,0,True,Cluster 2
payment_tariff,Bin 13000,0.12274469435214996,0,True,Cluster 2
payment_tariff,Bin 13500,0.12302339822053909,0,True,Cluster 2
payment_tariff,Bin 14000,0.1233052909374237,0,True,Cluster 2
payment_tariff,Bin 15000,0.12387879937887192,0,True,Cluster 2
payment_tariff,Bin 16000,0.12446533143520355,0,True,Cluster 2
payment_tariff,Bin 16500,0.12476355582475662,0,True,Cluster 2
payment_tariff,Bin 17000,0.12506496906280518,0,True,Cluster 2
payment_tariff,Bin 17500,0.1253698617219925,0,True,Cluster 2
payment_tariff,Bin 18000,0.12567798793315887,0,True,Cluster 2
payment_tariff,Bin 19000,0.12630456686019897,0,True,Cluster 2
payment_tariff,Bin 20000,0.1269444227218628,0,True,Cluster 2
payment_tariff,Bin 21000,0.12759804725646973,0,True,Cluster 2
payment_tariff,Bin 22000,0.12826547026634216,0,True,Cluster 2
payment_tariff,Bin 22500,0.12860433757305145,0,True,Cluster 2
payment_tariff,Bin 24000,0.1296423077583313,0,True,Cluster 2
payment_tariff,Bin 25000,0.1303517371416092,0,True,Cluster 2
payment_tariff,Bin 26000,0.1310756951570511,0,True,Cluster 2
payment_tariff,Bin 27000,0.13181394338607788,0,True,Cluster 2
payment_tariff,Bin 27500,0.13218851387500763,0,True,Cluster 2
payment_tariff,Bin 28000,0.13256680965423584,0,True,Cluster 2
payment_tariff,Bin 28849,0.1332174688577652,0,True,Cluster 2
payment_tariff,Bin 30000,0.13411644101142883,0,True,Cluster 2
payment_tariff,Bin 32000,0.13572578132152557,0,True,Cluster 2
payment_tariff,Bin 35000,0.1382536143064499,0,True,Cluster 2
payment_tariff,Bin 36000,0.13912701606750488,0,True,Cluster 2
payment_tariff,Bin 37000,0.1400160938501358,0,True,Cluster 2
payment_tariff,Bin 40000,0.14277827739715576,0,True,Cluster 2
payment_tariff,Bin 45000,0.14770494401454926,0,True,Cluster 2
payment_tariff,Bin 50000,0.15304765105247498,0,True,Cluster 2
payment_tariff,Bin 55000,0.15881973505020142,0,True,Cluster 2
payment_tariff,Bin 60000,0.1650337278842926,0,True,Cluster 2
payment_tariff,Bin 65000,0.17170119285583496,0,True,Cluster 2
payment_tariff,Bin 70000,0.17883245646953583,0,True,Cluster 2
payment_tariff,Bin 75000,0.1864364892244339,0,True,Cluster 2
payment_tariff,Bin 80000,0.19452084600925446,0,True,Cluster 2
payment_tariff,Bin nan,0.4058019518852234,0,True,Cluster 2
claim_paid_amount,Bin 0,0.88349848985672,0,True,Cluster 1
claim_paid_amount,Bin 500,0.8833107352256775,0,True,Cluster 1
claim_paid_amount,Bin 1000,0.8831197023391724,0,True,Cluster 1
claim_paid_amount,Bin 1330,0.88299161195755,0,True,Cluster 1
claim_paid_amount,Bin 1700,0.8828478455543518,0,True,Cluster 1
claim_paid_amount,Bin 1800,0.8828085064888,0,True,Cluster 1
claim_paid_amount,Bin 2000,0.8827304244041443,0,True,Cluster 1
claim_paid_amount,Bin 2200,0.8826501965522766,0,True,Cluster 1
claim_paid_amount,Bin 2300,0.8826107382774353,0,True,Cluster 1
claim_paid_amount,Bin 2400,0.8825706243515015,0,True,Cluster 1
claim_paid_amount,Bin 3000,0.8823298811912537,0,True,Cluster 1
claim_paid_amount,Bin 3600,0.8820849657058716,0,True,Cluster 1
claim_paid_amount,Bin 4000,0.881919801235199,0,True,Cluster 1
claim_paid_amount,Bin 5000,0.8814985752105713,0,True,Cluster 1
claim_paid_amount,Bin 5400,0.8813275098800659,0,True,Cluster 1
claim_paid_amount,Bin 5625,0.8812299370765686,0,True,Cluster 1
claim_paid_amount,Bin 6300,0.8809354901313782,0,True,Cluster 1
claim_paid_amount,Bin 7200,0.8805350661277771,0,True,Cluster 1
claim_paid_amount,Bin 7500,0.8803988695144653,0,True,Cluster 1
claim_paid_amount,Bin 7920,0.8802079558372498,0,True,Cluster 1
claim_paid_amount,Bin 8625,0.8798826932907104,0,True,Cluster 1
claim_paid_amount,Bin 9000,0.879706859588623,0,True,Cluster 1
claim_paid_amount,Bin 9900,0.8792800307273865,0,True,Cluster 1
claim_paid_amount,Bin 10000,0.8792322278022766,0,True,Cluster 1
claim_paid_amount,Bin 10350,0.8790631890296936,0,True,Cluster 1
claim_paid_amount,Bin 10800,0.8788433074951172,0,True,Cluster 1
claim_paid_amount,Bin 11000,0.8787457346916199,0,True,Cluster 1
claim_paid_amount,Bin 12000,0.8782486915588379,0,True,Cluster 1
claim_paid_amount,Bin 13000,0.8777390718460083,0,True,Cluster 1
claim_paid_amount,Bin 14400,0.8770068287849426,0,True,Cluster 1
claim_paid_amount,Bin 15000,0.8766857981681824,0,True,Cluster 1
claim_paid_amount,Bin 16200,0.876031756401062,0,True,Cluster 1
claim_paid_amount,Bin 17000,0.8755860924720764,0,True,Cluster 1
claim_paid_amount,Bin 18150,0.8749319911003113,0,True,Cluster 1
claim_paid_amount,Bin 20000,0.8738475441932678,0,True,Cluster 1
claim_paid_amount,Bin 21600,0.8728747367858887,0,True,Cluster 1
claim_paid_amount,Bin 23490,0.8716845512390137,0,True,Cluster 1
claim_paid_amount,Bin 25000,0.8707007169723511,0,True,Cluster 1
claim_paid_amount,Bin 28750,0.8681317567825317,0,True,Cluster 1
claim_paid_amount,Bin 33000,0.8649944067001343,0,True,Cluster 1
claim_paid_amount,Bin 44000,0.8557025194168091,0,True,Cluster 1
claim_paid_amount,Bin 74750,0.8197612166404724,0,True,Cluster 1
claim_paid_amount,Bin nan,0.8814985752105713,0,True,Cluster 1
claim_paid_amount,Bin 0,0.11650094389915466,0,True,Cluster 2
claim_paid_amount,Bin 500,0.11668942868709564,0,True,Cluster 2
claim_paid_amount,Bin 1000,0.11688043177127838,0,True,Cluster 2
claim_paid_amount,Bin 1330,0.11700792610645294,0,True,Cluster 2
claim_paid_amount,Bin 1700,0.11715218424797058,0,True,Cluster 2
claim_paid_amount,Bin 1800,0.11719141900539398,0,True,Cluster 2
claim_paid_amount,Bin 2000,0.11727026849985123,0,True,Cluster 2
claim_paid_amount,Bin 2200,0.11734941601753235,0,True,Cluster 2
claim_paid_amount,Bin 2300,0.1173892393708229,0,True,Cluster 2
claim_paid_amount,Bin 2400,0.11742907762527466,0,True,Cluster 2
claim_paid_amount,Bin 3000,0.1176702082157135,0,True,Cluster 2
claim_paid_amount,Bin 3600,0.11791518330574036,0,True,Cluster 2
claim_paid_amount,Bin 4000,0.11808069050312042,0,True,Cluster 2
claim_paid_amount,Bin 5000,0.11850164830684662,0,True,Cluster 2
claim_paid_amount,Bin 5400,0.11867298930883408,0,True,Cluster 2
claim_paid_amount,Bin 5625,0.11877008527517319,0,True,Cluster 2
claim_paid_amount,Bin 6300,0.11906475573778152,0,True,Cluster 2
claim_paid_amount,Bin 7200,0.11946533620357513,0,True,Cluster 2
claim_paid_amount,Bin 7500,0.11960076540708542,0,True,Cluster 2
claim_paid_amount,Bin 7920,0.11979208886623383,0,True,Cluster 2
claim_paid_amount,Bin 8625,0.12011751532554626,0,True,Cluster 2
claim_paid_amount,Bin 9000,0.12029274553060532,0,True,Cluster 2
claim_paid_amount,Bin 9900,0.12071997672319412,0,True,Cluster 2
claim_paid_amount,Bin 10000,0.12076815962791443,0,True,Cluster 2
claim_paid_amount,Bin 10350,0.12093699723482132,0,True,Cluster 2
claim_paid_amount,Bin 10800,0.12115628272294998,0,True,Cluster 2
claim_paid_amount,Bin 11000,0.12125436216592789,0,True,Cluster 2
claim_paid_amount,Bin 12000,0.12175194919109344,0,True,Cluster 2
claim_paid_amount,Bin 13000,0.12226104736328125,0,True,Cluster 2
claim_paid_amount,Bin 14400,0.12299308180809021,0,True,Cluster 2
claim_paid_amount,Bin 15000,0.12331376224756241,0,True,Cluster 2
claim_paid_amount,Bin 16200,0.12396787852048874,0,True,Cluster 2
claim_paid_amount,Bin 17000,0.12441330403089523,0,True,Cluster 2
claim_paid_amount,Bin 18150,0.12506718933582306,0,True,Cluster 2
claim_paid_amount,Bin 20000,0.1261526644229889,0,True,Cluster 2
claim_paid_amount,Bin 21600,0.1271253079175949,0,True,Cluster 2
claim_paid_amount,Bin 23490,0.12831544876098633,0,True,Cluster 2
claim_paid_amount,Bin 25000,0.12929865717887878,0,True,Cluster 2
claim_paid_amount,Bin 28750,0.1318681240081787,0,True,Cluster 2
claim_paid_amount,Bin 33000,0.13500574231147766,0,True,Cluster 2
claim_paid_amount,Bin 44000,0.14429789781570435,0,True,Cluster 2
claim_paid_amount,Bin 74750,0.1802387237548828,0,True,Cluster 2
claim_paid_amount,Bin nan,0.11850164830684662,0,True,Cluster 2
no_of_days_stayed,Bin 1,0.881797730922699,2,True,Cluster 1
no_of_days_stayed,Bin 2,0.8819712996482849,2,True,Cluster 1
no_of_days_stayed,Bin 3,0.8820056915283203,2,True,Cluster 1
no_of_days_stayed,Bin 4,0.8818988800048828,2,True,Cluster 1
no_of_days_stayed,Bin 5,0.8816483020782471,2,True,Cluster 1
no_of_days_stayed,Bin 6,0.8812541961669922,2,True,Cluster 1
no_of_days_stayed,Bin 7,0.8807165622711182,2,True,Cluster 1
no_of_days_stayed,Bin 8,0.880034327507019,2,True,Cluster 1
no_of_days_stayed,Bin 9,0.8792076706886292,2,True,Cluster 1
no_of_days_stayed,Bin 10,0.8782374858856201,2,True,Cluster 1
no_of_days_stayed,Bin 11,0.8771241903305054,2,True,Cluster 1
no_of_days_stayed,Bin 12,0.8758697509765625,2,True,Cluster 1
no_of_days_stayed,Bin 13,0.8744743466377258,2,True,Cluster 1
no_of_days_stayed,Bin 15,0.8712720274925232,2,True,Cluster 1
no_of_days_stayed,Bin 17,0.8675349950790405,2,True,Cluster 1
no_of_days_stayed,Bin nan,0.8480455875396729,2,True,Cluster 1
no_of_days_stayed,Bin 1,0.11820244789123535,2,True,Cluster 2
no_of_days_stayed,Bin 2,0.1180281862616539,2,True,Cluster 2
no_of_days_stayed,Bin 3,0.11799400299787521,2,True,Cluster 2
no_of_days_stayed,Bin 4,0.11810155212879181,2,True,Cluster 2
no_of_days_stayed,Bin 5,0.1183517724275589,2,True,Cluster 2
no_of_days_stayed,Bin 6,0.11874573677778244,2,True,Cluster 2
no_of_days_stayed,Bin 7,0.11928371340036392,2,True,Cluster 2
no_of_days_stayed,Bin 8,0.119966059923172,2,True,Cluster 2
no_of_days_stayed,Bin 9,0.12079256027936935,2,True,Cluster 2
no_of_days_stayed,Bin 10,0.12176250666379929,2,True,Cluster 2
no_of_days_stayed,Bin 11,0.12287556380033493,2,True,Cluster 2
no_of_days_stayed,Bin 12,0.1241302341222763,2,True,Cluster 2
no_of_days_stayed,Bin 13,0.12552492320537567,2,True,Cluster 2
no_of_days_stayed,Bin 15,0.1287274956703186,2,True,Cluster 2
no_of_days_stayed,Bin 17,0.13246488571166992,2,True,Cluster 2
no_of_days_stayed,Bin nan,0.15195421874523163,2,True,Cluster 2
claim_count_pa,Bin 1,0.8843390345573425,0,False,Cluster 1
claim_count_pa,Bin 2,0.8844327330589294,0,False,Cluster 1
claim_count_pa,Bin 3,0.8845235109329224,0,False,Cluster 1
claim_count_pa,Bin 4,0.8846110105514526,0,False,Cluster 1
claim_count_pa,Bin 5,0.8846955299377441,0,False,Cluster 1
claim_count_pa,Bin 7,0.8848534226417542,0,False,Cluster 1
claim_count_pa,Bin 9,0.8849984407424927,0,False,Cluster 1
claim_count_pa,Bin 13,0.8852481842041016,0,False,Cluster 1
claim_count_pa,Bin 19,0.8855217695236206,0,False,Cluster 1
claim_count_pa,Bin 25,0.8856753706932068,0,False,Cluster 1
claim_count_pa,Bin 31,0.8857080340385437,0,False,Cluster 1
claim_count_pa,Bin 36,0.8856426477432251,0,False,Cluster 1
claim_count_pa,Bin 41,0.885495662689209,0,False,Cluster 1
claim_count_pa,Bin 46,0.8852648138999939,0,False,Cluster 1
claim_count_pa,Bin 50,0.8850222229957581,0,False,Cluster 1
claim_count_pa,Bin 55,0.8846458792686462,0,False,Cluster 1
claim_count_pa,Bin 59,0.8842854499816895,0,False,Cluster 1
claim_count_pa,Bin 63,0.8838751912117004,0,False,Cluster 1
claim_count_pa,Bin 68,0.8832902908325195,0,False,Cluster 1
claim_count_pa,Bin 72,0.882766604423523,0,False,Cluster 1
claim_count_pa,Bin 75,0.8823409676551819,0,False,Cluster 1
claim_count_pa,Bin 79,0.881730854511261,0,False,Cluster 1
claim_count_pa,Bin 82,0.8812418580055237,0,False,Cluster 1
claim_count_pa,Bin 85,0.880725622177124,0,False,Cluster 1
claim_count_pa,Bin 89,0.8799950480461121,0,False,Cluster 1
claim_count_pa,Bin 92,0.8794175386428833,0,False,Cluster 1
claim_count_pa,Bin 95,0.8788142800331116,0,False,Cluster 1
claim_count_pa,Bin 98,0.8781843185424805,0,False,Cluster 1
claim_count_pa,Bin 103,0.8770791888237,0,False,Cluster 1
claim_count_pa,Bin 114,0.874410092830658,0,False,Cluster 1
claim_count_pa,Bin nan,0.8843390345573425,0,False,Cluster 1
claim_count_pa,Bin 1,0.11566117405891418,0,False,Cluster 2
claim_count_pa,Bin 2,0.11556703597307205,0,False,Cluster 2
claim_count_pa,Bin 3,0.11547622084617615,0,False,Cluster 2
claim_count_pa,Bin 4,0.11538873612880707,0,False,Cluster 2
claim_count_pa,Bin 5,0.11530449241399765,0,False,Cluster 2
claim_count_pa,Bin 7,0.11514627933502197,0,False,Cluster 2
claim_count_pa,Bin 9,0.11500144749879837,0,False,Cluster 2
claim_count_pa,Bin 13,0.11475177854299545,0,False,Cluster 2
claim_count_pa,Bin 19,0.11447817832231522,0,False,Cluster 2
claim_count_pa,Bin 25,0.11432506889104843,0,False,Cluster 2
claim_count_pa,Bin 31,0.11429242789745331,0,False,Cluster 2
claim_count_pa,Bin 36,0.11435714364051819,0,False,Cluster 2
claim_count_pa,Bin 41,0.11450456082820892,0,False,Cluster 2
claim_count_pa,Bin 46,0.11473451554775238,0,False,Cluster 2
claim_count_pa,Bin 50,0.11497761309146881,0,False,Cluster 2
claim_count_pa,Bin 55,0.1153545007109642,0,False,Cluster 2
claim_count_pa,Bin 59,0.11571414768695831,0,False,Cluster 2
claim_count_pa,Bin 63,0.11612486094236374,0,False,Cluster 2
claim_count_pa,Bin 68,0.11670946329832077,0,False,Cluster 2
claim_count_pa,Bin 72,0.11723342537879944,0,False,Cluster 2
claim_count_pa,Bin 75,0.11765892058610916,0,False,Cluster 2
claim_count_pa,Bin 79,0.11826902627944946,0,False,Cluster 2
claim_count_pa,Bin 82,0.11875837296247482,0,False,Cluster 2
claim_count_pa,Bin 85,0.11927454173564911,0,False,Cluster 2
claim_count_pa,Bin 89,0.1200043335556984,0,False,Cluster 2
claim_count_pa,Bin 92,0.12058228999376297,0,False,Cluster 2
claim_count_pa,Bin 95,0.12118605524301529,0,False,Cluster 2
claim_count_pa,Bin 98,0.12181553989648819,0,False,Cluster 2
claim_count_pa,Bin 103,0.12292049080133438,0,False,Cluster 2
claim_count_pa,Bin 114,0.1255907118320465,0,False,Cluster 2
claim_count_pa,Bin nan,0.11566117405891418,0,False,Cluster 2
birth_date,Bin 15,0.8781810402870178,0,True,Cluster 1
birth_date,Bin 17,0.8787725567817688,0,True,Cluster 1
birth_date,Bin 18,0.8790488839149475,0,True,Cluster 1
birth_date,Bin 19,0.8793129324913025,0,True,Cluster 1
birth_date,Bin 20,0.8795625567436218,0,True,Cluster 1
birth_date,Bin 21,0.8798014521598816,0,True,Cluster 1
birth_date,Bin 22,0.8800255656242371,0,True,Cluster 1
birth_date,Bin 23,0.8802372813224792,0,True,Cluster 1
birth_date,Bin 24,0.8804353475570679,0,True,Cluster 1
birth_date,Bin 25,0.8806205987930298,0,True,Cluster 1
birth_date,Bin 26,0.8807927370071411,0,True,Cluster 1
birth_date,Bin 27,0.8809511661529541,0,True,Cluster 1
birth_date,Bin 28,0.8810957670211792,0,True,Cluster 1
birth_date,Bin 29,0.8812279105186462,0,True,Cluster 1
birth_date,Bin 30,0.8813449740409851,0,True,Cluster 1
birth_date,Bin 31,0.8814501762390137,0,True,Cluster 1
birth_date,Bin 32,0.8815404772758484,0,True,Cluster 1
birth_date,Bin 33,0.8816167712211609,0,True,Cluster 1
birth_date,Bin 34,0.881679892539978,0,True,Cluster 1
birth_date,Bin 35,0.8817288279533386,0,True,Cluster 1
birth_date,Bin 36,0.8817644119262695,0,True,Cluster 1
birth_date,Bin 37,0.8817851543426514,0,True,Cluster 1
birth_date,Bin 38,0.8817931413650513,0,True,Cluster 1
birth_date,Bin 39,0.8817858695983887,0,True,Cluster 1
birth_date,Bin 40,0.8817650675773621,0,True,Cluster 1
birth_date,Bin 41,0.8817305564880371,0,True,Cluster 1
birth_date,Bin 42,0.8816811442375183,0,True,Cluster 1
birth_date,Bin 43,0.8816186189651489,0,True,Cluster 1
birth_date,Bin 44,0.8815412521362305,0,True,Cluster 1
birth_date,Bin 45,0.8814499378204346,0,True,Cluster 1
birth_date,Bin 46,0.8813445568084717,0,True,Cluster 1
birth_date,Bin 47,0.8812259435653687,0,True,Cluster 1
birth_date,Bin 48,0.8810915946960449,0,True,Cluster 1
birth_date,Bin 49,0.8809438347816467,0,True,Cluster 1
birth_date,Bin 50,0.8807811737060547,0,True,Cluster 1
birth_date,Bin 51,0.8806056380271912,0,True,Cluster 1
birth_date,Bin 52,0.8804146647453308,0,True,Cluster 1
birth_date,Bin 53,0.8802106976509094,0,True,Cluster 1
birth_date,Bin 54,0.8799912929534912,0,True,Cluster 1
birth_date,Bin 55,0.879758894443512,0,True,Cluster 1
birth_date,Bin 56,0.8795120120048523,0,True,Cluster 1
birth_date,Bin 57,0.8792510628700256,0,True,Cluster 1
birth_date,Bin 58,0.8789762258529663,0,True,Cluster 1
birth_date,Bin 59,0.8786877393722534,0,True,Cluster 1
birth_date,Bin 60,0.8783836960792542,0,True,Cluster 1
birth_date,Bin 61,0.8780673146247864,0,True,Cluster 1
birth_date,Bin 62,0.8777362704277039,0,True,Cluster 1
birth_date,Bin 63,0.8773918747901917,0,True,Cluster 1
birth_date,Bin 64,0.8770327568054199,0,True,Cluster 1
birth_date,Bin 65,0.8766607046127319,0,True,Cluster 1
birth_date,Bin 66,0.876274585723877,0,True,Cluster 1
birth_date,Bin 67,0.8758752346038818,0,True,Cluster 1
birth_date,Bin 68,0.8754613399505615,0,True,Cluster 1
birth_date,Bin 69,0.8750357031822205,0,True,Cluster 1
birth_date,Bin 70,0.8745937347412109,0,True,Cluster 1
birth_date,Bin 71,0.8741402626037598,0,True,Cluster 1
birth_date,Bin 72,0.8736736178398132,0,True,Cluster 1
birth_date,Bin 73,0.8731931447982788,0,True,Cluster 1
birth_date,Bin 74,0.8726992607116699,0,True,Cluster 1
birth_date,Bin 75,0.8721924424171448,0,True,Cluster 1
birth_date,Bin 77,0.8711386919021606,0,True,Cluster 1
birth_date,Bin nan,0.8815412521362305,0,True,Cluster 1
birth_date,Bin 15,0.12181825190782547,0,True,Cluster 2
birth_date,Bin 17,0.12122752517461777,0,True,Cluster 2
birth_date,Bin 18,0.12095104902982712,0,True,Cluster 2
birth_date,Bin 19,0.12068759649991989,0,True,Cluster 2
birth_date,Bin 20,0.12043678760528564,0,True,Cluster 2
birth_date,Bin 21,0.120199054479599,0,True,Cluster 2
birth_date,Bin 22,0.119974285364151,0,True,Cluster 2
birth_date,Bin 23,0.11976256966590881,0,True,Cluster 2
birth_date,Bin 24,0.11956420540809631,0,True,Cluster 2
birth_date,Bin 25,0.11937902122735977,0,True,Cluster 2
birth_date,Bin 26,0.11920715868473053,0,True,Cluster 2
birth_date,Bin 27,0.11904872208833694,0,True,Cluster 2
birth_date,Bin 28,0.11890370398759842,0,True,Cluster 2
birth_date,Bin 29,0.11877235770225525,0,True,Cluster 2
birth_date,Bin 30,0.11865447461605072,0,True,Cluster 2
birth_date,Bin 31,0.11855032294988632,0,True,Cluster 2
birth_date,Bin 32,0.11845972388982773,0,True,Cluster 2
birth_date,Bin 33,0.11838304251432419,0,True,Cluster 2
birth_date,Bin 34,0.11832001805305481,0,True,Cluster 2
birth_date,Bin 35,0.11827097088098526,0,True,Cluster 2
birth_date,Bin 36,0.11823584884405136,0,True,Cluster 2
birth_date,Bin 37,0.1182144358754158,0,True,Cluster 2
birth_date,Bin 38,0.11820726096630096,0,True,Cluster 2
birth_date,Bin 39,0.1182139441370964,0,True,Cluster 2
birth_date,Bin 40,0.11823466420173645,0,True,Cluster 2
birth_date,Bin 41,0.11826953291893005,0,True,Cluster 2
birth_date,Bin 42,0.11831829696893692,0,True,Cluster 2
birth_date,Bin 43,0.11838135868310928,0,True,Cluster 2
birth_date,Bin 44,0.11845849454402924,0,True,Cluster 2
birth_date,Bin 45,0.11854970455169678,0,True,Cluster 2
birth_date,Bin 46,0.11865522712469101,0,True,Cluster 2
birth_date,Bin 47,0.11877477914094925,0,True,Cluster 2
birth_date,Bin 48,0.11890845745801926,0,True,Cluster 2
birth_date,Bin 49,0.11905637383460999,0,True,Cluster 2
birth_date,Bin 50,0.11921852082014084,0,True,Cluster 2
birth_date,Bin 51,0.11939472705125809,0,True,Cluster 2
birth_date,Bin 52,0.11958503723144531,0,True,Cluster 2
birth_date,Bin 53,0.11978959292173386,0,True,Cluster 2
birth_date,Bin 54,0.12000816315412521,0,True,Cluster 2
birth_date,Bin 55,0.12024104595184326,0,True,Cluster 2
birth_date,Bin 56,0.12048796564340591,0,True,Cluster 2
birth_date,Bin 57,0.12074882537126541,0,True,Cluster 2
birth_date,Bin 58,0.12102387100458145,0,True,Cluster 2
birth_date,Bin 59,0.12131278961896896,0,True,Cluster 2
birth_date,Bin 60,0.12161591649055481,0,True,Cluster 2
birth_date,Bin 61,0.12193291634321213,0,True,Cluster 2
birth_date,Bin 62,0.12226370722055435,0,True,Cluster 2
birth_date,Bin 63,0.12260852009057999,0,True,Cluster 2
birth_date,Bin 64,0.12296686321496964,0,True,Cluster 2
birth_date,Bin 65,0.12333928048610687,0,True,Cluster 2
birth_date,Bin 66,0.12372535467147827,0,True,Cluster 2
birth_date,Bin 67,0.12412507086992264,0,True,Cluster 2
birth_date,Bin 68,0.1245383694767952,0,True,Cluster 2
birth_date,Bin 69,0.12496539950370789,0,True,Cluster 2
birth_date,Bin 70,0.12540572881698608,0,True,Cluster 2
birth_date,Bin 71,0.12585942447185516,0,True,Cluster 2
birth_date,Bin 72,0.12632665038108826,0,True,Cluster 2
birth_date,Bin 73,0.12680713832378387,0,True,Cluster 2
birth_date,Bin 74,0.1273009330034256,0,True,Cluster 2
birth_date,Bin 75,0.12780769169330597,0,True,Cluster 2
birth_date,Bin 77,0.12886051833629608,0,True,Cluster 2
birth_date,Bin nan,0.11845849454402924,0,True,Cluster 2
claim_event_tpa_id,Bin 51381,0.8803093433380127,0,False,Cluster 1
claim_event_tpa_id,Bin 59682,0.8808457255363464,0,False,Cluster 1
claim_event_tpa_id,Bin nan,0.8808457255363464,0,False,Cluster 1
claim_event_tpa_id,Bin 51381,0.1196911484003067,0,False,Cluster 2
claim_event_tpa_id,Bin 59682,0.11915399134159088,0,False,Cluster 2
claim_event_tpa_id,Bin nan,0.11915399134159088,0,False,Cluster 2
primary_diagnosis_name,#=Other Unseen=#,0.8814113140106201,0,False,Cluster 1
primary_diagnosis_name,Burns management,0.8814082145690918,0,False,Cluster 1
primary_diagnosis_name,Cardio-thoracic and Vascular surgery,0.8813955187797546,0,False,Cluster 1
primary_diagnosis_name,Cardiology,0.8813140988349915,0,False,Cluster 1
primary_diagnosis_name,Emergency Room Packages (Care requiring less than 12 hrs stay),0.8814714550971985,0,False,Cluster 1
primary_diagnosis_name,General Medicine,0.8813177347183228,0,False,Cluster 1
primary_diagnosis_name,General Surgery,0.8818404078483582,0,False,Cluster 1
primary_diagnosis_name,Medical Oncology,0.8813028335571289,0,False,Cluster 1
primary_diagnosis_name,Mental Disorders Packages,0.8814101815223694,0,False,Cluster 1
primary_diagnosis_name,Neo-natal,0.8814024329185486,0,False,Cluster 1
primary_diagnosis_name,Neurosurgery,0.881362795829773,0,False,Cluster 1
primary_diagnosis_name,Obstetrics and Gynaecology,0.8813090920448303,0,False,Cluster 1
primary_diagnosis_name,Opthalmology,0.8813443183898926,0,False,Cluster 1
primary_diagnosis_name,Orthopaedics,0.8808828592300415,0,False,Cluster 1
primary_diagnosis_name,Otorhinolaryngology,0.8813866376876831,0,False,Cluster 1
primary_diagnosis_name,Paediatric medical management,0.8813887238502502,0,False,Cluster 1
primary_diagnosis_name,Polytrauma,0.8814073204994202,0,False,Cluster 1
primary_diagnosis_name,Radiation Oncology,0.8813943266868591,0,False,Cluster 1
primary_diagnosis_name,Surgical Oncology,0.8814089894294739,0,False,Cluster 1
primary_diagnosis_name,Urology,0.8812398910522461,0,False,Cluster 1
primary_diagnosis_name,#=Other Unseen=#,0.11858929693698883,0,False,Cluster 2
primary_diagnosis_name,Burns management,0.11859173327684402,0,False,Cluster 2
primary_diagnosis_name,Cardio-thoracic and Vascular surgery,0.11860431730747223,0,False,Cluster 2
primary_diagnosis_name,Cardiology,0.11868569254875183,0,False,Cluster 2
primary_diagnosis_name,Emergency Room Packages (Care requiring less than 12 hrs stay),0.11852813512086868,0,False,Cluster 2
primary_diagnosis_name,General Medicine,0.11868210136890411,0,False,Cluster 2
primary_diagnosis_name,General Surgery,0.1181596964597702,0,False,Cluster 2
primary_diagnosis_name,Medical Oncology,0.11869760602712631,0,False,Cluster 2
primary_diagnosis_name,Mental Disorders Packages,0.11858963221311569,0,False,Cluster 2
primary_diagnosis_name,Neo-natal,0.11859768629074097,0,False,Cluster 2
primary_diagnosis_name,Neurosurgery,0.11863700300455093,0,False,Cluster 2
primary_diagnosis_name,Obstetrics and Gynaecology,0.11869043856859207,0,False,Cluster 2
primary_diagnosis_name,Opthalmology,0.11865545064210892,0,False,Cluster 2
primary_diagnosis_name,Orthopaedics,0.11911683529615402,0,False,Cluster 2
primary_diagnosis_name,Otorhinolaryngology,0.11861316114664078,0,False,Cluster 2
primary_diagnosis_name,Paediatric medical management,0.11861156672239304,0,False,Cluster 2
primary_diagnosis_name,Polytrauma,0.11859290301799774,0,False,Cluster 2
primary_diagnosis_name,Radiation Oncology,0.11860555410385132,0,False,Cluster 2
primary_diagnosis_name,Surgical Oncology,0.11859079450368881,0,False,Cluster 2
primary_diagnosis_name,Urology,0.11875944584608078,0,False,Cluster 2
