Feature Name,Relative Importance
gender_codeMale,1.0
claim_amount_ratio,0.7023103079106157
medical_service_provider_idOthers,0.6017513852895758
birth_date,0.5970698062818227
hospital_typePublic,0.40686574820936783
no_of_days_stayed,0.39213487824433013
claim_count_pa,0.18266909313206053
hospital_locationlocation3,0.1770473416207664
claim_paid_amount,0.15716058621859066
benefit_typeSURGICAL,0.15224564416336148
hospital_locationlocation15,0.15221980519764278
hospital_locationlocation2,0.12581674674837012
hospital_locationlocation9,0.11628497655316206
primary_procedure_codeS100214,0.11156886931044194
hospital_empanelled_flag,0.0957069297959822
claim_reported_date,0.09389692203601332
residence_locationlocation2,0.08867148477897045
hosp_days_flag,0.07460421839586968
residence_locationlocation5,0.07453779281222749
treatment_end_date,0.07451822527480188
residence_locationlocation16,0.07418281833744475
treatment_start_date,0.06826695959238113
claim_count_flag,0.0661362531153968
hospital_locationlocation16,0.06604196084035947
residence_locationlocation20,0.06349137709496555
hospital_locationlocation22,0.06001886242893893
primary_procedure_codeU100,0.05822801293622366
hospital_locationlocation19,0.05736704611968183
residence_locationlocation4,0.05463226865460575
hospital_locationlocation20,0.05442964095744902
hospital_locationlocation14,0.05238280761174719
hospital_locationlocation18,0.05092182789633203
hospital_locationlocation13,0.050215136188989415
residence_locationlocation19,0.04919792557252926
primary_procedure_codeM100009,0.04597235078575932
residence_locationlocation6,0.044126951028945545
package_amount_trigger,0.04195222806261936
primary_procedure_codeM100026,0.04098085396498889
hospital_locationlocation12,0.03766626158466138
hospital_locationlocation21,0.037563957623951524
primary_procedure_codeS400034,0.03568402019064222
residence_locationlocation7,0.035679298538655486
residence_locationlocation12,0.0341682062844717
hospital_locationlocation6,0.03240893950163668
gender_triggerFemale,0.030845377886402355
residence_locationlocation11,0.02946441952654072
hospital_locationlocation4,0.029309792092519996
hospital_locationlocation11,0.02900675544185581
primary_procedure_codeM100011,0.028399704500711432
hospital_locationlocation7,0.02806847529178215
hospital_locationlocation5,0.027557655443965087
admission_days_trigger,0.02740087278636457
hospital_locationlocation10,0.025513662446034962
residence_locationlocation8,0.022170447142015094
hospital_locationlocation8,0.020583736560908988
residence_locationlocation10,0.018823410828661923
medical_service_provider_idhospital43,0.015897183523879803
medical_service_provider_idhospital315,0.015447146470891054
medical_service_provider_idhospital18,0.014906904401767496
claim_count_trigger,0.01456128634361039
claim_duration_days,0.01396383881481162
primary_procedure_codeM100068,0.013876063090831772
medical_service_provider_idhospital6,0.01381050961057561
medical_service_provider_idhospital259,0.011410578355016182
hospital_locationlocation17,0.010223931213627517
medical_service_provider_idhospital249,0.01018776663358862
medical_service_provider_idhospital248,0.01000748868012577
residence_locationlocation17,0.009501711372156722
medical_service_provider_idhospital284,0.009008378478859757
medical_service_provider_idhospital256,0.008306248680252076
primary_procedure_codeM100008,0.00791400033571174
medical_service_provider_idhospital63,0.007664143868120357
primary_procedure_codeM100055,0.007478419146318956
primary_procedure_codeM700004,0.00720485140635982
medical_service_provider_idhospital367,0.00540552745774014
medical_service_provider_idhospital148,0.005190774168974463
medical_service_provider_idhospital92,0.005034768888167087
primary_procedure_codeS500096,0.004541716748112785
primary_procedure_codeS100181,0.004003147758228601
medical_service_provider_idhospital31,0.0033557535462206455
medical_service_provider_idhospital15,0.00331565273150743
medical_service_provider_idhospital22,0.003172071921081809
primary_procedure_codeS1200024,0.002980746101741488
medical_service_provider_idhospital179,0.002886862836514705
medical_service_provider_idhospital74,0.0028598584182244055
medical_service_provider_idhospital50,0.0025889342491992647
primary_procedure_codeS1200025,0.0025215150271325768
gender_flag,0.0017761782386402178
primary_procedure_codeS500092,0.0007975659719808373
claim_amount_flag,0.000581889038364349
treatment_date_validity_flag,0.0002471488850622104
close_prox_flag,0.00012018960070417276
