Feature Name,Relative Importance,Parent Feature Name
benefit_typeSURGICAL,0.15224564416336148,benefit_typeSURGICAL
claim_paid_amount,0.15716058621859066,claim_paid_amount
no_of_days_stayed,0.39213487824433013,no_of_days_stayed
primary_procedure_codeM100008,0.00791400033571174,primary_procedure_codeM100008
primary_procedure_codeM100009,0.04597235078575932,primary_procedure_codeM100009
primary_procedure_codeM100011,0.028399704500711432,primary_procedure_codeM100011
primary_procedure_codeM100026,0.04098085396498889,primary_procedure_codeM100026
primary_procedure_codeM100055,0.007478419146318956,primary_procedure_codeM100055
primary_procedure_codeM100068,0.013876063090831772,primary_procedure_codeM100068
primary_procedure_codeM700004,0.00720485140635982,primary_procedure_codeM700004
primary_procedure_codeS100181,0.004003147758228601,primary_procedure_codeS100181
primary_procedure_codeS100214,0.11156886931044194,primary_procedure_codeS100214
primary_procedure_codeS1200024,0.002980746101741488,primary_procedure_codeS1200024
primary_procedure_codeS1200025,0.0025215150271325768,primary_procedure_codeS1200025
primary_procedure_codeS400034,0.03568402019064222,primary_procedure_codeS400034
primary_procedure_codeS500092,0.0007975659719808373,primary_procedure_codeS500092
primary_procedure_codeS500096,0.004541716748112785,primary_procedure_codeS500096
primary_procedure_codeU100,0.05822801293622366,primary_procedure_codeU100
birth_date,0.5970698062818227,birth_date
gender_codeMale,1.0,gender_codeMale
hospital_typePublic,0.40686574820936783,hospital_typePublic
claim_count_pa,0.18266909313206053,claim_count_pa
residence_locationlocation10,0.018823410828661923,residence_locationlocation10
residence_locationlocation11,0.02946441952654072,residence_locationlocation11
residence_locationlocation12,0.0341682062844717,residence_locationlocation12
residence_locationlocation16,0.07418281833744475,residence_locationlocation16
residence_locationlocation17,0.009501711372156722,residence_locationlocation17
residence_locationlocation19,0.04919792557252926,residence_locationlocation19
residence_locationlocation2,0.08867148477897045,residence_locationlocation2
residence_locationlocation20,0.06349137709496555,residence_locationlocation20
residence_locationlocation4,0.05463226865460575,residence_locationlocation4
residence_locationlocation5,0.07453779281222749,residence_locationlocation5
residence_locationlocation6,0.044126951028945545,residence_locationlocation6
residence_locationlocation7,0.035679298538655486,residence_locationlocation7
residence_locationlocation8,0.022170447142015094,residence_locationlocation8
medical_service_provider_idhospital148,0.005190774168974463,medical_service_provider_idhospital148
medical_service_provider_idhospital15,0.00331565273150743,medical_service_provider_idhospital15
medical_service_provider_idhospital179,0.002886862836514705,medical_service_provider_idhospital179
medical_service_provider_idhospital18,0.014906904401767496,medical_service_provider_idhospital18
medical_service_provider_idhospital22,0.003172071921081809,medical_service_provider_idhospital22
medical_service_provider_idhospital248,0.01000748868012577,medical_service_provider_idhospital248
medical_service_provider_idhospital249,0.01018776663358862,medical_service_provider_idhospital249
medical_service_provider_idhospital256,0.008306248680252076,medical_service_provider_idhospital256
medical_service_provider_idhospital259,0.011410578355016182,medical_service_provider_idhospital259
medical_service_provider_idhospital284,0.009008378478859757,medical_service_provider_idhospital284
medical_service_provider_idhospital31,0.0033557535462206455,medical_service_provider_idhospital31
medical_service_provider_idhospital315,0.015447146470891054,medical_service_provider_idhospital315
medical_service_provider_idhospital367,0.00540552745774014,medical_service_provider_idhospital367
medical_service_provider_idhospital43,0.015897183523879803,medical_service_provider_idhospital43
medical_service_provider_idhospital50,0.0025889342491992647,medical_service_provider_idhospital50
medical_service_provider_idhospital6,0.01381050961057561,medical_service_provider_idhospital6
medical_service_provider_idhospital63,0.007664143868120357,medical_service_provider_idhospital63
medical_service_provider_idhospital74,0.0028598584182244055,medical_service_provider_idhospital74
medical_service_provider_idhospital92,0.005034768888167087,medical_service_provider_idhospital92
medical_service_provider_idOthers,0.6017513852895758,medical_service_provider_idOthers
hospital_locationlocation10,0.025513662446034962,hospital_locationlocation10
hospital_locationlocation11,0.02900675544185581,hospital_locationlocation11
hospital_locationlocation12,0.03766626158466138,hospital_locationlocation12
hospital_locationlocation13,0.050215136188989415,hospital_locationlocation13
hospital_locationlocation14,0.05238280761174719,hospital_locationlocation14
hospital_locationlocation15,0.15221980519764278,hospital_locationlocation15
hospital_locationlocation16,0.06604196084035947,hospital_locationlocation16
hospital_locationlocation17,0.010223931213627517,hospital_locationlocation17
hospital_locationlocation18,0.05092182789633203,hospital_locationlocation18
hospital_locationlocation19,0.05736704611968183,hospital_locationlocation19
hospital_locationlocation2,0.12581674674837012,hospital_locationlocation2
hospital_locationlocation20,0.05442964095744902,hospital_locationlocation20
hospital_locationlocation21,0.037563957623951524,hospital_locationlocation21
hospital_locationlocation22,0.06001886242893893,hospital_locationlocation22
hospital_locationlocation3,0.1770473416207664,hospital_locationlocation3
hospital_locationlocation4,0.029309792092519996,hospital_locationlocation4
hospital_locationlocation5,0.027557655443965087,hospital_locationlocation5
hospital_locationlocation6,0.03240893950163668,hospital_locationlocation6
hospital_locationlocation7,0.02806847529178215,hospital_locationlocation7
hospital_locationlocation8,0.020583736560908988,hospital_locationlocation8
hospital_locationlocation9,0.11628497655316206,hospital_locationlocation9
treatment_start_date,0.06826695959238113,treatment_start_date
treatment_end_date,0.07451822527480188,treatment_end_date
claim_reported_date,0.09389692203601332,claim_reported_date
package_amount_trigger,0.04195222806261936,package_amount_trigger
claim_amount_ratio,0.7023103079106157,claim_amount_ratio
claim_amount_flag,0.000581889038364349,claim_amount_flag
admission_days_trigger,0.02740087278636457,admission_days_trigger
hosp_days_flag,0.07460421839586968,hosp_days_flag
gender_triggerFemale,0.030845377886402355,gender_triggerFemale
gender_flag,0.0017761782386402178,gender_flag
claim_count_trigger,0.01456128634361039,claim_count_trigger
claim_count_flag,0.0661362531153968,claim_count_flag
claim_duration_days,0.01396383881481162,claim_duration_days
close_prox_flag,0.00012018960070417276,close_prox_flag
treatment_date_validity_flag,0.0002471488850622104,treatment_date_validity_flag
hospital_empanelled_flag,0.0957069297959822,hospital_empanelled_flag
