Feature Name,Feature Value,Partial Dependence,Feature Omitted Data [%],Feature Plot Data is Capped
gender_codeMale,Bin 0,0.5024162335287938,0,False
gender_codeMale,Bin 0.011244294800900962,0.936369108643183,0,False
gender_codeMale,Bin 0.05994945780676096,0.9370863522320995,0,False
gender_codeMale,Bin 0.10785322912917247,0.937174906163757,0,False
gender_codeMale,Bin 0.15752325494759123,0.9372080291384917,0,False
gender_codeMale,Bin 0.2043337959999999,0.9372247834643995,0,False
gender_codeMale,Bin 0.252647255504212,0.937295782126706,0,False
gender_codeMale,Bin 0.3007548612449319,0.9373133368300696,0,False
gender_codeMale,Bin 0.34710948000000014,0.9373215228548304,0,False
gender_codeMale,Bin 0.3960159768536692,0.9373338987046242,0,False
gender_codeMale,Bin 0.4433973249047994,0.9373338987046242,0,False
gender_codeMale,Bin 0.49198077075986246,0.9373338988152675,0,False
gender_codeMale,Bin 0.540884752,0.9373389484136352,0,False
gender_codeMale,Bin 0.5874292,0.9373552071555903,0,False
gender_codeMale,Bin 0.6347744161635638,0.9373558405392997,0,False
gender_codeMale,Bin 0.6833113624514472,0.9373558405392997,0,False
gender_codeMale,Bin 0.7323747570710585,0.9373560191438457,0,False
gender_codeMale,Bin 0.7809261212311683,0.9373560191438457,0,False
gender_codeMale,Bin 0.8300526717347801,0.9373560191438457,0,False
gender_codeMale,Bin 0.8801666811529815,0.9373560191438457,0,False
gender_codeMale,Bin 0.9296904264390468,0.9373598605205171,0,False
gender_codeMale,Bin 0.9788706253096459,0.9373598605205171,0,False
gender_codeMale,Bin 1,0.5066252415989204,0,False
gender_codeMale,Bin nan,0.9373552071555903,0,False
claim_amount_ratio,Bin 0,0.5022054135704683,0,True
claim_amount_ratio,Bin 0.1086957,0.5095731974166265,0,True
claim_amount_ratio,Bin 0.1809045,0.5160431823952577,0,True
claim_amount_ratio,Bin 0.20330086727330565,0.5212321315935888,0,True
claim_amount_ratio,Bin 0.23376620000000006,0.4786615880364787,0,True
claim_amount_ratio,Bin 0.24,0.5172928901975917,0,True
claim_amount_ratio,Bin 0.2667121775430912,0.5185439295655114,0,True
claim_amount_ratio,Bin 0.32529838570026665,0.5203661049484006,0,True
claim_amount_ratio,Bin 0.38542451104006537,0.52085574459748,0,True
claim_amount_ratio,Bin 0.4368643910000001,0.52068577493889,0,True
claim_amount_ratio,Bin 0.4806650713949234,0.5204434581474361,0,True
claim_amount_ratio,Bin 0.5232328494126747,0.5197721483030903,0,True
claim_amount_ratio,Bin 0.5555555999999999,0.5180444568388037,0,True
claim_amount_ratio,Bin 0.5670864359243069,0.5189579680598226,0,True
claim_amount_ratio,Bin 0.5969849,0.5185410377164854,0,True
claim_amount_ratio,Bin 0.6256968683884875,0.518884294664772,0,True
claim_amount_ratio,Bin 0.6506024,0.5182498394179809,0,True
claim_amount_ratio,Bin 0.6777927424734914,0.518634578662155,0,True
claim_amount_ratio,Bin 0.7036729174072931,0.5200373079653428,0,True
claim_amount_ratio,Bin 0.7222885554481924,0.5213775490081323,0,True
claim_amount_ratio,Bin 0.7404495339499397,0.5207063988604763,0,True
claim_amount_ratio,Bin 0.75,0.5198216823925609,0,True
claim_amount_ratio,Bin 0.7517014369999999,0.5282079971631565,0,True
claim_amount_ratio,Bin 0.7617890829741346,0.5331762657204153,0,True
claim_amount_ratio,Bin 0.7692307692307689,0.5073292915143565,0,True
claim_amount_ratio,Bin 0.7692308000000001,0.5073292915143565,0,True
claim_amount_ratio,Bin 0.771619945052719,0.5389380923183461,0,True
claim_amount_ratio,Bin 0.778209619551766,0.5388529839130914,0,True
claim_amount_ratio,Bin 0.7826086999999999,0.5344509561872272,0,True
claim_amount_ratio,Bin 0.7889546,0.531605282339017,0,True
claim_amount_ratio,Bin 0.792181698,0.5379089487415939,0,True
claim_amount_ratio,Bin 0.7979776936597804,0.5361110616629521,0,True
claim_amount_ratio,Bin 0.8044076604178196,0.5380705673285426,0,True
claim_amount_ratio,Bin 0.8064515999999999,0.5342394967656259,0,True
claim_amount_ratio,Bin 0.810764034746512,0.5389820450966556,0,True
claim_amount_ratio,Bin 0.8154163045943802,0.5433506025795084,0,True
claim_amount_ratio,Bin 0.8220691246926211,0.5433506025795084,0,True
claim_amount_ratio,Bin 0.8286206432303401,0.5433463296915632,0,True
claim_amount_ratio,Bin 0.8333333,0.536476159409288,0,True
claim_amount_ratio,Bin 0.8342890973171803,0.5865676918629078,0,True
claim_amount_ratio,Bin 0.8415693773537132,0.5942146337100528,0,True
claim_amount_ratio,Bin 0.8461538000000001,0.466855794749404,0,True
claim_amount_ratio,Bin 0.8461538461538459,0.9214831205529351,0,True
claim_amount_ratio,Bin 0.8491239598689932,0.654793750876812,0,True
claim_amount_ratio,Bin 0.85,0.6412378768892125,0,True
claim_amount_ratio,Bin 0.8540693122179857,0.7070229476956889,0,True
claim_amount_ratio,Bin 0.8608696,0.6891758313669915,0,True
claim_amount_ratio,Bin 0.8674699,0.6594277438699501,0,True
claim_amount_ratio,Bin 0.8719137006688217,0.669125457594958,0,True
claim_amount_ratio,Bin 0.8786528670034679,0.7035347753743139,0,True
claim_amount_ratio,Bin 0.8846153846153849,0.9795215003204873,0,True
claim_amount_ratio,Bin 0.8846154,0.4674381649555462,0,True
claim_amount_ratio,Bin 0.8933552,0.5367758074901242,0,True
claim_amount_ratio,Bin 0.9081959349184767,0.6729448273632186,0,True
claim_amount_ratio,Bin 0.9230769,0.5060908470166542,0,True
claim_amount_ratio,Bin 0.9350649,0.5059901583997063,0,True
claim_amount_ratio,Bin 0.9782609,0.5080537668448676,0,True
claim_amount_ratio,Bin 1.0439359999999986,0.5081833610413936,0,True
claim_amount_ratio,Bin 1.129333299544306,0.5590680071004591,0,True
claim_amount_ratio,Bin 1.196988987165332,0.5239073746098863,0,True
claim_amount_ratio,Bin 1.3178887628207332,0.5169170993590863,0,True
claim_amount_ratio,Bin nan,0.5388529839130914,0,True
medical_service_provider_idOthers,Bin 0,0.5076448269593783,0,False
medical_service_provider_idOthers,Bin 0.04233489473294517,0.8150442506212618,0,False
medical_service_provider_idOthers,Bin 0.098487448416035,0.8156063026824713,0,False
medical_service_provider_idOthers,Bin 0.15243193479254877,0.8157217200210315,0,False
medical_service_provider_idOthers,Bin 0.20648869022726984,0.8158028092484663,0,False
medical_service_provider_idOthers,Bin 0.2619326966349037,0.8160152677914937,0,False
medical_service_provider_idOthers,Bin 0.31620769600000004,0.8160152677914937,0,False
medical_service_provider_idOthers,Bin 0.36955579200000005,0.8160152677914937,0,False
medical_service_provider_idOthers,Bin 0.42469384173512903,0.8161200283902509,0,False
medical_service_provider_idOthers,Bin 0.47841434000000005,0.8161301994089029,0,False
medical_service_provider_idOthers,Bin 0.5329152166470886,0.8161940738696881,0,False
medical_service_provider_idOthers,Bin 0.586423598391153,0.8163419617138316,0,False
medical_service_provider_idOthers,Bin 0.6402641426492479,0.8163419617138316,0,False
medical_service_provider_idOthers,Bin 0.6941198200000002,0.8163419617138316,0,False
medical_service_provider_idOthers,Bin 0.7489543394837528,0.8163419617138316,0,False
medical_service_provider_idOthers,Bin 0.8017095894552768,0.8163419617138316,0,False
medical_service_provider_idOthers,Bin 0.8587036281737747,0.8163816435744337,0,False
medical_service_provider_idOthers,Bin 0.913454406568781,0.8163816435744337,0,False
medical_service_provider_idOthers,Bin 0.9703033312482274,0.8163816435744337,0,False
medical_service_provider_idOthers,Bin 1,0.5054762601203003,0,False
medical_service_provider_idOthers,Bin nan,0.5054762601203003,0,False
birth_date,Bin 19,0.5063645398991433,0,True
birth_date,Bin 20,0.5031369748424832,0,True
birth_date,Bin 21,0.5023001960637246,0,True
birth_date,Bin 21.222376374453308,0.564735772607677,0,True
birth_date,Bin 22,0.4982890001082585,0,True
birth_date,Bin 22.70099209834551,0.6207098713288575,0,True
birth_date,Bin 23,0.502219108576309,0,True
birth_date,Bin 23.667729483339933,0.5955917026660367,0,True
birth_date,Bin 24,0.5011659577932069,0,True
birth_date,Bin 24.44851234666999,0.642466438899867,0,True
birth_date,Bin 25,0.5024644598259906,0,True
birth_date,Bin 25.062710027182483,0.6018058804211089,0,True
birth_date,Bin 26,0.5018696319579051,0,True
birth_date,Bin 26.58769530693399,0.5669762185055321,0,True
birth_date,Bin 27,0.5021073900459622,0,True
birth_date,Bin 27.2230215807352,0.5692814749272023,0,True
birth_date,Bin 28,0.49915013741752057,0,True
birth_date,Bin 28.880947207659478,0.5845885304713218,0,True
birth_date,Bin 29,0.5063157597186889,0,True
birth_date,Bin 29.733844748589355,0.604382820567559,0,True
birth_date,Bin 30,0.5024898051245086,0,True
birth_date,Bin 30.60668037079277,0.5947701967479154,0,True
birth_date,Bin 31,0.5053202231811641,0,True
birth_date,Bin 31.50488964954486,0.582982984707432,0,True
birth_date,Bin 32,0.5039502196568242,0,True
birth_date,Bin 32.468982000000004,0.5494717640855087,0,True
birth_date,Bin 33,0.5074117684117476,0,True
birth_date,Bin 33.4230205061613,0.5662492381613381,0,True
birth_date,Bin 34,0.5043182150192034,0,True
birth_date,Bin 34.206221319567376,0.5801755365913972,0,True
birth_date,Bin 35,0.4991131174260434,0,True
birth_date,Bin 35.202542313572955,0.5924144847197297,0,True
birth_date,Bin 36,0.501885410985975,0,True
birth_date,Bin 36.31991660287606,0.6234857787283266,0,True
birth_date,Bin 37,0.5090131662470447,0,True
birth_date,Bin 37.539581543193506,0.5755367641705947,0,True
birth_date,Bin 38,0.5041264196837815,0,True
birth_date,Bin 38.629890183251526,0.5687791179200599,0,True
birth_date,Bin 39,0.5075090688654535,0,True
birth_date,Bin 39.684665498822014,0.5589141532515498,0,True
birth_date,Bin 40,0.5029371074076956,0,True
birth_date,Bin 40.87023640000001,0.5655463985638044,0,True
birth_date,Bin 41,0.5050621980544933,0,True
birth_date,Bin 41.50495156126821,0.573937559416338,0,True
birth_date,Bin 42,0.5052923554527357,0,True
birth_date,Bin 42.27465649770573,0.5999517291407479,0,True
birth_date,Bin 43,0.5064236563111865,0,True
birth_date,Bin 43.1005119622539,0.5952088581904843,0,True
birth_date,Bin 43.95045012104915,0.5953156945625062,0,True
birth_date,Bin 44,0.5018372848479734,0,True
birth_date,Bin 44.798261198895744,0.618621498023297,0,True
birth_date,Bin 45,0.504026814997927,0,True
birth_date,Bin 45.649765195953684,0.6103756988703426,0,True
birth_date,Bin 46,0.5053022559496922,0,True
birth_date,Bin 46.17022454787889,0.590412412564091,0,True
birth_date,Bin 46.96400689104156,0.5906175016869132,0,True
birth_date,Bin 47,0.5072049768075382,0,True
birth_date,Bin 47.7229062281083,0.5944112310256969,0,True
birth_date,Bin 48,0.5083516976752923,0,True
birth_date,Bin 48.474453288521644,0.6283221632372559,0,True
birth_date,Bin 49,0.5026834756391881,0,True
birth_date,Bin 49.14144303016369,0.6516482853037653,0,True
birth_date,Bin 49.97693234227895,0.651944279884838,0,True
birth_date,Bin 50,0.5008797186362874,0,True
birth_date,Bin 50.678993890656024,0.6593064040822427,0,True
birth_date,Bin 51,0.5026294798927591,0,True
birth_date,Bin 51.335927727362375,0.6699775148155251,0,True
birth_date,Bin 52,0.5012539735945127,0,True
birth_date,Bin 52.80999917526965,0.6101131591227256,0,True
birth_date,Bin 53,0.506247436937731,0,True
birth_date,Bin 53.645398036699795,0.6221943907650564,0,True
birth_date,Bin 54,0.5069133947471204,0,True
birth_date,Bin 54.38389093489727,0.6374876594842971,0,True
birth_date,Bin 55,0.5032653719308997,0,True
birth_date,Bin 55.386767421860824,0.6775240648915157,0,True
birth_date,Bin 56,0.4992035254724907,0,True
birth_date,Bin 56.372679246464735,0.6134743140961649,0,True
birth_date,Bin 57,0.4997920160050121,0,True
birth_date,Bin 57.232945780423435,0.6057285394078211,0,True
birth_date,Bin 58,0.5020235487564326,0,True
birth_date,Bin 58.43513836491611,0.5664934563413929,0,True
birth_date,Bin 59,0.5049645333906992,0,True
birth_date,Bin 60,0.5015523446072427,0,True
birth_date,Bin 60.737514667224914,0.5223858921645421,0,True
birth_date,Bin 61,0.5042918256059249,0,True
birth_date,Bin 62,0.49929045066395517,0,True
birth_date,Bin 63,0.5018772887031483,0,True
birth_date,Bin 63.79724891841412,0.540969266489151,0,True
birth_date,Bin 64.45098497632391,0.5430427059178905,0,True
birth_date,Bin 65.23639661692856,0.5490859568431486,0,True
birth_date,Bin 66,0.5008300033927913,0,True
birth_date,Bin 67,0.5077824704112166,0,True
birth_date,Bin 68,0.506472872117212,0,True
birth_date,Bin 69,0.5046808734308634,0,True
birth_date,Bin 70.15680036810336,0.5253704695471278,0,True
birth_date,Bin 72,0.5070551521866021,0,True
birth_date,Bin nan,0.5952088581904843,0,True
hospital_typePublic,Bin 0,0.5063883930476872,0,False
hospital_typePublic,Bin 0.047518323566035754,0.7766687137718413,0,False
hospital_typePublic,Bin 0.11304656400000057,0.7769666727271825,0,False
hospital_typePublic,Bin 0.1781302939634771,0.7770687690251197,0,False
hospital_typePublic,Bin 0.24370727027766617,0.7770732057394496,0,False
hospital_typePublic,Bin 0.31055584599647373,0.7771089790232474,0,False
hospital_typePublic,Bin 0.37485638921180464,0.7772380918215835,0,False
hospital_typePublic,Bin 0.4360594537295396,0.7772489710779689,0,False
hospital_typePublic,Bin 0.5000849823933092,0.7773003753002758,0,False
hospital_typePublic,Bin 0.5643792726072363,0.7773003751057526,0,False
hospital_typePublic,Bin 0.6284394853104747,0.7773126055042412,0,False
hospital_typePublic,Bin 0.69188505182974,0.7773126055042412,0,False
hospital_typePublic,Bin 0.7575175011732674,0.7773126055042412,0,False
hospital_typePublic,Bin 0.8223933696183228,0.777327669463231,0,False
hospital_typePublic,Bin 0.8890506880000009,0.777327669463231,0,False
hospital_typePublic,Bin 0.9536971822474163,0.7773324298273367,0,False
hospital_typePublic,Bin 1,0.506083118022307,0,False
hospital_typePublic,Bin nan,0.5063883930476872,0,False
no_of_days_stayed,Bin 1,0.5046047409068073,0,True
no_of_days_stayed,Bin 1.078961,0.6120590017741263,0,True
no_of_days_stayed,Bin 1.2938123524647003,0.61214198023869,0,True
no_of_days_stayed,Bin 1.499632322423905,0.6122393426299775,0,True
no_of_days_stayed,Bin 1.7151467072311826,0.6122393426299775,0,True
no_of_days_stayed,Bin 1.9294212300190745,0.6122393426299775,0,True
no_of_days_stayed,Bin 2,0.5063588018775177,0,True
no_of_days_stayed,Bin 2.1708472118340456,0.6366378912348977,0,True
no_of_days_stayed,Bin 2.416169063477824,0.636930235850406,0,True
no_of_days_stayed,Bin 2.663070736588321,0.6369491717022504,0,True
no_of_days_stayed,Bin 2.9184123525209715,0.6369686965332236,0,True
no_of_days_stayed,Bin 3,0.505553004287064,0,True
no_of_days_stayed,Bin 3.0588364373141013,0.6408200232632707,0,True
no_of_days_stayed,Bin 3.3251448704155764,0.6414007031082201,0,True
no_of_days_stayed,Bin 3.5754028754214273,0.6414295489944496,0,True
no_of_days_stayed,Bin 3.8273444466106628,0.6415224899687977,0,True
no_of_days_stayed,Bin 4,0.5038456987647602,0,True
no_of_days_stayed,Bin 4.1080375035401335,0.6513709087175686,0,True
no_of_days_stayed,Bin 4.405134377763603,0.6523157917114711,0,True
no_of_days_stayed,Bin 4.680866007918149,0.6524128074265934,0,True
no_of_days_stayed,Bin 4.978371652802452,0.6524128074265934,0,True
no_of_days_stayed,Bin 5,0.5090513366252369,0,True
no_of_days_stayed,Bin 5.0687303188404655,0.5837319545269508,0,True
no_of_days_stayed,Bin 5.4591095123850435,0.5843488728518115,0,True
no_of_days_stayed,Bin 5.8343773928343765,0.5845610330582158,0,True
no_of_days_stayed,Bin 6,0.505976843563601,0,True
no_of_days_stayed,Bin 6.368999704681341,0.5788281412568494,0,True
no_of_days_stayed,Bin 6.898000000000002,0.5788632381043183,0,True
no_of_days_stayed,Bin 7,0.5075843044844848,0,True
no_of_days_stayed,Bin 7.675499834984072,0.5480493025119731,0,True
no_of_days_stayed,Bin 8,0.5081231458645965,0,True
no_of_days_stayed,Bin 9,0.5014222588660103,0,True
no_of_days_stayed,Bin 9.662307768444709,0.5438294960364024,0,True
no_of_days_stayed,Bin 10.68021800443531,0.5160427310439596,0,True
no_of_days_stayed,Bin 12.261570999999991,0.5104637468261214,0,True
no_of_days_stayed,Bin nan,0.61214198023869,0,True
claim_count_pa,Bin 1,0.5030264896888148,0,False
claim_count_pa,Bin 1.218115208391102,0.5593528646030476,0,False
claim_count_pa,Bin 1.4664130810662268,0.559493285197715,0,False
claim_count_pa,Bin 1.7211439317278563,0.5594980129643115,0,False
claim_count_pa,Bin 1.97247490948066,0.5596233378567975,0,False
claim_count_pa,Bin 2,0.5026028324040644,0,False
claim_count_pa,Bin 2.311282005002721,0.520481861798281,0,False
claim_count_pa,Bin 3,0.503551260989128,0,False
claim_count_pa,Bin 3.913627948679689,0.510853016347039,0,False
claim_count_pa,Bin 5,0.5042915151373989,0,False
claim_count_pa,Bin 7,0.5013102750037616,0,False
claim_count_pa,Bin 9.57969997980256,0.5090957952783328,0,False
claim_count_pa,Bin 12.048956857714824,0.5096501684429586,0,False
claim_count_pa,Bin 15,0.5082865883099322,0,False
claim_count_pa,Bin 17.760226606492413,0.5115186899225401,0,False
claim_count_pa,Bin 20.127401506630722,0.5106025188282316,0,False
claim_count_pa,Bin 22.669976399999992,0.5088101646830425,0,False
claim_count_pa,Bin 24.9589001536369,0.5075014267476763,0,False
claim_count_pa,Bin 27,0.5134472180265534,0,False
claim_count_pa,Bin 29,0.5142921328492084,0,False
claim_count_pa,Bin 31.006700300898885,0.5101023279681969,0,False
claim_count_pa,Bin 33,0.5043607247390822,0,False
claim_count_pa,Bin 35,0.51177634407812,0,False
claim_count_pa,Bin 36.44636006346903,0.508888239931151,0,False
claim_count_pa,Bin 38,0.508486604368051,0,False
claim_count_pa,Bin 39.7488989075304,0.509053420682876,0,False
claim_count_pa,Bin 41,0.5118267881369111,0,False
claim_count_pa,Bin 42.807290551921795,0.5058952425947522,0,False
claim_count_pa,Bin 44,0.5120796481615457,0,False
claim_count_pa,Bin 45.29670947938687,0.5131668576532126,0,False
claim_count_pa,Bin 46.85934901045634,0.5127223920233593,0,False
claim_count_pa,Bin 48,0.5147347253957995,0,False
claim_count_pa,Bin 49.09471674772729,0.5112958808297718,0,False
claim_count_pa,Bin 50.811510863239,0.5100755400914747,0,False
claim_count_pa,Bin 52,0.5144566610581415,0,False
claim_count_pa,Bin 53.42751607996408,0.5132315102593827,0,False
claim_count_pa,Bin 55,0.5097560115042005,0,False
claim_count_pa,Bin 56.46442780587822,0.5076597509099754,0,False
claim_count_pa,Bin 58,0.5090692564777665,0,False
claim_count_pa,Bin 59.3504222520441,0.5131752830647669,0,False
claim_count_pa,Bin 60.83907663492956,0.5190554228227725,0,False
claim_count_pa,Bin 62,0.507240720595842,0,False
claim_count_pa,Bin 63.1971344337799,0.5107622973937825,0,False
claim_count_pa,Bin 64.88900723788555,0.5152193730505626,0,False
claim_count_pa,Bin 66.04276580715553,0.5114589580455456,0,False
claim_count_pa,Bin 68,0.5104456963798525,0,False
claim_count_pa,Bin 69.05894967529925,0.51423588057335,0,False
claim_count_pa,Bin 70.90596129661951,0.5113537149373413,0,False
claim_count_pa,Bin 72,0.5060578875045488,0,False
claim_count_pa,Bin 73.52744799999998,0.5144577680615158,0,False
claim_count_pa,Bin 75.21978352889019,0.5142965697562029,0,False
claim_count_pa,Bin 77,0.5140049713973526,0,False
claim_count_pa,Bin 78.08057198124003,0.5154783269707979,0,False
claim_count_pa,Bin 80,0.5079223409716903,0,False
claim_count_pa,Bin 81,0.5010572320295517,0,False
claim_count_pa,Bin 82.71508875264593,0.5185783162802937,0,False
claim_count_pa,Bin 84.32145384375008,0.521584128447045,0,False
claim_count_pa,Bin 86.10440880639237,0.5179885702326126,0,False
claim_count_pa,Bin 88.08673029817645,0.515626837208757,0,False
claim_count_pa,Bin 90.15173665684476,0.5265918893877803,0,False
claim_count_pa,Bin 92,0.523243915190873,0,False
claim_count_pa,Bin 94,0.505232228918344,0,False
claim_count_pa,Bin 96,0.49627580454653003,0,False
claim_count_pa,Bin 98.22129639999999,0.5119146828288005,0,False
claim_count_pa,Bin 101.04280215611958,0.4995249453131661,0,False
claim_count_pa,Bin 105.70768082270538,0.5050703278719835,0,False
claim_count_pa,Bin 114,0.5098963027783808,0,False
claim_count_pa,Bin nan,0.5075014267476763,0,False
hospital_locationlocation3,Bin 0,0.5070738708784719,0,False
hospital_locationlocation3,Bin 0.16159527501091325,0.774614982185706,0,False
hospital_locationlocation3,Bin 0.3271622960000006,0.7746633914876613,0,False
hospital_locationlocation3,Bin 0.496102443560958,0.7746756769130649,0,False
hospital_locationlocation3,Bin 0.6610784560557955,0.7746756769130649,0,False
hospital_locationlocation3,Bin 0.8252908681984986,0.7746756769130649,0,False
hospital_locationlocation3,Bin 0.9903347507398569,0.7746404279692742,0,False
hospital_locationlocation3,Bin 1,0.5039647237238779,0,False
hospital_locationlocation3,Bin nan,0.5070738708784719,0,False
claim_paid_amount,Bin 0,0.5118159270778282,0,True
claim_paid_amount,Bin 605.5194269819191,0.5633610900226272,0,True
claim_paid_amount,Bin 1000,0.5412679787953824,0,True
claim_paid_amount,Bin 1474.2814308297823,0.5417951221209856,0,True
claim_paid_amount,Bin 1700,0.5396172111979831,0,True
claim_paid_amount,Bin 1764.3977531906498,0.5473827566729267,0,True
claim_paid_amount,Bin 1800,0.529301428039204,0,True
claim_paid_amount,Bin 1848.5754805672736,0.5571302277204666,0,True
claim_paid_amount,Bin 1921.3602058030642,0.5559046369985883,0,True
claim_paid_amount,Bin 1992.3505945084632,0.5340749441219194,0,True
claim_paid_amount,Bin 2000,0.5085430775884315,0,True
claim_paid_amount,Bin 2015.8794047554122,0.5377825768514654,0,True
claim_paid_amount,Bin 2043.4896659526787,0.5377099026432078,0,True
claim_paid_amount,Bin 2070.750608684497,0.5364124981104215,0,True
claim_paid_amount,Bin 2099.6622558307613,0.5364439462182224,0,True
claim_paid_amount,Bin 2127.843356743459,0.5364439462182224,0,True
claim_paid_amount,Bin 2156.109914572674,0.5364439462182224,0,True
claim_paid_amount,Bin 2183.933770861474,0.5289574092207148,0,True
claim_paid_amount,Bin 2200,0.5069311961589849,0,True
claim_paid_amount,Bin 2216.242662868182,0.5278091794217529,0,True
claim_paid_amount,Bin 2239.8564936751977,0.5278277685480366,0,True
claim_paid_amount,Bin 2264.4027781225736,0.5279326683036523,0,True
claim_paid_amount,Bin 2288.0862279398802,0.5279326683036523,0,True
claim_paid_amount,Bin 2300,0.5080388784668335,0,True
claim_paid_amount,Bin 2361.9262932051565,0.5159300412074017,0,True
claim_paid_amount,Bin 2400,0.5094045060760445,0,True
claim_paid_amount,Bin 2705.1591911028686,0.5163636966666013,0,True
claim_paid_amount,Bin 3284.0279488451806,0.5163391077319212,0,True
claim_paid_amount,Bin 3680.263034918343,0.5133593867054675,0,True
claim_paid_amount,Bin 4228.7265580370995,0.5151843728234705,0,True
claim_paid_amount,Bin 4880.83200931549,0.5103246466406812,0,True
claim_paid_amount,Bin 5400,0.5059339831105929,0,True
claim_paid_amount,Bin 5469.205895185903,0.5153726863210455,0,True
claim_paid_amount,Bin 6026.406348299211,0.5166529397426873,0,True
claim_paid_amount,Bin 6644.113313935396,0.5121018449953898,0,True
claim_paid_amount,Bin 7200,0.5100357406204166,0,True
claim_paid_amount,Bin 7203.85133433215,0.5177908393631527,0,True
claim_paid_amount,Bin 7500,0.5110987744612704,0,True
claim_paid_amount,Bin 7858.682266599118,0.5173838695213828,0,True
claim_paid_amount,Bin 8224.406584436536,0.514451774672515,0,True
claim_paid_amount,Bin 8654.169303231474,0.5145872812313794,0,True
claim_paid_amount,Bin 9000,0.5077454003834796,0,True
claim_paid_amount,Bin 9132.003294113425,0.51174376936596,0,True
claim_paid_amount,Bin 10000,0.5103923622145361,0,True
claim_paid_amount,Bin 10800,0.5086241773425252,0,True
claim_paid_amount,Bin 12420,0.49943074171701446,0,True
claim_paid_amount,Bin 14469.606319978324,0.5061894284339244,0,True
claim_paid_amount,Bin 15000,0.5038935953060925,0,True
claim_paid_amount,Bin 17250,0.5034877102691692,0,True
claim_paid_amount,Bin 20000,0.4979634453760863,0,True
claim_paid_amount,Bin 29700,0.5039617012483645,0,True
claim_paid_amount,Bin 71500,0.5041190025315146,0,True
claim_paid_amount,Bin nan,0.5080388784668335,0,True
benefit_typeSURGICAL,Bin 0,0.5053356715330696,0,False
benefit_typeSURGICAL,Bin 0.03386174194574093,0.5798236376141557,0,False
benefit_typeSURGICAL,Bin 0.10144474921748065,0.5800708033959153,0,False
benefit_typeSURGICAL,Bin 0.17144284585490852,0.5801029162775593,0,False
benefit_typeSURGICAL,Bin 0.2389835392746613,0.580204201818859,0,False
benefit_typeSURGICAL,Bin 0.30662552612833655,0.5803512788412265,0,False
benefit_typeSURGICAL,Bin 0.37418632,0.5803512788412265,0,False
benefit_typeSURGICAL,Bin 0.44112650554178273,0.5803556320258024,0,False
benefit_typeSURGICAL,Bin 0.509366672,0.5803587546161646,0,False
benefit_typeSURGICAL,Bin 0.5752181787975129,0.5803752856567141,0,False
benefit_typeSURGICAL,Bin 0.6407333636545539,0.5803752856567141,0,False
benefit_typeSURGICAL,Bin 0.7087973312940445,0.5803788837373208,0,False
benefit_typeSURGICAL,Bin 0.7792248266072116,0.5803788837373208,0,False
benefit_typeSURGICAL,Bin 0.8478525768220423,0.5803788837373208,0,False
benefit_typeSURGICAL,Bin 0.9176392507273703,0.5803788837373208,0,False
benefit_typeSURGICAL,Bin 0.9859622660186141,0.5803788837373208,0,False
benefit_typeSURGICAL,Bin 1,0.5081654175209491,0,False
benefit_typeSURGICAL,Bin nan,0.5081654175209491,0,False
hospital_locationlocation15,Bin 0,0.5077646174072279,0,False
hospital_locationlocation15,Bin 0.01092603015949103,0.6942605147939289,0,False
hospital_locationlocation15,Bin 0.1584747693967079,0.6962103031599531,0,False
hospital_locationlocation15,Bin 0.3108708765264598,0.696323118633178,0,False
hospital_locationlocation15,Bin 0.46192313802428575,0.696323118633178,0,False
hospital_locationlocation15,Bin 0.6143221282885627,0.696356331884682,0,False
hospital_locationlocation15,Bin 0.7677149374012031,0.6963642961295189,0,False
hospital_locationlocation15,Bin 0.9253878693562,0.6963642961295189,0,False
hospital_locationlocation15,Bin 1,0.5048929201415313,0,False
hospital_locationlocation15,Bin nan,0.5077646174072279,0,False
hospital_locationlocation2,Bin 0,0.5073486299155562,0,False
hospital_locationlocation2,Bin 0.04147140827961236,0.6042858651126396,0,False
hospital_locationlocation2,Bin 0.16510723505623887,0.6046029867426314,0,False
hospital_locationlocation2,Bin 0.28771914376877256,0.6046209393753463,0,False
hospital_locationlocation2,Bin 0.41107699200000036,0.6046209393753463,0,False
hospital_locationlocation2,Bin 0.5336621650960298,0.6046219385526546,0,False
hospital_locationlocation2,Bin 0.6547944208057046,0.6046219385526546,0,False
hospital_locationlocation2,Bin 0.7834740120000018,0.6047408571267038,0,False
hospital_locationlocation2,Bin 0.9096410487033424,0.6047373866771896,0,False
hospital_locationlocation2,Bin 1,0.5121110327450313,0,False
hospital_locationlocation2,Bin nan,0.5073486299155562,0,False
hospital_locationlocation9,Bin 0,0.5075364280383319,0,False
hospital_locationlocation9,Bin 0.15045529669150767,0.6878807280319497,0,False
hospital_locationlocation9,Bin 0.3640718999999997,0.6878807280319497,0,False
hospital_locationlocation9,Bin 0.5744667416621072,0.6879364388006588,0,False
hospital_locationlocation9,Bin 0.7799260290393836,0.6879364388006588,0,False
hospital_locationlocation9,Bin 0.9862603965122255,0.6879310019041636,0,False
hospital_locationlocation9,Bin 1,0.5029205118908466,0,False
hospital_locationlocation9,Bin nan,0.5075364280383319,0,False
primary_procedure_codeS100214,Bin 0,0.5051082282177413,0,False
primary_procedure_codeS100214,Bin 0.02056235176859053,0.538272870337461,0,False
primary_procedure_codeS100214,Bin 0.11709705638699244,0.5391749265956355,0,False
primary_procedure_codeS100214,Bin 0.214041112,0.5392329231459956,0,False
primary_procedure_codeS100214,Bin 0.3091478459155781,0.5392627642491287,0,False
primary_procedure_codeS100214,Bin 0.40584912726655564,0.5393044875470555,0,False
primary_procedure_codeS100214,Bin 0.49964161868790646,0.5393064643182317,0,False
primary_procedure_codeS100214,Bin 0.5922406661696726,0.5393089956531099,0,False
primary_procedure_codeS100214,Bin 0.688113737972009,0.5393089956531099,0,False
primary_procedure_codeS100214,Bin 0.7856911999999999,0.5393089956531099,0,False
primary_procedure_codeS100214,Bin 0.8827389523503151,0.5393089956531099,0,False
primary_procedure_codeS100214,Bin 0.9798860989324751,0.5393089956531099,0,False
primary_procedure_codeS100214,Bin 1,0.5136741287135606,0,False
primary_procedure_codeS100214,Bin nan,0.5393089956531099,0,False
hospital_empanelled_flag,Bin 0,0.5045312273322605,0,False
hospital_empanelled_flag,Bin 0.09832627526484436,0.5611589022186663,0,False
hospital_empanelled_flag,Bin 0.2750448439999999,0.5611589022186663,0,False
hospital_empanelled_flag,Bin 0.445005888,0.5611589022186663,0,False
hospital_empanelled_flag,Bin 0.6192548150860194,0.5611589022186663,0,False
hospital_empanelled_flag,Bin 0.7864600806217638,0.5611589022186663,0,False
hospital_empanelled_flag,Bin 0.9553455000000001,0.5611589022186663,0,False
hospital_empanelled_flag,Bin 1,0.5075830599582023,0,False
hospital_empanelled_flag,Bin nan,0.5075830599582023,0,False
claim_reported_date,Bin 1568480805.6,0.526555621577628,0,False
claim_reported_date,Bin 1569234485.7353294,0.5151357427650878,0,False
claim_reported_date,Bin 1569700735.2,0.517999277304238,0,False
claim_reported_date,Bin 1570282915.1282065,0.5188666253861638,0,False
claim_reported_date,Bin 1570793460,0.5185269615829478,0,False
claim_reported_date,Bin 1571155238.4,0.5100156609935543,0,False
claim_reported_date,Bin 1571497998.7517216,0.5126402234511648,0,False
claim_reported_date,Bin 1571848740,0.5027785700361487,0,False
claim_reported_date,Bin 1572270347.5654516,0.5024030014759666,0,False
claim_reported_date,Bin 1572610928.247346,0.5053657950677171,0,False
claim_reported_date,Bin 1572958562.3942301,0.5026013036445472,0,False
claim_reported_date,Bin 1573223772.7649243,0.5007851704263034,0,False
claim_reported_date,Bin 1573653060,0.5015915268203823,0,False
claim_reported_date,Bin 1573913058.6476429,0.5027482381833139,0,False
claim_reported_date,Bin 1574181309.977842,0.5028271638159156,0,False
claim_reported_date,Bin 1574429979.6061823,0.5031570266796371,0,False
claim_reported_date,Bin 1574712446.4,0.5075856215434821,0,False
claim_reported_date,Bin 1574949058.2942033,0.5070701965853402,0,False
claim_reported_date,Bin 1575209807.217344,0.5089995912802537,0,False
claim_reported_date,Bin 1575476316,0.5065169642687049,0,False
claim_reported_date,Bin 1575735431.48,0.5034709467801184,0,False
claim_reported_date,Bin 1576064380.8,0.5029048781952358,0,False
claim_reported_date,Bin 1576317960,0.5017681295759546,0,False
claim_reported_date,Bin 1576581574.8991828,0.5039330872975588,0,False
claim_reported_date,Bin 1576773960,0.5045306691101454,0,False
claim_reported_date,Bin 1577028312.8810735,0.5039494809286578,0,False
claim_reported_date,Bin 1577290019.152528,0.5028481764769296,0,False
claim_reported_date,Bin 1577458748.9546287,0.5048971464236226,0,False
claim_reported_date,Bin 1577785536,0.5025008470624762,0,False
claim_reported_date,Bin 1577991479.376436,0.5023985661086734,0,False
claim_reported_date,Bin 1578249062.4,0.5028275927824489,0,False
claim_reported_date,Bin 1578488009.9186113,0.5039116421834222,0,False
claim_reported_date,Bin 1578671294.191845,0.5063363262681471,0,False
claim_reported_date,Bin 1578991401.105677,0.5055420500502945,0,False
claim_reported_date,Bin 1579177772.4,0.5024487016937087,0,False
claim_reported_date,Bin 1579363451.4,0.5025810047682092,0,False
claim_reported_date,Bin 1579690579.264018,0.5081530527628639,0,False
claim_reported_date,Bin 1579866184.32,0.5021337639888779,0,False
claim_reported_date,Bin 1580065260,0.5051792572194214,0,False
claim_reported_date,Bin 1580227255.623128,0.5051290751421177,0,False
claim_reported_date,Bin 1580390159.565697,0.5060515422782718,0,False
claim_reported_date,Bin 1580569379.4445152,0.5053599819474592,0,False
claim_reported_date,Bin 1580829720,0.5058829211266728,0,False
claim_reported_date,Bin 1581008721.6,0.5027623088336167,0,False
claim_reported_date,Bin 1581248520,0.5077748364289453,0,False
claim_reported_date,Bin 1581438374.4,0.5048110664653286,0,False
claim_reported_date,Bin 1581690889.4687352,0.5050035806051262,0,False
claim_reported_date,Bin 1581936840,0.5076016809014325,0,False
claim_reported_date,Bin 1582117361.4294963,0.5030156389273407,0,False
claim_reported_date,Bin 1582363020,0.5146353351355055,0,False
claim_reported_date,Bin 1582564740.88,0.5065609881397761,0,False
claim_reported_date,Bin 1582724760,0.5049511666331842,0,False
claim_reported_date,Bin 1582901359.2,0.5008196060254987,0,False
claim_reported_date,Bin 1583155167.36,0.5069749882848616,0,False
claim_reported_date,Bin 1583332889.81714,0.5069108109116293,0,False
claim_reported_date,Bin 1583511900,0.5082104626666286,0,False
claim_reported_date,Bin 1583763123.52,0.5103634900320736,0,False
claim_reported_date,Bin 1584007560,0.5077734884544696,0,False
claim_reported_date,Bin 1584183147.4972064,0.5060544871388728,0,False
claim_reported_date,Bin 1584375184.8,0.5107214482467752,0,False
claim_reported_date,Bin 1584544078.484944,0.5025717764691334,0,False
claim_reported_date,Bin 1584711780,0.5025875125122482,0,False
claim_reported_date,Bin 1584961860,0.5027115906270125,0,False
claim_reported_date,Bin 1585133766.3746834,0.5060532920838774,0,False
claim_reported_date,Bin 1585309380,0.5066849788942108,0,False
claim_reported_date,Bin 1585486841.7745268,0.5086199571664873,0,False
claim_reported_date,Bin 1585676908.8,0.5057393147208201,0,False
claim_reported_date,Bin 1585925707.642578,0.5009134150571677,0,False
claim_reported_date,Bin 1586256840.1135504,0.5036423582445817,0,False
claim_reported_date,Bin 1586443482,0.5033556644697126,0,False
claim_reported_date,Bin 1586780231.154224,0.504603593936833,0,False
claim_reported_date,Bin 1587029820,0.5033260390593708,0,False
claim_reported_date,Bin 1587295688.9037168,0.5052254904288112,0,False
claim_reported_date,Bin 1587558209.2919488,0.5065595701170316,0,False
claim_reported_date,Bin 1587840780,0.505267413930605,0,False
claim_reported_date,Bin 1588238288.4518764,0.5068160667734692,0,False
claim_reported_date,Bin 1588595460,0.5061093917791875,0,False
claim_reported_date,Bin 1588873800,0.5084906114435855,0,False
claim_reported_date,Bin 1589299500,0.5039084154932716,0,False
claim_reported_date,Bin 1589632032,0.5031971156463295,0,False
claim_reported_date,Bin 1589991420,0.503057900521959,0,False
claim_reported_date,Bin 1590414185.56,0.5013019697570905,0,False
claim_reported_date,Bin 1590760372.4358451,0.5012764278597163,0,False
claim_reported_date,Bin 1591186120.975459,0.5033935760850937,0,False
claim_reported_date,Bin 1591461864,0.5006728939068664,0,False
claim_reported_date,Bin 1591877450.4,0.5014421853662979,0,False
claim_reported_date,Bin 1592237220,0.5018116023435879,0,False
claim_reported_date,Bin 1592618470.1763337,0.5012505239368265,0,False
claim_reported_date,Bin 1593010368.96,0.5031910379188446,0,False
claim_reported_date,Bin 1593427871.253162,0.5004602442178709,0,False
claim_reported_date,Bin 1593786324,0.4977521382634104,0,False
claim_reported_date,Bin 1594223622.3432767,0.49840568276775127,0,False
claim_reported_date,Bin 1594740016.9052384,0.49652978494339084,0,False
claim_reported_date,Bin 1595161360.1848898,0.49835531729063876,0,False
claim_reported_date,Bin 1595603031.626636,0.49881228666713107,0,False
claim_reported_date,Bin 1596032160,0.4988710855565348,0,False
claim_reported_date,Bin 1596545365.84,0.5009761316631911,0,False
claim_reported_date,Bin 1596984713.1861336,0.49802237987159237,0,False
claim_reported_date,Bin 1597419600,0.4996707458316288,0,False
claim_reported_date,Bin nan,0.5146353351355055,0,False
residence_locationlocation2,Bin 0,0.5080369444795135,0,False
residence_locationlocation2,Bin 0.039140776256099095,0.5654938536231918,0,False
residence_locationlocation2,Bin 0.16362874230369934,0.5657634546510907,0,False
residence_locationlocation2,Bin 0.2861750387512238,0.5657648472635877,0,False
residence_locationlocation2,Bin 0.4099319976682106,0.5657919555846506,0,False
residence_locationlocation2,Bin 0.5327709814776186,0.5658047108861403,0,False
residence_locationlocation2,Bin 0.6542353671157543,0.5658047108861403,0,False
residence_locationlocation2,Bin 0.7825209366437051,0.5658093315860203,0,False
residence_locationlocation2,Bin 0.9091460090968766,0.5658093315860203,0,False
residence_locationlocation2,Bin 1,0.5053485530288141,0,False
residence_locationlocation2,Bin nan,0.5080369444795135,0,False
hosp_days_flag,Bin 0,0.5068334760032643,0,False
hosp_days_flag,Bin 0.028074540006434237,0.5381324402007465,0,False
hosp_days_flag,Bin 0.14290881049418017,0.5382059266421458,0,False
hosp_days_flag,Bin 0.25576981821787537,0.5382059266421458,0,False
hosp_days_flag,Bin 0.36932496609166227,0.5382059266421458,0,False
hosp_days_flag,Bin 0.4798280063759756,0.5382089091888681,0,False
hosp_days_flag,Bin 0.5878686298429963,0.5382134674948469,0,False
hosp_days_flag,Bin 0.699601241087963,0.5382134674948469,0,False
hosp_days_flag,Bin 0.808568513896316,0.5382134674948469,0,False
hosp_days_flag,Bin 0.9197442113629472,0.5382134674948469,0,False
hosp_days_flag,Bin 1,0.5071508679208181,0,False
hosp_days_flag,Bin nan,0.5071508679208181,0,False
residence_locationlocation5,Bin 0,0.5070326150678183,0,False
residence_locationlocation5,Bin 0.019006683590821936,0.6049718115745806,0,False
residence_locationlocation5,Bin 0.2778150480706239,0.6054706612077935,0,False
residence_locationlocation5,Bin 0.5527887415463767,0.6054706612077935,0,False
residence_locationlocation5,Bin 0.8111211365783215,0.6054706612077935,0,False
residence_locationlocation5,Bin 1,0.5046702886775949,0,False
residence_locationlocation5,Bin nan,0.5070326150678183,0,False
treatment_end_date,Bin 18151,0.5006513264549977,0,False
treatment_end_date,Bin 18158.189526693717,0.49835764768837604,0,False
treatment_end_date,Bin 18164.26242211543,0.5062779877952697,0,False
treatment_end_date,Bin 18169.211555961043,0.4999128682974473,0,False
treatment_end_date,Bin 18175,0.5013485011231731,0,False
treatment_end_date,Bin 18180,0.5023063600948633,0,False
treatment_end_date,Bin 18184,0.5048167071358375,0,False
treatment_end_date,Bin 18187.20467812293,0.5050262762444039,0,False
treatment_end_date,Bin 18191,0.5040487675881791,0,False
treatment_end_date,Bin 18194.395773327502,0.5035350263587616,0,False
treatment_end_date,Bin 18198.059804088625,0.5049626936701926,0,False
treatment_end_date,Bin 18202,0.504003107373289,0,False
treatment_end_date,Bin 18205,0.5043809771936255,0,False
treatment_end_date,Bin 18208,0.5059859885515015,0,False
treatment_end_date,Bin 18211,0.5053314840771884,0,False
treatment_end_date,Bin 18214,0.5051313744846162,0,False
treatment_end_date,Bin 18217.463562727135,0.507179092126555,0,False
treatment_end_date,Bin 18220,0.507065889821131,0,False
treatment_end_date,Bin 18222.4036,0.5017728351768059,0,False
treatment_end_date,Bin 18226,0.5087738018575431,0,False
treatment_end_date,Bin 18228.035241148573,0.5053970086522388,0,False
treatment_end_date,Bin 18232,0.5073928714490874,0,False
treatment_end_date,Bin 18234,0.5071834022576367,0,False
treatment_end_date,Bin 18237,0.5058930121631866,0,False
treatment_end_date,Bin 18240,0.5075523691024185,0,False
treatment_end_date,Bin 18243,0.5095300072545103,0,False
treatment_end_date,Bin 18246,0.5098098230037692,0,False
treatment_end_date,Bin 18248,0.5096201944671651,0,False
treatment_end_date,Bin 18250.88954394142,0.5077668706979241,0,False
treatment_end_date,Bin 18254,0.507242378836228,0,False
treatment_end_date,Bin 18257,0.5072253630348601,0,False
treatment_end_date,Bin 18260,0.5077856882287524,0,False
treatment_end_date,Bin 18263,0.5099043520974121,0,False
treatment_end_date,Bin 18266.106163824843,0.5088334209297384,0,False
treatment_end_date,Bin 18269,0.5090851381093491,0,False
treatment_end_date,Bin 18272,0.5094165807563653,0,False
treatment_end_date,Bin 18275,0.5088790509887448,0,False
treatment_end_date,Bin 18277.279728281643,0.5071025448086632,0,False
treatment_end_date,Bin 18280,0.5072242431718418,0,False
treatment_end_date,Bin 18282.79366436076,0.5042074801782791,0,False
treatment_end_date,Bin 18285,0.5054700152217623,0,False
treatment_end_date,Bin 18288,0.5074711347062902,0,False
treatment_end_date,Bin 18290,0.5082483316172365,0,False
treatment_end_date,Bin 18292.28882904811,0.5081497314002059,0,False
treatment_end_date,Bin 18295,0.5067001487764153,0,False
treatment_end_date,Bin 18297.46802305114,0.5081416812310496,0,False
treatment_end_date,Bin 18300,0.5076507454030872,0,False
treatment_end_date,Bin 18302.742493777732,0.5035764597779322,0,False
treatment_end_date,Bin 18305,0.5062428611848737,0,False
treatment_end_date,Bin 18307,0.506572162925605,0,False
treatment_end_date,Bin 18310,0.5070155883693865,0,False
treatment_end_date,Bin 18312,0.5069744215535712,0,False
treatment_end_date,Bin 18314,0.5080587571341725,0,False
treatment_end_date,Bin 18317,0.5070581232397521,0,False
treatment_end_date,Bin 18319.08979738136,0.5056436420818053,0,False
treatment_end_date,Bin 18322,0.5040991784926641,0,False
treatment_end_date,Bin 18324,0.5078135430857993,0,False
treatment_end_date,Bin 18326.2,0.5024350830561792,0,False
treatment_end_date,Bin 18329,0.5051884865817463,0,False
treatment_end_date,Bin 18331.4999757531,0.5032334344948788,0,False
treatment_end_date,Bin 18333.86976287747,0.5085339388087087,0,False
treatment_end_date,Bin 18336.271678334513,0.5059948465391617,0,False
treatment_end_date,Bin 18338.076478135263,0.5058333158980919,0,False
treatment_end_date,Bin 18340.090337349968,0.5161045322349478,0,False
treatment_end_date,Bin 18342,0.5099725522448587,0,False
treatment_end_date,Bin 18344.240121646944,0.5085050562282695,0,False
treatment_end_date,Bin 18346.950939469727,0.5087730748112655,0,False
treatment_end_date,Bin 18350,0.5065822231922058,0,False
treatment_end_date,Bin 18353.000859440384,0.5078860711708085,0,False
treatment_end_date,Bin 18356,0.5071179979249251,0,False
treatment_end_date,Bin 18360,0.5088687088835899,0,False
treatment_end_date,Bin 18362.87230714473,0.5080012276490015,0,False
treatment_end_date,Bin 18366,0.5118366120647114,0,False
treatment_end_date,Bin 18369,0.5023428933144799,0,False
treatment_end_date,Bin 18372.37,0.509881973366072,0,False
treatment_end_date,Bin 18376,0.5061251819067977,0,False
treatment_end_date,Bin 18380,0.5040563946504398,0,False
treatment_end_date,Bin 18384,0.5044757394194425,0,False
treatment_end_date,Bin 18389,0.5034503287601836,0,False
treatment_end_date,Bin 18394,0.5024030750150201,0,False
treatment_end_date,Bin 18398,0.5064177986843177,0,False
treatment_end_date,Bin 18402.761599999998,0.506751832923845,0,False
treatment_end_date,Bin 18407,0.5064473856615301,0,False
treatment_end_date,Bin 18411,0.5112671814433714,0,False
treatment_end_date,Bin 18416.14,0.5051394035483645,0,False
treatment_end_date,Bin 18421,0.5073623119729455,0,False
treatment_end_date,Bin 18425,0.5075918079516978,0,False
treatment_end_date,Bin 18430,0.5120112965795915,0,False
treatment_end_date,Bin 18434,0.5184340212118264,0,False
treatment_end_date,Bin 18438,0.5111440269615763,0,False
treatment_end_date,Bin 18443.161627347275,0.509000640478088,0,False
treatment_end_date,Bin 18448.6082698592,0.5093763417332623,0,False
treatment_end_date,Bin 18453,0.5098200187401049,0,False
treatment_end_date,Bin 18459,0.5008506469057478,0,False
treatment_end_date,Bin 18464.31,0.5114493361298398,0,False
treatment_end_date,Bin 18470,0.507995647548742,0,False
treatment_end_date,Bin 18475,0.49854537867721876,0,False
treatment_end_date,Bin 18481,0.5122077737916727,0,False
treatment_end_date,Bin 18486.157002269527,0.5144713011387989,0,False
treatment_end_date,Bin nan,0.506572162925605,0,False
residence_locationlocation16,Bin 0,0.5075107733798947,0,False
residence_locationlocation16,Bin 0.17642884366119788,0.579655729246624,0,False
residence_locationlocation16,Bin 0.36422817976214017,0.5796765363442713,0,False
residence_locationlocation16,Bin 0.5500452270499886,0.5796765363442713,0,False
residence_locationlocation16,Bin 0.7392424683302852,0.5796765363442713,0,False
residence_locationlocation16,Bin 0.924234035238623,0.5796765363442713,0,False
residence_locationlocation16,Bin 1,0.5039376948087324,0,False
residence_locationlocation16,Bin nan,0.5075107733798947,0,False
treatment_start_date,Bin 18148.11,0.4946751968911006,0,False
treatment_start_date,Bin 18156,0.4941292908923381,0,False
treatment_start_date,Bin 18161.465309041352,0.5003644709371746,0,False
treatment_start_date,Bin 18166,0.5026180937684517,0,False
treatment_start_date,Bin 18172,0.5057878801619953,0,False
treatment_start_date,Bin 18176.78137826432,0.508090574722142,0,False
treatment_start_date,Bin 18180.005429924197,0.5068978442809688,0,False
treatment_start_date,Bin 18184.269669667694,0.5052827646170259,0,False
treatment_start_date,Bin 18188,0.5049123087853477,0,False
treatment_start_date,Bin 18191,0.505203730164341,0,False
treatment_start_date,Bin 18194.839572785168,0.505479040213746,0,False
treatment_start_date,Bin 18198.48,0.506294381842983,0,False
treatment_start_date,Bin 18201.360974835,0.5055910723181924,0,False
treatment_start_date,Bin 18204.27746291495,0.5074958118987821,0,False
treatment_start_date,Bin 18207,0.5069505400962259,0,False
treatment_start_date,Bin 18211,0.5058019569810249,0,False
treatment_start_date,Bin 18214,0.5061477039308537,0,False
treatment_start_date,Bin 18216.84926172082,0.5081330374840377,0,False
treatment_start_date,Bin 18219.445310993196,0.5086393232901446,0,False
treatment_start_date,Bin 18222,0.5082103544103789,0,False
treatment_start_date,Bin 18225.062086156657,0.5070856330700383,0,False
treatment_start_date,Bin 18228,0.5061185748764563,0,False
treatment_start_date,Bin 18231.660731735305,0.5053268225047487,0,False
treatment_start_date,Bin 18234,0.5053031106484024,0,False
treatment_start_date,Bin 18237,0.5070636984973175,0,False
treatment_start_date,Bin 18240,0.5066231313056435,0,False
treatment_start_date,Bin 18242.09,0.5065390278139908,0,False
treatment_start_date,Bin 18245.509474465875,0.5084142416763842,0,False
treatment_start_date,Bin 18248,0.5063980214339119,0,False
treatment_start_date,Bin 18250.56007479784,0.5069626970640425,0,False
treatment_start_date,Bin 18253.95,0.5067817910391589,0,False
treatment_start_date,Bin 18257,0.5063052209522737,0,False
treatment_start_date,Bin 18260,0.5066045959040116,0,False
treatment_start_date,Bin 18263.16070854768,0.5074019936733841,0,False
treatment_start_date,Bin 18266.89329807402,0.5054722976608682,0,False
treatment_start_date,Bin 18269,0.5057749048186662,0,False
treatment_start_date,Bin 18271.65,0.5068687885232299,0,False
treatment_start_date,Bin 18275,0.5053132569996005,0,False
treatment_start_date,Bin 18277,0.5053980354941547,0,False
treatment_start_date,Bin 18279.328318015083,0.5077324077916838,0,False
treatment_start_date,Bin 18282,0.506729696968159,0,False
treatment_start_date,Bin 18284.307787911162,0.5034319575111464,0,False
treatment_start_date,Bin 18287,0.510111256033925,0,False
treatment_start_date,Bin 18289.239521816515,0.5050633323505491,0,False
treatment_start_date,Bin 18292,0.5076778942853846,0,False
treatment_start_date,Bin 18295,0.5055671842808378,0,False
treatment_start_date,Bin 18297,0.5069550916467793,0,False
treatment_start_date,Bin 18299,0.5065503299501667,0,False
treatment_start_date,Bin 18302,0.5074700845058691,0,False
treatment_start_date,Bin 18304,0.5067319900366961,0,False
treatment_start_date,Bin 18306.553865109767,0.5076729438535915,0,False
treatment_start_date,Bin 18309,0.5073776113824027,0,False
treatment_start_date,Bin 18311,0.505878017705859,0,False
treatment_start_date,Bin 18314,0.5068037129045784,0,False
treatment_start_date,Bin 18316.92,0.5067546534544571,0,False
treatment_start_date,Bin 18319,0.5095055524198068,0,False
treatment_start_date,Bin 18321,0.5078117232142322,0,False
treatment_start_date,Bin 18323.9,0.5055154005847645,0,False
treatment_start_date,Bin 18326,0.5063246658868384,0,False
treatment_start_date,Bin 18328,0.5049728448149661,0,False
treatment_start_date,Bin 18330.94290151616,0.5071051579833598,0,False
treatment_start_date,Bin 18333,0.5069074399056436,0,False
treatment_start_date,Bin 18335,0.506148388199765,0,False
treatment_start_date,Bin 18337.774196663697,0.5086117530315492,0,False
treatment_start_date,Bin 18339.42,0.508500881594731,0,False
treatment_start_date,Bin 18341.064341538626,0.5095012568171255,0,False
treatment_start_date,Bin 18344.567061683578,0.5084806379402257,0,False
treatment_start_date,Bin 18347.52965901109,0.5062123399054141,0,False
treatment_start_date,Bin 18351,0.5042536832381646,0,False
treatment_start_date,Bin 18354.052926114317,0.5071491925563553,0,False
treatment_start_date,Bin 18357.86166124826,0.5091130124878145,0,False
treatment_start_date,Bin 18361,0.507549017697457,0,False
treatment_start_date,Bin 18363.788100231424,0.5069689524910922,0,False
treatment_start_date,Bin 18367,0.5065078944583188,0,False
treatment_start_date,Bin 18370.11,0.5078454139073745,0,False
treatment_start_date,Bin 18374.9053735768,0.5093173441476143,0,False
treatment_start_date,Bin 18379.868716797762,0.5083567716362754,0,False
treatment_start_date,Bin 18383.63657402765,0.5106413936414245,0,False
treatment_start_date,Bin 18388,0.5079939654950064,0,False
treatment_start_date,Bin 18393,0.5112831563902044,0,False
treatment_start_date,Bin 18397.5358487914,0.504261146007913,0,False
treatment_start_date,Bin 18402,0.5047563972899485,0,False
treatment_start_date,Bin 18406.942978809184,0.5096722965226657,0,False
treatment_start_date,Bin 18411,0.5105027561875728,0,False
treatment_start_date,Bin 18416,0.5021466149112919,0,False
treatment_start_date,Bin 18421,0.5035152395417687,0,False
treatment_start_date,Bin 18425,0.5024200499000459,0,False
treatment_start_date,Bin 18429.429157535098,0.5071709226404467,0,False
treatment_start_date,Bin 18433,0.5076435271842279,0,False
treatment_start_date,Bin 18438,0.5084561161245741,0,False
treatment_start_date,Bin 18443,0.5056488006221265,0,False
treatment_start_date,Bin 18447.497204081472,0.5064166461881545,0,False
treatment_start_date,Bin 18453,0.5043295122536561,0,False
treatment_start_date,Bin 18459,0.5050778168962657,0,False
treatment_start_date,Bin 18464,0.5051985981223113,0,False
treatment_start_date,Bin 18469.00535011776,0.5049701052982454,0,False
treatment_start_date,Bin 18474.17,0.5033779679129384,0,False
treatment_start_date,Bin 18480,0.507105250784324,0,False
treatment_start_date,Bin 18486,0.5108290867436434,0,False
treatment_start_date,Bin nan,0.5067319900366961,0,False
claim_count_flag,Bin 0,0.5081139593003843,0,False
claim_count_flag,Bin 0.030006972023634948,0.5307076160125535,0,False
claim_count_flag,Bin 0.11282846701331403,0.5308307419986676,0,False
claim_count_flag,Bin 0.19385816461406605,0.5308433320411775,0,False
claim_count_flag,Bin 0.27804895477052366,0.5308525789294031,0,False
claim_count_flag,Bin 0.35838363561779263,0.5308525789294031,0,False
claim_count_flag,Bin 0.44049250180833066,0.530862384984392,0,False
claim_count_flag,Bin 0.5222915520000001,0.5308701037465998,0,False
claim_count_flag,Bin 0.6024591959999999,0.5308701037465998,0,False
claim_count_flag,Bin 0.6848683682084079,0.5308701037465998,0,False
claim_count_flag,Bin 0.769866936961189,0.5308701037465998,0,False
claim_count_flag,Bin 0.8523688,0.5308701037465998,0,False
claim_count_flag,Bin 0.9344737405143682,0.5308701037465998,0,False
claim_count_flag,Bin 1,0.5070411645004556,0,False
claim_count_flag,Bin nan,0.5308701037465998,0,False
hospital_locationlocation16,Bin 0,0.5073842293120906,0,False
hospital_locationlocation16,Bin 0.17641430476378286,0.5689955502621833,0,False
hospital_locationlocation16,Bin 0.36421863728202963,0.5689976664749901,0,False
hospital_locationlocation16,Bin 0.5499985159999997,0.5689165651364663,0,False
hospital_locationlocation16,Bin 0.7391983214699585,0.5689165651364663,0,False
hospital_locationlocation16,Bin 0.9241425562929351,0.5688849692590289,0,False
hospital_locationlocation16,Bin 1,0.5068091175520886,0,False
hospital_locationlocation16,Bin nan,0.5073842293120906,0,False
residence_locationlocation20,Bin 0,0.5073341379212746,0,False
residence_locationlocation20,Bin 0.006265686498952627,0.5887026986107058,0,False
residence_locationlocation20,Bin 0.2732758375907539,0.5899625630995156,0,False
residence_locationlocation20,Bin 0.5452552999274414,0.5899625630995156,0,False
residence_locationlocation20,Bin 0.8076433152694844,0.5899625630995156,0,False
residence_locationlocation20,Bin 1,0.5060392046218228,0,False
residence_locationlocation20,Bin nan,0.5073341379212746,0,False
hospital_locationlocation22,Bin 0,0.5074442607462322,0,False
hospital_locationlocation22,Bin 0.1802266869011898,0.6250161590351024,0,False
hospital_locationlocation22,Bin 0.4625923400372261,0.6250231706235707,0,False
hospital_locationlocation22,Bin 0.7653333128101133,0.6250273222898745,0,False
hospital_locationlocation22,Bin 1,0.5024927250722138,0,False
hospital_locationlocation22,Bin nan,0.5074442607462322,0,False
primary_procedure_codeU100,Bin 0,0.5075472773701222,0,False
primary_procedure_codeU100,Bin 0.05526078759999946,0.5334351895502748,0,False
primary_procedure_codeU100,Bin 0.17813703399151531,0.5336270370363189,0,False
primary_procedure_codeU100,Bin 0.2981040120005634,0.5336287801953127,0,False
primary_procedure_codeU100,Bin 0.4218705607112494,0.5337507574794762,0,False
primary_procedure_codeU100,Bin 0.5466666720000001,0.5337507574794762,0,False
primary_procedure_codeU100,Bin 0.6700871168356392,0.5337507574794762,0,False
primary_procedure_codeU100,Bin 0.794523923150931,0.533763444890563,0,False
primary_procedure_codeU100,Bin 0.9221637560000014,0.533764879473003,0,False
primary_procedure_codeU100,Bin 1,0.5046633447310804,0,False
primary_procedure_codeU100,Bin nan,0.5075472773701222,0,False
hospital_locationlocation19,Bin 0,0.5073225586484867,0,False
hospital_locationlocation19,Bin 0.013908823391231805,0.5724956956504043,0,False
hospital_locationlocation19,Bin 0.24569142595513258,0.5726888399142724,0,False
hospital_locationlocation19,Bin 0.4778297274660654,0.5726660680163455,0,False
hospital_locationlocation19,Bin 0.7027182498294852,0.5726660680163455,0,False
hospital_locationlocation19,Bin 0.9404939347709702,0.5726660680163455,0,False
hospital_locationlocation19,Bin 1,0.5200857211061979,0,False
hospital_locationlocation19,Bin nan,0.5073225586484867,0,False
residence_locationlocation4,Bin 0,0.5074593173937828,0,False
residence_locationlocation4,Bin 0.22106586099474398,0.5952232486635924,0,False
residence_locationlocation4,Bin 0.4974566559999999,0.5952232486635924,0,False
residence_locationlocation4,Bin 0.7777933775912947,0.5952232486635924,0,False
residence_locationlocation4,Bin 1,0.5084381971451009,0,False
residence_locationlocation4,Bin nan,0.5074593173937828,0,False
hospital_locationlocation20,Bin 0,0.5070735699881033,0,False
hospital_locationlocation20,Bin 0.00606990925036071,0.5750925061774443,0,False
hospital_locationlocation20,Bin 0.27310835036301634,0.5758862140192265,0,False
hospital_locationlocation20,Bin 0.5450764869244532,0.5758862140192265,0,False
hospital_locationlocation20,Bin 0.8075752389350297,0.5758862140192265,0,False
hospital_locationlocation20,Bin 1,0.5129692217426585,0,False
hospital_locationlocation20,Bin nan,0.5070735699881033,0,False
hospital_locationlocation14,Bin 0,0.5068675048922177,0,False
hospital_locationlocation14,Bin 0.16676062380974246,0.6144391339940856,0,False
hospital_locationlocation14,Bin 0.5241999234030863,0.6144845270583282,0,False
hospital_locationlocation14,Bin 0.8863361404402031,0.6144845270583282,0,False
hospital_locationlocation14,Bin 1,0.5036217332798956,0,False
hospital_locationlocation14,Bin nan,0.5068675048922177,0,False
hospital_locationlocation18,Bin 0,0.5074174398408408,0,True
hospital_locationlocation18,Bin 0.35676754691405216,0.622844860055685,0,True
hospital_locationlocation18,Bin nan,0.5074174398408408,0,True
hospital_locationlocation13,Bin 0,0.507026538573478,0,True
hospital_locationlocation13,Bin 0.28583938248222657,0.6432217104261938,0,True
hospital_locationlocation13,Bin nan,0.507026538573478,0,True
residence_locationlocation19,Bin 0,0.5083602780979151,0,False
residence_locationlocation19,Bin 0.011818759012967505,0.5606541690696044,0,False
residence_locationlocation19,Bin 0.24399205426685416,0.5610537832280266,0,False
residence_locationlocation19,Bin 0.4769420172292556,0.5610804532651407,0,False
residence_locationlocation19,Bin 0.7023580330517136,0.5610832733216798,0,False
residence_locationlocation19,Bin 0.9402824697364116,0.5610832733216798,0,False
residence_locationlocation19,Bin 1,0.5052589186416615,0,False
residence_locationlocation19,Bin nan,0.5083602780979151,0,False
primary_procedure_codeM100009,Bin 0,0.507531763503825,0,False
primary_procedure_codeM100009,Bin 0.09766763628565414,0.5799580052606322,0,False
primary_procedure_codeM100009,Bin 0.4069666285403554,0.5799688634075133,0,False
primary_procedure_codeM100009,Bin 0.7155389874883797,0.5801546322113704,0,False
primary_procedure_codeM100009,Bin 1,0.518222444680586,0,False
primary_procedure_codeM100009,Bin nan,0.507531763503825,0,False
residence_locationlocation6,Bin 0,0.5075049177772695,0,False
residence_locationlocation6,Bin 0.08561919846843062,0.5793898697722705,0,False
residence_locationlocation6,Bin 0.3587208963930604,0.5795464817305657,0,False
residence_locationlocation6,Bin 0.6238830432789616,0.579560663181704,0,False
residence_locationlocation6,Bin 0.892554228,0.579560663181704,0,False
residence_locationlocation6,Bin 1,0.5110259545414767,0,False
residence_locationlocation6,Bin nan,0.5075049177772695,0,False
package_amount_trigger,Bin 2000,0.5085797516425795,0,False
package_amount_trigger,Bin 2317.8271248023925,0.5101830201058203,0,False
package_amount_trigger,Bin 2600,0.5086710970538703,0,False
package_amount_trigger,Bin 2747.4358173864593,0.5145955401435407,0,False
package_amount_trigger,Bin 3062.268667919563,0.5147147496180225,0,False
package_amount_trigger,Bin 3371.8484055493,0.514808466965083,0,False
package_amount_trigger,Bin 3600,0.5096743232489961,0,False
package_amount_trigger,Bin 4046.27316022851,0.5143233490017083,0,False
package_amount_trigger,Bin 4813.830272692679,0.5143667689052919,0,False
package_amount_trigger,Bin 5618.08054203947,0.5143826168696884,0,False
package_amount_trigger,Bin 6392.266682001399,0.5143826168696884,0,False
package_amount_trigger,Bin 7193.047103282052,0.5143825620876182,0,False
package_amount_trigger,Bin 7500,0.5117354129270161,0,False
package_amount_trigger,Bin 7595.03647258855,0.5143920965214077,0,False
package_amount_trigger,Bin 7700,0.5121787293489471,0,False
package_amount_trigger,Bin 7968.559179974725,0.5142898551056916,0,False
package_amount_trigger,Bin 8300,0.5096783286786496,0,False
package_amount_trigger,Bin 8661.321388325645,0.513768600049424,0,False
package_amount_trigger,Bin 9064.00054996783,0.5138276775897422,0,False
package_amount_trigger,Bin 9200,0.5082120037694104,0,False
package_amount_trigger,Bin 9287.961735591263,0.510444720624836,0,False
package_amount_trigger,Bin 9599.9816,0.5106557756451829,0,False
package_amount_trigger,Bin 9925.66917445511,0.5106611244996209,0,False
package_amount_trigger,Bin 10000,0.5070222160007939,0,False
package_amount_trigger,Bin 10123.61387141289,0.5114480346504082,0,False
package_amount_trigger,Bin 10446.404290795297,0.5115284400741363,0,False
package_amount_trigger,Bin 10748.565499649256,0.511532600191101,0,False
package_amount_trigger,Bin 10800,0.5079988149569532,0,False
package_amount_trigger,Bin 13098.00977573073,0.5104935811652113,0,False
package_amount_trigger,Bin 16907.99734976144,0.5104935811652113,0,False
package_amount_trigger,Bin 18600,0.5071034530833736,0,False
package_amount_trigger,Bin 19449.093896960985,0.5079592964790102,0,False
package_amount_trigger,Bin 19900,0.5069670319277433,0,False
package_amount_trigger,Bin 23600,0.5055088288052401,0,False
package_amount_trigger,Bin 87700,0.5076082827229756,0,False
package_amount_trigger,Bin 101400,0.5069769574807541,0,False
package_amount_trigger,Bin 113300,0.506282921318255,0,False
package_amount_trigger,Bin nan,0.5086710970538703,0,False
primary_procedure_codeM100026,Bin 0,0.5077911591441399,0,False
primary_procedure_codeM100026,Bin 0.2425323957577345,0.5538093463080404,0,False
primary_procedure_codeM100026,Bin 0.5209492912652267,0.55384068007458,0,False
primary_procedure_codeM100026,Bin 0.807092481059952,0.553848044952515,0,False
primary_procedure_codeM100026,Bin 1,0.5073399575291824,0,False
primary_procedure_codeM100026,Bin nan,0.5077911591441399,0,False
hospital_locationlocation12,Bin 0,0.507315819110321,0,False
hospital_locationlocation12,Bin 0.11892216799999708,0.5499167393798018,0,False
hospital_locationlocation12,Bin 0.3787226449232538,0.5499330643875687,0,False
hospital_locationlocation12,Bin 0.6345993765350402,0.5499353109334534,0,False
hospital_locationlocation12,Bin 0.8843919518310575,0.5499353109334534,0,False
hospital_locationlocation12,Bin 1,0.5102904658770818,0,False
hospital_locationlocation12,Bin nan,0.507315819110321,0,False
hospital_locationlocation21,Bin 0,0.5073763417520402,0,False
hospital_locationlocation21,Bin 0.11675646728835712,0.5755731023099395,0,False
hospital_locationlocation21,Bin 0.4743844199999981,0.5756944824133814,0,False
hospital_locationlocation21,Bin 0.8505305783748242,0.5757054914233352,0,False
hospital_locationlocation21,Bin 1,0.500801708234984,0,False
hospital_locationlocation21,Bin nan,0.5073763417520402,0,False
primary_procedure_codeS400034,Bin 0,0.5072803126637455,0,False
primary_procedure_codeS400034,Bin 0.16488357002846946,0.537059784912283,0,False
primary_procedure_codeS400034,Bin 0.39004287525921516,0.5371078215847849,0,False
primary_procedure_codeS400034,Bin 0.6207101510428894,0.5371078215847849,0,False
primary_procedure_codeS400034,Bin 0.8374822479999997,0.5371121023301598,0,False
primary_procedure_codeS400034,Bin 1,0.5120928715462925,0,False
primary_procedure_codeS400034,Bin nan,0.5072803126637455,0,False
residence_locationlocation7,Bin 0,0.5071853271178581,0,False
residence_locationlocation7,Bin 0.08364059782675858,0.5532589193827355,0,False
residence_locationlocation7,Bin 0.3671361048705877,0.5532438467262368,0,False
residence_locationlocation7,Bin 0.6412738680187607,0.5532245415393133,0,False
residence_locationlocation7,Bin 0.8982934519999995,0.5532245415393133,0,False
residence_locationlocation7,Bin 1,0.505450872844471,0,False
residence_locationlocation7,Bin nan,0.5071853271178581,0,False
residence_locationlocation12,Bin 0,0.507530997968907,0,False
residence_locationlocation12,Bin 0.11908323209160705,0.5485249257559713,0,False
residence_locationlocation12,Bin 0.378803735226392,0.5485730273070366,0,False
residence_locationlocation12,Bin 0.6348804182372978,0.5485730273070366,0,False
residence_locationlocation12,Bin 0.8845895211957383,0.5485557633258104,0,False
residence_locationlocation12,Bin 1,0.505142759084019,0,False
residence_locationlocation12,Bin nan,0.507530997968907,0,False
hospital_locationlocation6,Bin 0,0.5079324616740469,0,False
hospital_locationlocation6,Bin 0.08600956823676466,0.550735764564226,0,False
hospital_locationlocation6,Bin 0.35874219019897235,0.5507412006570842,0,False
hospital_locationlocation6,Bin 0.6239051827136426,0.5507298367776025,0,False
hospital_locationlocation6,Bin 0.8925891759999998,0.5507410358047701,0,False
hospital_locationlocation6,Bin 1,0.5045418975720848,0,False
hospital_locationlocation6,Bin nan,0.5079324616740469,0,False
gender_triggerFemale,Bin 0,0.5073703103730247,0,False
gender_triggerFemale,Bin 0.043743095547838805,0.5199961574039769,0,False
gender_triggerFemale,Bin 0.1532110958181115,0.5200041219553414,0,False
gender_triggerFemale,Bin 0.26268876554225473,0.520052306149479,0,False
gender_triggerFemale,Bin 0.3749948331485726,0.520052306149479,0,False
gender_triggerFemale,Bin 0.4812360607007355,0.520052306149479,0,False
gender_triggerFemale,Bin 0.5881896577285897,0.520052306149479,0,False
gender_triggerFemale,Bin 0.6955998119999991,0.520052306149479,0,False
gender_triggerFemale,Bin 0.8051384310610592,0.5200523020640306,0,False
gender_triggerFemale,Bin 0.9188602254856402,0.5200523020640306,0,False
gender_triggerFemale,Bin 1,0.5071167530226233,0,False
gender_triggerFemale,Bin nan,0.5073703103730247,0,False
residence_locationlocation11,Bin 0,0.507373675678207,0,False
residence_locationlocation11,Bin 0.04775370812974849,0.5438236173889082,0,False
residence_locationlocation11,Bin 0.32730909845780876,0.5439417203470653,0,False
residence_locationlocation11,Bin 0.5973852585069834,0.5439417203470653,0,False
residence_locationlocation11,Bin 0.8661220598643565,0.5439491698252419,0,False
residence_locationlocation11,Bin 1,0.5089909430251296,0,False
residence_locationlocation11,Bin nan,0.507373675678207,0,False
hospital_locationlocation4,Bin 0,0.5075325123182921,0,False
hospital_locationlocation4,Bin 0.22113812979278716,0.5339656105631765,0,False
hospital_locationlocation4,Bin 0.49753672448222436,0.5339521558873429,0,False
hospital_locationlocation4,Bin 0.7781109664496019,0.5339521558873429,0,False
hospital_locationlocation4,Bin 1,0.5067968270123029,0,False
hospital_locationlocation4,Bin nan,0.5075325123182921,0,False
hospital_locationlocation11,Bin 0,0.5078312259154527,0,False
hospital_locationlocation11,Bin 0.044438805449752636,0.5389833945880784,0,False
hospital_locationlocation11,Bin 0.324717734230586,0.539104296010722,0,False
hospital_locationlocation11,Bin 0.596524283448233,0.5390957119538957,0,False
hospital_locationlocation11,Bin 0.8656883708760139,0.5390936109875109,0,False
hospital_locationlocation11,Bin 1,0.5033879740614433,0,False
hospital_locationlocation11,Bin nan,0.5078312259154527,0,False
primary_procedure_codeM100011,Bin 0,0.50750591451164,0,False
primary_procedure_codeM100011,Bin 0.24950570480172737,0.5399666586861468,0,False
primary_procedure_codeM100011,Bin 0.5416922561544889,0.5399870733696978,0,False
primary_procedure_codeM100011,Bin 0.8229851514473552,0.5399870733696978,0,False
primary_procedure_codeM100011,Bin 1,0.5045066663932132,0,False
primary_procedure_codeM100011,Bin nan,0.50750591451164,0,False
hospital_locationlocation7,Bin 0,0.5075130063832582,0,False
hospital_locationlocation7,Bin 0.0846451183999979,0.5423592462625488,0,False
hospital_locationlocation7,Bin 0.3673717283178123,0.5423734567790266,0,False
hospital_locationlocation7,Bin 0.6419928227329162,0.5423734567790266,0,False
hospital_locationlocation7,Bin 0.8989297799999996,0.5423734567790266,0,False
hospital_locationlocation7,Bin 1,0.5037750811595881,0,False
hospital_locationlocation7,Bin nan,0.5075130063832582,0,False
hospital_locationlocation5,Bin 0,0.5073853308488943,0,False
hospital_locationlocation5,Bin 0.019229439319207252,0.5398038289225948,0,False
hospital_locationlocation5,Bin 0.2778377152048052,0.5402182476641526,0,False
hospital_locationlocation5,Bin 0.5528258441464305,0.5402182476641526,0,False
hospital_locationlocation5,Bin 0.8111993308248362,0.5402182476641526,0,False
hospital_locationlocation5,Bin 1,0.5052776113527024,0,False
hospital_locationlocation5,Bin nan,0.5073853308488943,0,False
admission_days_trigger,Bin 0,0.5071007095046214,0,True
admission_days_trigger,Bin 0.24650456400000076,0.513764448909252,0,True
admission_days_trigger,Bin 0.703310201875865,0.5137904311531876,0,True
admission_days_trigger,Bin 1.152255344664493,0.5137914608130262,0,True
admission_days_trigger,Bin 1.6281904844380939,0.5137914608130262,0,True
admission_days_trigger,Bin 2.0564810751751046,0.5137914608130262,0,True
admission_days_trigger,Bin 2.5111038911342587,0.5137914608130262,0,True
admission_days_trigger,Bin 2.968091629340458,0.5137929310551425,0,True
admission_days_trigger,Bin 3,0.5083591723271624,0,True
admission_days_trigger,Bin 3.2825849741552755,0.5137986369618208,0,True
admission_days_trigger,Bin 3.719299826445903,0.5138176038330418,0,True
admission_days_trigger,Bin 4,0.5095973717016112,0,True
admission_days_trigger,Bin 4.280861029698356,0.5138537944074055,0,True
admission_days_trigger,Bin 4.6242399599868795,0.5138537950717407,0,True
admission_days_trigger,Bin 4.944861535308878,0.5138874599830072,0,True
admission_days_trigger,Bin 5,0.5079044012598717,0,True
admission_days_trigger,Bin nan,0.5071007095046214,0,True
hospital_locationlocation10,Bin 0,0.5072403788754987,0,True
hospital_locationlocation10,Bin 0.2906179351499233,0.5553785947279897,0,True
hospital_locationlocation10,Bin nan,0.5072403788754987,0,True
residence_locationlocation8,Bin 0,0.5076229218535017,0,False
residence_locationlocation8,Bin 0.15036728688515666,0.5497060390896292,0,False
residence_locationlocation8,Bin 0.5309632559999985,0.5497120492242163,0,False
residence_locationlocation8,Bin 0.9159805846673746,0.5497236762068888,0,False
residence_locationlocation8,Bin 1,0.5064016743824192,0,False
residence_locationlocation8,Bin nan,0.5076229218535017,0,False
hospital_locationlocation8,Bin 0,0.5073803570643451,0,False
hospital_locationlocation8,Bin 0.14860565073788023,0.532424658572575,0,False
hospital_locationlocation8,Bin 0.5290185567019648,0.5324124792626626,0,False
hospital_locationlocation8,Bin 0.9142520168051114,0.5323998295855874,0,False
hospital_locationlocation8,Bin 1,0.5106777435400005,0,False
hospital_locationlocation8,Bin nan,0.5073803570643451,0,False
residence_locationlocation10,Bin 0,0.5074732109142543,0,True
residence_locationlocation10,Bin 0.2908415966853482,0.542695462325584,0,True
residence_locationlocation10,Bin nan,0.5074732109142543,0,True
medical_service_provider_idhospital43,Bin 0,0.5073683427939226,0,True
medical_service_provider_idhospital43,Bin 0.08476585986504691,0.5323141439651953,0,True
medical_service_provider_idhospital43,Bin nan,0.5073683427939226,0,True
medical_service_provider_idhospital315,Bin 0,0.5073703311747676,0,False
medical_service_provider_idhospital315,Bin 0.20608051427639903,0.5268748708715363,0,False
medical_service_provider_idhospital315,Bin 0.5613729457195531,0.5269023827404586,0,False
medical_service_provider_idhospital315,Bin 0.9262205430571697,0.5269023827404586,0,False
medical_service_provider_idhospital315,Bin 1,0.515683331903519,0,False
medical_service_provider_idhospital315,Bin nan,0.5073703311747676,0,False
medical_service_provider_idhospital18,Bin 0,0.507404808215303,0,False
medical_service_provider_idhospital18,Bin 0.29738529999999846,0.5199487833330679,0,False
medical_service_provider_idhospital18,Bin 0.619775666545579,0.5198728270170186,0,False
medical_service_provider_idhospital18,Bin 0.9305909678153682,0.5197987417596167,0,False
medical_service_provider_idhospital18,Bin 1,0.5045066668501222,0,False
medical_service_provider_idhospital18,Bin nan,0.507404808215303,0,False
claim_count_trigger,Bin 1,0.50718415210338,0,False
claim_count_trigger,Bin 2.039770911261436,0.5119190414598171,0,False
claim_count_trigger,Bin 3.196709026647731,0.5119371077238111,0,False
claim_count_trigger,Bin 4.336454296433256,0.5119455690402566,0,False
claim_count_trigger,Bin 5.4666325924141566,0.5119455690402566,0,False
claim_count_trigger,Bin 6.5764608365271995,0.5119455690402566,0,False
claim_count_trigger,Bin 7.679950550435316,0.5119455690402566,0,False
claim_count_trigger,Bin 8.82315046883715,0.5119455690402566,0,False
claim_count_trigger,Bin 9.95411018794402,0.5119455690402566,0,False
claim_count_trigger,Bin 11.102284632027166,0.5119455690402566,0,False
claim_count_trigger,Bin 12,0.5078217901121492,0,False
claim_count_trigger,Bin nan,0.5078217901121492,0,False
claim_duration_days,Bin 39.1084456,0.5042753992059603,0,False
claim_duration_days,Bin 47,0.5038361589339618,0,False
claim_duration_days,Bin 52.466387441337645,0.5052215158902664,0,False
claim_duration_days,Bin 57,0.5062485047135744,0,False
claim_duration_days,Bin 63,0.5074752160622498,0,False
claim_duration_days,Bin 67.78106703862548,0.506509072638038,0,False
claim_duration_days,Bin 71.00550192422288,0.506394928993033,0,False
claim_duration_days,Bin 75.2668988,0.5065210538685151,0,False
claim_duration_days,Bin 79,0.5058975248047679,0,False
claim_duration_days,Bin 82,0.5062772981560886,0,False
claim_duration_days,Bin 85.83727552216794,0.5061804556245562,0,False
claim_duration_days,Bin 89.48031300618835,0.5064817744471789,0,False
claim_duration_days,Bin 92.36167047625412,0.5063758179148855,0,False
claim_duration_days,Bin 95.27746291494006,0.5067673682567658,0,False
claim_duration_days,Bin 98,0.506343549001514,0,False
claim_duration_days,Bin 102,0.5062898948153037,0,False
claim_duration_days,Bin 105,0.5065107553939797,0,False
claim_duration_days,Bin 107.84926172085125,0.5068246773096702,0,False
claim_duration_days,Bin 110.44531099319435,0.5067213073531514,0,False
claim_duration_days,Bin 113,0.5063681524875232,0,False
claim_duration_days,Bin 116.06208615666283,0.5066277156745597,0,False
claim_duration_days,Bin 119,0.5063948762068556,0,False
claim_duration_days,Bin 122.6610837353033,0.5065822557582141,0,False
claim_duration_days,Bin 125,0.5066446309906454,0,False
claim_duration_days,Bin 128,0.5065922060424353,0,False
claim_duration_days,Bin 130.9987149754911,0.5062395712871316,0,False
claim_duration_days,Bin 133.09064275321455,0.5061742495405309,0,False
claim_duration_days,Bin 136.50891780449052,0.5064299022255192,0,False
claim_duration_days,Bin 139,0.5064435820764642,0,False
claim_duration_days,Bin 141.5600747978316,0.5065057375748194,0,False
claim_duration_days,Bin 144.95158800000002,0.5066511582885689,0,False
claim_duration_days,Bin 148,0.5063381234666251,0,False
claim_duration_days,Bin 151,0.5062999248964976,0,False
claim_duration_days,Bin 154.16156552281979,0.5061004843597259,0,False
claim_duration_days,Bin 157.89337521620757,0.506057825560836,0,False
claim_duration_days,Bin 160,0.5061120458643613,0,False
claim_duration_days,Bin 162.6497569121939,0.5062241957728805,0,False
claim_duration_days,Bin 166,0.5061492668244884,0,False
claim_duration_days,Bin 168,0.5061933726021629,0,False
claim_duration_days,Bin 170.32771801506883,0.5062203166097731,0,False
claim_duration_days,Bin 173,0.5061171445190071,0,False
claim_duration_days,Bin 175.30577191117615,0.5059666175119348,0,False
claim_duration_days,Bin 178,0.5063349544123155,0,False
claim_duration_days,Bin 180.23930581651584,0.5062153202519738,0,False
claim_duration_days,Bin 183,0.506236263957043,0,False
claim_duration_days,Bin 186,0.5062096347906212,0,False
claim_duration_days,Bin 188,0.506159230899289,0,False
claim_duration_days,Bin 190,0.5061757736196808,0,False
claim_duration_days,Bin 193,0.5060662322609011,0,False
claim_duration_days,Bin 195,0.5063180643127423,0,False
claim_duration_days,Bin 197.55386510980324,0.5059596941824233,0,False
claim_duration_days,Bin 200,0.5059162110261014,0,False
claim_duration_days,Bin 202,0.5052634945966809,0,False
claim_duration_days,Bin 205,0.5068608656536391,0,False
claim_duration_days,Bin 207.917277755013,0.5067160584787505,0,False
claim_duration_days,Bin 210,0.5071413409262979,0,False
claim_duration_days,Bin 212,0.5069545420665516,0,False
claim_duration_days,Bin 214.900936,0.5064731952446445,0,False
claim_duration_days,Bin 217,0.5065050958284608,0,False
claim_duration_days,Bin 219,0.5063753289533028,0,False
claim_duration_days,Bin 221.94290151614655,0.5067993591715064,0,False
claim_duration_days,Bin 224,0.5068136919674693,0,False
claim_duration_days,Bin 226,0.5065312110936969,0,False
claim_duration_days,Bin 228.77451601057064,0.5067265229852833,0,False
claim_duration_days,Bin 230.41834,0.5068460886504778,0,False
claim_duration_days,Bin 232.06460400000006,0.5069589988717106,0,False
claim_duration_days,Bin 235.56571768357898,0.5068598867071608,0,False
claim_duration_days,Bin 238.5322350110869,0.5066352198011085,0,False
claim_duration_days,Bin 242,0.5065490898408934,0,False
claim_duration_days,Bin 245.05292611429437,0.5066140398815744,0,False
claim_duration_days,Bin 248.8652734238284,0.5068171672943618,0,False
claim_duration_days,Bin 252,0.5068557659380791,0,False
claim_duration_days,Bin 254.78810023140176,0.5066156757213979,0,False
claim_duration_days,Bin 258,0.5069979224101913,0,False
claim_duration_days,Bin 261.106458371505,0.5067377330497546,0,False
claim_duration_days,Bin 265.903261576814,0.5076660846673318,0,False
claim_duration_days,Bin 270.86871679780035,0.5074309161862369,0,False
claim_duration_days,Bin 274.6363700276517,0.5077282260491132,0,False
claim_duration_days,Bin 279,0.5076280189706537,0,False
claim_duration_days,Bin 284,0.5079233275215151,0,False
claim_duration_days,Bin 288.5371404547622,0.5059536909272349,0,False
claim_duration_days,Bin 293,0.5060546520649967,0,False
claim_duration_days,Bin 297.9412028091766,0.5061395155577285,0,False
claim_duration_days,Bin 302,0.5062306085343393,0,False
claim_duration_days,Bin 307,0.5056085857660191,0,False
claim_duration_days,Bin 312,0.5057704074415142,0,False
claim_duration_days,Bin 316,0.5060955040329697,0,False
claim_duration_days,Bin 320.4291575350891,0.5064124507756382,0,False
claim_duration_days,Bin 324,0.5067301737387239,0,False
claim_duration_days,Bin 329,0.5071823060987614,0,False
claim_duration_days,Bin 334,0.506280019088244,0,False
claim_duration_days,Bin 338.49917208145337,0.506000471675807,0,False
claim_duration_days,Bin 344,0.5061291280817821,0,False
claim_duration_days,Bin 350,0.5060738718623579,0,False
claim_duration_days,Bin 355,0.5059507722426034,0,False
claim_duration_days,Bin 360.0061160152036,0.5060040483802317,0,False
claim_duration_days,Bin 365.1717864036934,0.5058526890627975,0,False
claim_duration_days,Bin 371,0.5064969461156607,0,False
claim_duration_days,Bin 377,0.5068431519079513,0,False
claim_duration_days,Bin nan,0.5063180643127423,0,False
primary_procedure_codeM100068,Bin 0,0.5072456889678774,0,False
primary_procedure_codeM100068,Bin 0.2436675959999984,0.521084788108409,0,False
primary_procedure_codeM100068,Bin 0.5856809156376942,0.5207478854331026,0,False
primary_procedure_codeM100068,Bin 0.9215205879999987,0.520754286498393,0,False
primary_procedure_codeM100068,Bin 1,0.5049671536804318,0,False
primary_procedure_codeM100068,Bin nan,0.5072456889678774,0,False
medical_service_provider_idhospital6,Bin 0,0.5072622875243371,0,True
medical_service_provider_idhospital6,Bin nan,0.5072622875243371,0,True
medical_service_provider_idhospital259,Bin 0,0.5073418062332411,0,True
medical_service_provider_idhospital259,Bin 0.029878355294927952,0.5266957941402982,0,True
medical_service_provider_idhospital259,Bin nan,0.5073418062332411,0,True
hospital_locationlocation17,Bin 0,0.5073054374195745,0,True
hospital_locationlocation17,Bin 0.0640171462623374,0.5232799121813095,0,True
hospital_locationlocation17,Bin nan,0.5073054374195745,0,True
medical_service_provider_idhospital249,Bin 0,0.5072926634039894,0,True
medical_service_provider_idhospital249,Bin nan,0.5072926634039894,0,True
medical_service_provider_idhospital248,Bin 0,0.5068130454498039,0,True
medical_service_provider_idhospital248,Bin nan,0.5068130454498039,0,True
residence_locationlocation17,Bin 0,0.507345390456693,0,True
residence_locationlocation17,Bin 0.06378188653150196,0.5220411505097847,0,True
residence_locationlocation17,Bin nan,0.507345390456693,0,True
medical_service_provider_idhospital284,Bin 0,0.5072448930425415,0,True
medical_service_provider_idhospital284,Bin nan,0.5072448930425415,0,True
medical_service_provider_idhospital256,Bin 0,0.5071816285842694,0,True
medical_service_provider_idhospital256,Bin nan,0.5071816285842694,0,True
primary_procedure_codeM100008,Bin 0,0.5073882664785722,0,True
primary_procedure_codeM100008,Bin nan,0.5073882664785722,0,True
medical_service_provider_idhospital63,Bin 0,0.5073577719079894,0,False
medical_service_provider_idhospital63,Bin 0.0613666219148532,0.5126302540464762,0,False
medical_service_provider_idhospital63,Bin 0.458724280058404,0.5126311295363766,0,False
medical_service_provider_idhospital63,Bin 0.8565226177964359,0.5126311295363766,0,False
medical_service_provider_idhospital63,Bin 1,0.5012748685614796,0,False
medical_service_provider_idhospital63,Bin nan,0.5073577719079894,0,False
primary_procedure_codeM100055,Bin 0,0.5075506877899174,0,True
primary_procedure_codeM100055,Bin nan,0.5075506877899174,0,True
primary_procedure_codeM700004,Bin 0,0.5075995203910133,0,True
primary_procedure_codeM700004,Bin 0.028630667178161626,0.5178927124700144,0,True
primary_procedure_codeM700004,Bin nan,0.5075995203910133,0,True
medical_service_provider_idhospital367,Bin 0,0.507322423735512,0,True
medical_service_provider_idhospital367,Bin nan,0.507322423735512,0,True
medical_service_provider_idhospital148,Bin 0,0.5074428995880953,0,True
medical_service_provider_idhospital148,Bin nan,0.5074428995880953,0,True
medical_service_provider_idhospital92,Bin 0,0.5072891444911037,0,True
medical_service_provider_idhospital92,Bin nan,0.5072891444911037,0,True
primary_procedure_codeS500096,Bin 0,0.5074571283905384,0,True
primary_procedure_codeS500096,Bin nan,0.5074571283905384,0,True
primary_procedure_codeS100181,Bin 0,0.5073302689502931,0,True
primary_procedure_codeS100181,Bin nan,0.5073302689502931,0,True
medical_service_provider_idhospital31,Bin 0,0.5074661565800442,0,True
medical_service_provider_idhospital31,Bin nan,0.5074661565800442,0,True
medical_service_provider_idhospital15,Bin 0,0.5072816686397397,0,True
medical_service_provider_idhospital15,Bin nan,0.5072816686397397,0,True
medical_service_provider_idhospital22,Bin 0,0.5073275109322463,0,True
medical_service_provider_idhospital22,Bin nan,0.5073275109322463,0,True
primary_procedure_codeS1200024,Bin 0,0.5071918702026819,0,True
primary_procedure_codeS1200024,Bin nan,0.5071918702026819,0,True
medical_service_provider_idhospital179,Bin 0,0.5073639985075481,0,True
medical_service_provider_idhospital179,Bin nan,0.5073639985075481,0,True
medical_service_provider_idhospital74,Bin 0,0.5074046633142097,0,True
medical_service_provider_idhospital74,Bin nan,0.5074046633142097,0,True
medical_service_provider_idhospital50,Bin 0,0.507329756257775,0,True
medical_service_provider_idhospital50,Bin nan,0.507329756257775,0,True
primary_procedure_codeS1200025,Bin 0,0.5073159273522655,0,True
primary_procedure_codeS1200025,Bin nan,0.5073159273522655,0,True
gender_flag,Bin 0,0.5073281537025349,0,True
gender_flag,Bin nan,0.5073281537025349,0,True
primary_procedure_codeS500092,Bin 0,0.50732826615661,0,True
primary_procedure_codeS500092,Bin nan,0.50732826615661,0,True
claim_amount_flag,Bin 1,0.5073195194751925,0,True
claim_amount_flag,Bin nan,0.5073195194751925,0,True
treatment_date_validity_flag,Bin 0,0.5073015715172776,0,False
treatment_date_validity_flag,Bin 0.4829708175266931,0.5076715895727529,0,False
treatment_date_validity_flag,Bin 1,0.5075923181880179,0,False
treatment_date_validity_flag,Bin nan,0.5073015715172776,0,False
close_prox_flag,Bin 0,0.5073204960047857,0,True
close_prox_flag,Bin nan,0.5073204960047857,0,True
