feature1,feature2,statistic
gender_codeMale,primary_procedure_codeU100,0.14446407495165103
medical_service_provider_idhospital63,primary_procedure_codeU100,0.01518273421102778
hospital_locationlocation11,hospital_locationlocation2,0.014242792217510502
hospital_locationlocation6,package_amount_trigger,0.004107946969947761
claim_paid_amount,hospital_locationlocation14,0.003844946004329631
hospital_locationlocation9,primary_procedure_codeS100214,0.004923104336650839
gender_triggerFemale,hosp_days_flag,0.4974512756333838
hospital_locationlocation11,hospital_locationlocation22,0.0031827985544855956
hospital_locationlocation16,medical_service_provider_idOthers,0.02455572744339558
hospital_locationlocation15,residence_locationlocation19,0.011315147442389933
primary_procedure_codeS100214,residence_locationlocation2,0.01809941136427383
hospital_locationlocation15,package_amount_trigger,0.014075063443358515
hospital_locationlocation16,residence_locationlocation16,1.0
hospital_empanelled_flag,primary_procedure_codeM100068,0.0035961153179622533
gender_codeMale,hospital_locationlocation9,0.0030067938854101903
gender_codeMale,package_amount_trigger,0.1166831865155752
medical_service_provider_idhospital63,package_amount_trigger,0.027324634725187466
claim_count_pa,residence_locationlocation12,0.0023633320063930624
hospital_empanelled_flag,hospital_locationlocation4,0.008416156210792166
hospital_locationlocation12,hospital_typePublic,0.0068715428273848495
claim_count_trigger,residence_locationlocation4,0.004467632689280655
hospital_locationlocation16,no_of_days_stayed,0.001501307691205671
claim_count_pa,primary_procedure_codeM100011,0.041876499548288114
birth_date,primary_procedure_codeS400034,0.06287500268347795
hospital_locationlocation12,residence_locationlocation5,0.006450646420666186
hospital_locationlocation5,package_amount_trigger,0.007732596297950189
primary_procedure_codeS400034,residence_locationlocation2,0.001022535802711277
package_amount_trigger,primary_procedure_codeU100,0.3379569982233573
hospital_locationlocation21,no_of_days_stayed,0.00743989642512184
hosp_days_flag,medical_service_provider_idOthers,0.08280771817418131
hospital_locationlocation6,primary_procedure_codeM100068,3.176732285387323e-05
hosp_days_flag,residence_locationlocation16,0.00483769911158596
gender_codeMale,residence_locationlocation4,0.006669491160486889
hospital_locationlocation2,medical_service_provider_idOthers,0.01990646706033506
medical_service_provider_idhospital63,residence_locationlocation4,0.004652216823542736
benefit_typeSURGICAL,hospital_locationlocation6,0.003933281159154608
claim_count_flag,hospital_typePublic,0.34005823190973705
residence_locationlocation2,residence_locationlocation20,0.017052900594521588
benefit_typeSURGICAL,hospital_locationlocation2,0.018362424774388018
hospital_locationlocation3,hospital_locationlocation5,0.013262433654615833
benefit_typeSURGICAL,medical_service_provider_idhospital315,0.018276259371966048
hospital_locationlocation22,no_of_days_stayed,0.0028317888839216715
claim_count_trigger,primary_procedure_codeS100214,0.28871069299999813
claim_count_trigger,hospital_locationlocation14,0.0005443029127787534
claim_count_pa,primary_procedure_codeS400034,0.05897340080126257
hospital_locationlocation6,medical_service_provider_idOthers,0.00545541998616162
hospital_locationlocation11,residence_locationlocation19,0.006450646420666186
hospital_locationlocation14,primary_procedure_codeM100068,0.002185049976703168
admission_days_trigger,hospital_locationlocation22,0.0024874561235560975
residence_locationlocation19,residence_locationlocation20,0.00735921267945379
medical_service_provider_idOthers,primary_procedure_codeM100026,0.030761448041821834
hosp_days_flag,primary_procedure_codeM100068,0.01773658679799842
admission_days_trigger,medical_service_provider_idhospital315,0.021906531322448644
hospital_locationlocation12,hospital_locationlocation4,0.003703658114507846
residence_locationlocation20,residence_locationlocation6,0.00735921267945379
residence_locationlocation11,residence_locationlocation4,0.004927002590047183
hospital_locationlocation11,hospital_locationlocation18,0.005293417237429718
no_of_days_stayed,primary_procedure_codeU100,0.14527238378488425
hospital_locationlocation20,hospital_locationlocation5,0.006450646420666186
benefit_typeSURGICAL,gender_codeMale,0.12423559929711038
benefit_typeSURGICAL,medical_service_provider_idhospital63,0.022304661886240088
hospital_locationlocation18,hospital_locationlocation21,0.00667414868048922
primary_procedure_codeS100214,residence_locationlocation20,0.014666377519460318
residence_locationlocation16,residence_locationlocation5,0.013262433654615833
claim_count_trigger,gender_triggerFemale,0.6085743018946833
hospital_locationlocation19,hospital_typePublic,0.0035415528872662894
hospital_empanelled_flag,medical_service_provider_idOthers,0.08584778793921584
hospital_empanelled_flag,no_of_days_stayed,0.030636455687218726
gender_codeMale,primary_procedure_codeM100009,0.01552091612427433
benefit_typeSURGICAL,gender_triggerFemale,0.27259896910417264
medical_service_provider_idhospital63,primary_procedure_codeM100009,0.002945641183031796
hosp_days_flag,primary_procedure_codeM100009,0.01916086386453729
benefit_typeSURGICAL,primary_procedure_codeM100026,0.13574802608417894
claim_count_trigger,gender_codeMale,0.1512424237543336
claim_count_trigger,medical_service_provider_idhospital63,0.012006836456712373
hospital_locationlocation16,primary_procedure_codeM100068,0.00014293477093878934
claim_count_flag,gender_triggerFemale,0.20976455425340212
birth_date,hospital_typePublic,0.058000554835615864
hospital_locationlocation18,medical_service_provider_idhospital315,0.006399293281959467
claim_count_trigger,hospital_locationlocation4,0.004467632689280655
fraud,gender_triggerFemale,0.08696183594471497
medical_service_provider_idhospital315,residence_locationlocation5,0.004410897401263675
gender_codeMale,primary_procedure_codeS400034,0.07262169614284737
medical_service_provider_idhospital63,primary_procedure_codeS400034,0.009576654717055325
no_of_days_stayed,primary_procedure_codeM100068,0.007938562927899429
hospital_locationlocation15,no_of_days_stayed,0.009106488821902162
gender_triggerFemale,hospital_locationlocation5,0.01011694358971462
primary_procedure_codeM100068,primary_procedure_codeU100,0.014617479240570662
claim_count_flag,gender_codeMale,0.161700229899875
claim_count_flag,medical_service_provider_idhospital63,0.029021968594887378
hospital_locationlocation2,primary_procedure_codeM100026,0.00034826144468001416
medical_service_provider_idOthers,residence_locationlocation11,0.0034836592010970024
hospital_locationlocation3,package_amount_trigger,0.005513968914004545
claim_count_trigger,residence_locationlocation11,0.00280608146400679
gender_triggerFemale,hospital_locationlocation16,0.006073801863040794
claim_count_trigger,hospital_locationlocation19,0.002073694036159974
primary_procedure_codeM100026,residence_locationlocation12,0.00229419392528882
birth_date,hospital_locationlocation19,0.0028457532569742664
hospital_locationlocation12,residence_locationlocation16,0.013262433654615833
birth_date,hospital_locationlocation15,0.005989320448135925
birth_date,claim_count_flag,0.04532861167579987
claim_count_trigger,primary_procedure_codeS400034,0.19866441007481536
hospital_locationlocation3,no_of_days_stayed,0.0037474457313901345
claim_count_pa,hospital_locationlocation14,0.007087475861689309
birth_date,hospital_locationlocation14,0.0024602729085948976
hospital_empanelled_flag,hospital_locationlocation18,0.008542972522135654
hospital_locationlocation11,hospital_locationlocation9,0.009608333695408757
primary_procedure_codeS100214,residence_locationlocation12,0.0029394061455737205
claim_paid_amount,medical_service_provider_idhospital315,0.05232015441175496
hospital_locationlocation22,primary_procedure_codeM100068,0.00041283733067479456
medical_service_provider_idOthers,medical_service_provider_idhospital63,0.07152341321368393
benefit_typeSURGICAL,hospital_locationlocation5,0.012136259872871756
claim_count_pa,hospital_empanelled_flag,0.03578224469689672
medical_service_provider_idOthers,residence_locationlocation12,0.02537698815339012
hospital_locationlocation21,medical_service_provider_idOthers,0.00955590405139607
benefit_typeSURGICAL,hospital_locationlocation11,0.004641188695123579
hospital_locationlocation6,primary_procedure_codeU100,0.007280342162123862
hospital_locationlocation9,primary_procedure_codeM100009,0.0006553107153855647
residence_locationlocation19,residence_locationlocation5,0.0056456019812923235
hospital_locationlocation14,hospital_locationlocation22,0.005419953774625205
package_amount_trigger,primary_procedure_codeM100009,0.15889345168047167
gender_codeMale,hospital_locationlocation2,0.01674582918528447
primary_procedure_codeM100011,primary_procedure_codeM100026,0.0015827702948272636
hospital_locationlocation14,primary_procedure_codeM100026,0.00011625322384648047
claim_paid_amount,gender_codeMale,0.08915877642815154
claim_paid_amount,medical_service_provider_idhospital63,0.07639645872616928
hospital_locationlocation4,primary_procedure_codeU100,0.003836462120491769
hospital_locationlocation14,hospital_typePublic,0.005293417061127661
primary_procedure_codeM100009,residence_locationlocation12,1.1299546676346957e-05
hospital_locationlocation11,hospital_locationlocation20,0.0031827985544855956
gender_triggerFemale,medical_service_provider_idhospital63,0.02140182613986907
fraud,hospital_locationlocation16,0.0033964185284383885
gender_codeMale,residence_locationlocation19,0.002723518732024108
medical_service_provider_idhospital63,residence_locationlocation19,0.009576654717055325
hospital_typePublic,primary_procedure_codeU100,0.16614595758947007
claim_count_flag,hospital_locationlocation16,0.0053833955819028246
primary_procedure_codeM100009,residence_locationlocation20,0.0012856555042536051
hospital_locationlocation14,residence_locationlocation20,0.004289467084044211
hospital_locationlocation6,medical_service_provider_idhospital315,0.007008667539204162
hospital_locationlocation5,primary_procedure_codeS100214,0.003967224793754458
hospital_locationlocation4,medical_service_provider_idhospital63,0.004652216823542736
benefit_typeSURGICAL,hospital_locationlocation16,0.006141184191976305
hosp_days_flag,hospital_locationlocation18,0.02399828590543695
hospital_locationlocation12,hospital_locationlocation5,0.006450646420666186
hospital_locationlocation5,residence_locationlocation12,0.006450646420666186
admission_days_trigger,primary_procedure_codeM100009,0.02190734819628865
hospital_locationlocation9,residence_locationlocation4,0.004282712295793083
hospital_locationlocation18,primary_procedure_codeM100011,0.0004017498405479333
claim_count_trigger,hospital_locationlocation16,0.0029294658695825245
gender_triggerFemale,residence_locationlocation11,0.004752237813956907
claim_count_flag,no_of_days_stayed,0.3140586639436586
hospital_locationlocation11,hospital_locationlocation15,0.00999125502414377
hospital_locationlocation18,hospital_locationlocation4,0.0009842730821976967
gender_triggerFemale,hospital_locationlocation6,0.0052030386742248766
benefit_typeSURGICAL,hospital_locationlocation14,0.0040071667091360124
hospital_locationlocation3,primary_procedure_codeM100068,0.0033767830843749315
primary_procedure_codeM100011,residence_locationlocation6,0.0019180260366054567
hosp_days_flag,hospital_locationlocation19,0.0039512028449227585
admission_days_trigger,hospital_locationlocation6,0.003303703175521893
claim_count_pa,hospital_locationlocation3,0.006137899607521336
hospital_locationlocation22,hospital_locationlocation4,0.00735921267945379
primary_procedure_codeM100068,residence_locationlocation11,0.0016384325647489117
claim_count_trigger,hospital_locationlocation6,0.001570732035784713
gender_codeMale,hospital_locationlocation22,0.003963307610642629
hospital_locationlocation16,hospital_locationlocation18,0.009090346622215067
claim_paid_amount,hospital_locationlocation5,0.0076292584438235715
primary_procedure_codeM100011,residence_locationlocation11,0.0002638833724547905
hospital_locationlocation16,residence_locationlocation20,0.013262433654615833
admission_days_trigger,primary_procedure_codeS100214,0.2479728712337052
hospital_locationlocation20,residence_locationlocation16,0.013262433654615833
hospital_locationlocation19,no_of_days_stayed,0.0036610651336658655
hospital_typePublic,medical_service_provider_idhospital315,0.031203665547550698
primary_procedure_codeM100009,residence_locationlocation16,0.0019180260366054567
hospital_locationlocation11,primary_procedure_codeU100,0.004320194594552503
hospital_locationlocation16,primary_procedure_codeM100026,0.008397146767849448
primary_procedure_codeM100026,residence_locationlocation20,0.0019180260366054567
hospital_locationlocation14,hospital_locationlocation20,0.004289467084044211
hospital_locationlocation4,hospital_typePublic,0.006361753416670938
hospital_locationlocation21,primary_procedure_codeM100026,0.0010287733808582121
primary_procedure_codeM100011,residence_locationlocation5,0.0012856555042536051
fraud,primary_procedure_codeM100068,0.0001242194050837279
gender_triggerFemale,no_of_days_stayed,0.17453050074567666
hospital_locationlocation11,medical_service_provider_idOthers,0.0034836592010970024
medical_service_provider_idhospital315,no_of_days_stayed,0.0270593137510529
claim_count_pa,hospital_locationlocation21,0.009168387112019373
birth_date,hospital_locationlocation6,0.003231885002985152
hospital_locationlocation14,residence_locationlocation16,0.00921309278166335
gender_triggerFemale,residence_locationlocation16,0.006073801863040794
fraud,hospital_locationlocation4,0.00587849123115732
hospital_locationlocation9,medical_service_provider_idhospital315,0.009335042351240014
benefit_typeSURGICAL,primary_procedure_codeU100,0.17726325717284616
gender_codeMale,hospital_empanelled_flag,0.0721633506601059
claim_count_flag,hospital_locationlocation4,0.00801349726818734
hospital_locationlocation4,residence_locationlocation5,0.0031827985544855956
medical_service_provider_idhospital315,residence_locationlocation19,0.004410897401263675
residence_locationlocation11,residence_locationlocation6,0.00735921267945379
birth_date,residence_locationlocation12,0.0022245388686629986
medical_service_provider_idhospital315,package_amount_trigger,0.03048647673670636
residence_locationlocation20,residence_locationlocation4,0.00229419392528882
claim_count_pa,hospital_locationlocation2,0.015278087380747454
claim_count_flag,hospital_locationlocation15,0.012987102232622878
claim_count_pa,medical_service_provider_idhospital315,0.048336732011240245
hospital_locationlocation16,hospital_typePublic,0.007013446428225629
claim_count_flag,hospital_locationlocation11,0.004330404432375961
hospital_empanelled_flag,residence_locationlocation4,0.008416156210792166
claim_paid_amount,hospital_empanelled_flag,0.04888096170243201
admission_days_trigger,hospital_locationlocation5,0.009584835263726896
claim_paid_amount,residence_locationlocation12,0.012547699609670816
hospital_locationlocation5,residence_locationlocation4,0.0031827985544855956
primary_procedure_codeM100068,residence_locationlocation19,0.004176352325943001
claim_paid_amount,residence_locationlocation5,0.0076292584438235715
hospital_locationlocation19,residence_locationlocation2,0.016294124018709957
hospital_locationlocation11,primary_procedure_codeM100009,0.0002638833724547905
hospital_locationlocation11,residence_locationlocation6,0.00735921267945379
primary_procedure_codeS100214,residence_locationlocation6,0.001873607081537085
hospital_locationlocation3,medical_service_provider_idhospital315,0.009335042351240014
claim_paid_amount,primary_procedure_codeM100026,0.06256070848284612
hospital_typePublic,primary_procedure_codeM100026,0.05552870035602682
birth_date,gender_triggerFemale,0.09418294505024595
hospital_locationlocation15,residence_locationlocation20,0.009853244656264552
gender_codeMale,hospital_locationlocation21,0.002891017571790014
hospital_empanelled_flag,primary_procedure_codeM100026,0.008890263508915012
hospital_locationlocation19,primary_procedure_codeM100068,0.004176352325943001
medical_service_provider_idOthers,residence_locationlocation5,0.007078246851700248
hospital_typePublic,residence_locationlocation12,0.0068715428273848495
hospital_locationlocation22,hospital_typePublic,0.0030658647750502073
residence_locationlocation11,residence_locationlocation2,0.014242792217510502
hosp_days_flag,primary_procedure_codeS100214,0.21093846833783136
hospital_locationlocation22,medical_service_provider_idOthers,0.004709718523485467
claim_count_flag,residence_locationlocation16,0.0053833955819028246
hospital_locationlocation12,primary_procedure_codeS100214,0.0029394061455737205
residence_locationlocation12,residence_locationlocation16,0.013262433654615833
primary_procedure_codeM100026,residence_locationlocation5,0.00229419392528882
gender_codeMale,medical_service_provider_idhospital315,0.004856872717207314
hospital_locationlocation2,no_of_days_stayed,0.017462891562681663
claim_paid_amount,hosp_days_flag,0.18133562664336125
gender_triggerFemale,hospital_locationlocation14,0.004358841853326478
hospital_locationlocation21,hospital_locationlocation5,0.0048119687824318075
claim_count_flag,residence_locationlocation5,0.003222792942376934
primary_procedure_codeM100068,residence_locationlocation6,3.176732285387323e-05
gender_triggerFemale,hospital_locationlocation19,0.0034958903354998577
primary_procedure_codeU100,residence_locationlocation12,0.004384537851391938
hospital_locationlocation11,hospital_locationlocation4,0.004927002590047183
claim_count_trigger,hospital_locationlocation9,0.002089022777642447
medical_service_provider_idhospital315,medical_service_provider_idhospital63,0.006741541549148481
no_of_days_stayed,residence_locationlocation20,0.00965052712640044
claim_paid_amount,hospital_locationlocation11,0.007958882056804126
birth_date,hospital_locationlocation4,0.0026213941471740117
hospital_locationlocation4,residence_locationlocation16,0.008397146767849448
primary_procedure_codeS100214,primary_procedure_codeU100,0.18533570409139583
claim_count_trigger,residence_locationlocation5,0.008775434133035515
claim_count_trigger,primary_procedure_codeM100009,0.030322704643396557
admission_days_trigger,hospital_empanelled_flag,0.02116307658634061
primary_procedure_codeS400034,residence_locationlocation4,0.004282712295793083
hosp_days_flag,residence_locationlocation12,0.0025328664246430464
hospital_locationlocation14,residence_locationlocation4,0.0026222473181670464
hospital_locationlocation15,hospital_locationlocation9,0.01163374632030832
admission_days_trigger,no_of_days_stayed,0.19265519207844692
benefit_typeSURGICAL,hospital_empanelled_flag,0.04540401452438408
hospital_locationlocation19,primary_procedure_codeM100026,0.009177534410516048
benefit_typeSURGICAL,residence_locationlocation12,0.004419520517038317
hospital_locationlocation14,no_of_days_stayed,0.004113805871084608
benefit_typeSURGICAL,primary_procedure_codeM100011,0.13556730676714068
benefit_typeSURGICAL,residence_locationlocation5,0.012136259872871756
claim_count_flag,primary_procedure_codeM100009,0.060490336018601557
hospital_empanelled_flag,primary_procedure_codeS100214,0.05290641937575709
birth_date,residence_locationlocation4,0.0026213941471740117
primary_procedure_codeU100,residence_locationlocation6,0.007280342162123862
hospital_locationlocation19,residence_locationlocation5,0.0056456019812923235
fraud,residence_locationlocation20,0.0013580522099441632
hospital_locationlocation5,residence_locationlocation16,0.013262433654615833
gender_codeMale,hospital_locationlocation12,0.0021078202390666426
primary_procedure_codeM100011,residence_locationlocation19,0.0002976910658263322
hosp_days_flag,hospital_locationlocation22,0.003728620742017043
residence_locationlocation2,residence_locationlocation5,0.017052900594521588
fraud,residence_locationlocation11,0.0018725621120760007
hospital_locationlocation5,residence_locationlocation19,0.0056456019812923235
hospital_locationlocation2,hospital_locationlocation4,0.01234934288089352
hospital_empanelled_flag,residence_locationlocation6,0.010526162943981801
hospital_locationlocation12,residence_locationlocation11,0.006450646420666186
medical_service_provider_idhospital315,primary_procedure_codeS100214,0.04306221424167387
hospital_locationlocation2,primary_procedure_codeM100068,0.0037652424260022402
primary_procedure_codeM100011,residence_locationlocation4,4.576670000009821e-05
primary_procedure_codeM100009,primary_procedure_codeS400034,0.0031827985544855956
claim_count_pa,hospital_locationlocation9,0.010456020779503633
hospital_locationlocation12,medical_service_provider_idhospital63,0.009576654717055325
hospital_locationlocation21,primary_procedure_codeS100214,0.00788511534370649
gender_codeMale,hospital_locationlocation4,0.006669491160486889
gender_codeMale,hospital_locationlocation3,0.013332607491993559
hospital_locationlocation4,package_amount_trigger,0.008232962283064214
gender_triggerFemale,primary_procedure_codeS400034,0.2095925415211794
hosp_days_flag,medical_service_provider_idhospital315,0.016514519948864267
admission_days_trigger,primary_procedure_codeM100068,0.023377208041262306
fraud,hospital_locationlocation9,0.00079617765292569
hospital_locationlocation14,hospital_locationlocation4,0.0026222473181670464
hospital_locationlocation15,hospital_locationlocation3,0.01934167009910819
birth_date,primary_procedure_codeM100011,0.0022750475913413917
benefit_typeSURGICAL,residence_locationlocation19,0.005163350779480807
claim_count_pa,primary_procedure_codeS100214,0.3921630975379394
hospital_locationlocation9,package_amount_trigger,0.008394650699477224
benefit_typeSURGICAL,residence_locationlocation16,0.006141184191976305
hospital_locationlocation12,hospital_locationlocation6,0.008397146767849448
hospital_locationlocation14,hospital_locationlocation19,0.00688124228979075
hosp_days_flag,residence_locationlocation19,0.0039512028449227585
hospital_locationlocation3,primary_procedure_codeS100214,0.007732682992057255
package_amount_trigger,primary_procedure_codeM100026,0.19028397271626624
hospital_locationlocation21,residence_locationlocation6,0.005959905605200007
hospital_locationlocation19,hospital_locationlocation22,0.0031827985544855956
birth_date,hosp_days_flag,0.05949243729965731
primary_procedure_codeU100,residence_locationlocation20,0.005940582158450491
claim_paid_amount,primary_procedure_codeU100,0.21180402911417767
hospital_locationlocation4,residence_locationlocation12,0.003703658114507846
residence_locationlocation19,residence_locationlocation4,0.00229419392528882
hospital_locationlocation4,primary_procedure_codeM100011,4.576670000009821e-05
package_amount_trigger,residence_locationlocation20,0.010046240725190895
claim_count_trigger,hospital_locationlocation22,0.0014877157925005454
hospital_locationlocation12,package_amount_trigger,0.0064150014156381
gender_triggerFemale,hospital_locationlocation2,0.010535581532852261
hospital_locationlocation5,residence_locationlocation5,1.0
fraud,hospital_locationlocation18,0.00019916588012418039
hospital_locationlocation5,hospital_typePublic,0.003306814097196331
hospital_locationlocation15,medical_service_provider_idOthers,0.022518119343566415
claim_count_pa,hospital_locationlocation5,0.0033506411443143852
hospital_locationlocation20,medical_service_provider_idhospital63,0.00726097951548705
hospital_locationlocation6,residence_locationlocation2,0.015116998373372468
hospital_typePublic,primary_procedure_codeM100011,0.03574901270450383
hospital_locationlocation15,hospital_typePublic,0.015590086430651037
claim_count_trigger,hospital_typePublic,0.16915498853334818
claim_count_flag,hospital_locationlocation22,0.005684894274552796
claim_paid_amount,hospital_locationlocation3,0.007198307378411389
hospital_locationlocation2,medical_service_provider_idhospital315,0.21944746257058312
hospital_empanelled_flag,hospital_locationlocation14,0.006554943081508901
claim_paid_amount,residence_locationlocation4,0.006647197786277867
hospital_locationlocation18,primary_procedure_codeU100,0.012989279465889033
primary_procedure_codeM100011,residence_locationlocation2,0.0009858784699486632
hospital_locationlocation15,hospital_locationlocation22,0.01005293859110684
hospital_locationlocation15,hospital_locationlocation16,0.015071861787744542
medical_service_provider_idhospital315,residence_locationlocation16,0.009335042351240014
hospital_locationlocation20,residence_locationlocation11,0.002714509244707923
gender_codeMale,residence_locationlocation2,0.01674582918528447
medical_service_provider_idhospital63,residence_locationlocation2,0.014040440678266583
primary_procedure_codeM100009,primary_procedure_codeM100011,0.0012856555042536051
hospital_locationlocation21,residence_locationlocation4,0.003872693859318191
hospital_locationlocation20,hospital_locationlocation6,0.00735921267945379
hospital_locationlocation5,hospital_locationlocation6,0.0031827985544855956
hospital_locationlocation2,hospital_locationlocation21,0.014274396126156627
benefit_typeSURGICAL,residence_locationlocation11,0.004641188695123579
hospital_locationlocation19,residence_locationlocation19,1.0
hospital_locationlocation14,hospital_locationlocation16,0.00921309278166335
hospital_locationlocation16,hospital_locationlocation4,0.008397146767849448
hosp_days_flag,primary_procedure_codeM100011,0.02301422049089225
birth_date,residence_locationlocation5,0.003553037491243926
claim_paid_amount,residence_locationlocation16,0.013992938500255027
medical_service_provider_idhospital315,residence_locationlocation4,0.002729996448354381
benefit_typeSURGICAL,hosp_days_flag,0.18396646940173586
benefit_typeSURGICAL,residence_locationlocation20,0.008407809286803665
admission_days_trigger,claim_count_flag,0.17643599788829734
admission_days_trigger,primary_procedure_codeS400034,0.25484906659976253
fraud,primary_procedure_codeM100011,0.0018725621120760007
hospital_locationlocation18,medical_service_provider_idhospital63,0.004844040842893953
admission_days_trigger,residence_locationlocation6,0.003303703175521893
birth_date,residence_locationlocation16,0.002109495384328825
hospital_locationlocation11,hospital_typePublic,0.007327159955559074
hospital_locationlocation12,hospital_locationlocation19,0.008397146767849448
birth_date,claim_count_trigger,0.06564085902703055
primary_procedure_codeM100026,residence_locationlocation19,0.009177534410516048
hospital_locationlocation14,hospital_locationlocation6,0.00688124228979075
hospital_locationlocation11,primary_procedure_codeM100011,0.0002638833724547905
hospital_locationlocation9,medical_service_provider_idOthers,0.0072031234776876564
admission_days_trigger,hospital_locationlocation18,0.022842601018677706
hospital_locationlocation21,primary_procedure_codeM100009,0.000593343255985639
claim_count_trigger,fraud,0.09236971571622042
claim_count_flag,residence_locationlocation19,0.004582323448684332
package_amount_trigger,residence_locationlocation5,0.007732596297950189
hospital_locationlocation16,primary_procedure_codeS100214,0.005018253463567677
hospital_empanelled_flag,hospital_locationlocation5,0.009619800292474914
hospital_locationlocation12,hospital_locationlocation14,0.00688124228979075
hospital_locationlocation18,residence_locationlocation11,0.005293417237429718
claim_count_trigger,hosp_days_flag,0.4181172933261136
admission_days_trigger,hospital_locationlocation3,0.004545630040651213
primary_procedure_codeM100011,primary_procedure_codeU100,0.017998862086571556
hospital_locationlocation18,residence_locationlocation2,0.013326978988630247
medical_service_provider_idhospital315,residence_locationlocation20,0.0034903270445409656
claim_count_flag,hospital_locationlocation12,0.0037829319922081666
residence_locationlocation11,residence_locationlocation5,0.004282712295793083
hospital_locationlocation20,no_of_days_stayed,0.00965052712640044
claim_count_flag,hospital_locationlocation18,0.010210997684398372
claim_paid_amount,primary_procedure_codeM100011,0.05869941555184273
hospital_locationlocation9,primary_procedure_codeM100011,0.00018792283944792917
medical_service_provider_idOthers,medical_service_provider_idhospital315,0.06687276525975341
admission_days_trigger,primary_procedure_codeM100026,0.026306605136109964
claim_count_trigger,hospital_locationlocation11,0.0029330235991746373
claim_paid_amount,hospital_locationlocation4,0.006647197786277867
birth_date,hospital_locationlocation11,0.0036704578044832775
hospital_locationlocation20,package_amount_trigger,0.010046240725190895
benefit_typeSURGICAL,birth_date,0.024102842117903242
claim_count_pa,primary_procedure_codeM100026,0.03453493210138053
claim_count_flag,hospital_locationlocation20,0.011791808322340577
hospital_locationlocation3,residence_locationlocation19,0.013262433654615833
hospital_locationlocation16,hospital_locationlocation9,0.013262433654615833
primary_procedure_codeS100214,residence_locationlocation5,0.003967224793754458
residence_locationlocation16,residence_locationlocation20,0.013262433654615833
primary_procedure_codeM100026,residence_locationlocation6,0.00229419392528882
primary_procedure_codeU100,residence_locationlocation11,0.0043773112988368034
claim_paid_amount,residence_locationlocation11,0.007907684018970408
admission_days_trigger,residence_locationlocation2,0.006495523344026423
hospital_typePublic,primary_procedure_codeM100068,0.006487077324225346
gender_codeMale,medical_service_provider_idOthers,0.1403432207440558
medical_service_provider_idOthers,primary_procedure_codeS100214,0.19550801964485315
birth_date,residence_locationlocation20,0.004438508880921069
claim_count_pa,residence_locationlocation20,0.01531374960271318
hospital_empanelled_flag,primary_procedure_codeM100009,0.009112524197041014
hosp_days_flag,hospital_locationlocation2,0.01438686301210056
hosp_days_flag,hospital_locationlocation5,0.009460162890433868
hosp_days_flag,residence_locationlocation5,0.009460162890433868
gender_triggerFemale,hospital_locationlocation9,0.0032208348888552517
hospital_locationlocation6,residence_locationlocation12,0.008397146767849448
gender_triggerFemale,package_amount_trigger,0.3939817114707661
hospital_locationlocation14,primary_procedure_codeU100,0.003437992596065538
residence_locationlocation12,residence_locationlocation2,0.0194501304061232
hospital_locationlocation6,medical_service_provider_idhospital63,0.004652216823542736
hospital_locationlocation22,package_amount_trigger,0.004383729549771773
benefit_typeSURGICAL,claim_count_trigger,0.15812515482147357
hospital_locationlocation11,residence_locationlocation4,0.004927002590047183
hospital_locationlocation4,residence_locationlocation11,0.004927002590047183
hospital_locationlocation18,no_of_days_stayed,0.007114232930819446
claim_paid_amount,hospital_locationlocation12,0.012547699609670816
hosp_days_flag,hospital_locationlocation16,0.00483769911158596
primary_procedure_codeM100068,residence_locationlocation2,0.0037652424260022402
hospital_locationlocation19,hospital_locationlocation20,0.00735921267945379
hospital_locationlocation15,primary_procedure_codeM100009,0.0008485280944314644
claim_count_flag,primary_procedure_codeM100011,0.07250942674052817
birth_date,primary_procedure_codeM100026,0.0028734563442098125
gender_triggerFemale,hospital_locationlocation21,0.002682474034173161
hospital_locationlocation14,hospital_locationlocation18,0.006315718988301211
hospital_locationlocation2,hospital_locationlocation9,0.0194501304061232
hospital_locationlocation21,residence_locationlocation19,0.009736113013662617
gender_codeMale,residence_locationlocation12,0.0021078202390666426
medical_service_provider_idhospital63,residence_locationlocation12,0.009576654717055325
hospital_locationlocation6,residence_locationlocation11,0.00735921267945379
no_of_days_stayed,package_amount_trigger,0.3533806595751341
admission_days_trigger,hospital_locationlocation14,0.0005668403320799072
hospital_locationlocation14,hospital_locationlocation3,0.00921309278166335
hospital_locationlocation20,hospital_locationlocation9,0.011085180472686073
gender_triggerFemale,primary_procedure_codeS100214,0.2690921155889452
hospital_locationlocation19,hospital_locationlocation4,0.00229419392528882
hospital_locationlocation11,hospital_locationlocation12,0.006450646420666186
hospital_locationlocation6,primary_procedure_codeS400034,0.0007965490634360343
gender_triggerFemale,medical_service_provider_idhospital315,0.020552250146352157
hospital_locationlocation16,residence_locationlocation11,0.013262433654615833
benefit_typeSURGICAL,primary_procedure_codeM100068,0.11527671022146146
hospital_locationlocation2,primary_procedure_codeU100,0.01132260098219028
hospital_locationlocation9,residence_locationlocation16,0.013262433654615833
fraud,hospital_locationlocation12,7.381543560289226e-06
claim_count_pa,fraud,0.037231240793106246
hospital_locationlocation22,primary_procedure_codeM100011,0.0015827702948272636
primary_procedure_codeM100026,residence_locationlocation2,0.00034826144468001416
gender_codeMale,hospital_locationlocation19,0.002723518732024108
hospital_empanelled_flag,residence_locationlocation5,0.009619800292474914
hospital_locationlocation19,primary_procedure_codeS100214,0.004240734961865406
hosp_days_flag,hospital_locationlocation11,0.0049510055555466
fraud,package_amount_trigger,0.08698314355226945
claim_paid_amount,hospital_locationlocation16,0.013992938500255027
hosp_days_flag,hospital_locationlocation12,0.0025328664246430464
claim_count_flag,package_amount_trigger,0.39679637234012505
claim_count_flag,residence_locationlocation2,0.019786468117382737
hospital_locationlocation15,residence_locationlocation4,0.011027871862360282
hosp_days_flag,primary_procedure_codeS400034,0.0443526949997715
hospital_locationlocation20,primary_procedure_codeS100214,0.014666377519460315
claim_count_trigger,residence_locationlocation20,0.005415770963389935
hospital_locationlocation16,medical_service_provider_idhospital63,0.08198289464754907
primary_procedure_codeS400034,residence_locationlocation6,0.0007965490634360343
hospital_locationlocation21,hospital_locationlocation22,0.009736113013662617
no_of_days_stayed,residence_locationlocation12,0.002654512075117193
gender_triggerFemale,hospital_locationlocation15,0.0180629836986293
no_of_days_stayed,primary_procedure_codeM100011,0.053785390005187214
primary_procedure_codeM100068,primary_procedure_codeS400034,0.010051385658263683
hospital_locationlocation19,hospital_locationlocation6,0.0056456019812923235
hospital_locationlocation22,residence_locationlocation11,0.0031827985544855956
hospital_locationlocation6,primary_procedure_codeM100026,0.00229419392528882
claim_count_flag,primary_procedure_codeM100068,0.03520458994047528
claim_count_pa,residence_locationlocation6,0.004255344768360456
hosp_days_flag,hospital_locationlocation20,0.005789378663323193
birth_date,hospital_locationlocation5,0.003553037491243926
claim_count_trigger,hospital_locationlocation5,0.008775434133035515
hospital_locationlocation12,residence_locationlocation2,0.0194501304061232
benefit_typeSURGICAL,hospital_locationlocation3,0.011884979923252027
claim_count_flag,residence_locationlocation4,0.00801349726818734
hospital_locationlocation19,residence_locationlocation16,0.013262433654615833
hospital_locationlocation21,hospital_typePublic,0.0186490491559569
medical_service_provider_idOthers,residence_locationlocation6,0.00545541998616162
hospital_typePublic,primary_procedure_codeS400034,0.08867520420756096
no_of_days_stayed,residence_locationlocation11,0.0026523919590272288
hospital_locationlocation22,medical_service_provider_idhospital63,0.0022974974692259874
benefit_typeSURGICAL,hospital_locationlocation18,0.004720578212690269
gender_codeMale,primary_procedure_codeM100026,0.006736423256134847
claim_paid_amount,hospital_locationlocation22,0.007766486724862332
hospital_locationlocation14,hospital_locationlocation2,0.013507053431789288
medical_service_provider_idOthers,primary_procedure_codeM100068,0.001856241851289211
hosp_days_flag,primary_procedure_codeM100026,0.019113211999016857
hospital_locationlocation2,primary_procedure_codeS400034,0.001022535802711277
medical_service_provider_idhospital63,primary_procedure_codeM100026,0.00726097951548705
primary_procedure_codeM100026,residence_locationlocation4,0.0007965490634360343
claim_count_pa,gender_codeMale,0.06657733803539231
claim_count_pa,medical_service_provider_idhospital63,0.02310456561464075
hospital_empanelled_flag,hospital_locationlocation11,0.007607302773192531
hospital_locationlocation21,residence_locationlocation5,0.0048119687824318075
fraud,residence_locationlocation6,0.0019664229656853128
hospital_locationlocation9,residence_locationlocation11,0.009608333695408757
hospital_locationlocation5,residence_locationlocation2,0.017052900594521588
birth_date,fraud,0.009707426919480589
residence_locationlocation12,residence_locationlocation19,0.008397146767849448
claim_paid_amount,residence_locationlocation20,0.017052448203296725
claim_count_pa,residence_locationlocation11,0.006514524035290106
hospital_locationlocation20,primary_procedure_codeM100009,0.0012856555042536051
hospital_empanelled_flag,residence_locationlocation2,0.019958187858724122
gender_triggerFemale,primary_procedure_codeM100068,0.020716726077462107
hospital_locationlocation15,primary_procedure_codeU100,0.016533878806093662
hospital_locationlocation20,primary_procedure_codeS400034,0.0006006072951260798
hospital_locationlocation9,residence_locationlocation12,0.013262433654615833
hospital_locationlocation19,primary_procedure_codeM100009,0.002730849491262663
medical_service_provider_idOthers,residence_locationlocation19,0.00216464678198755
residence_locationlocation4,residence_locationlocation5,0.0031827985544855956
birth_date,hospital_locationlocation12,0.0022245388686629986
medical_service_provider_idOthers,package_amount_trigger,0.10789727631838643
hospital_locationlocation3,residence_locationlocation11,0.013262433654615833
hospital_locationlocation2,primary_procedure_codeM100011,0.0009858784699486632
hospital_locationlocation4,primary_procedure_codeM100068,0.000889311551632839
claim_count_trigger,residence_locationlocation16,0.0029294658695825245
gender_codeMale,medical_service_provider_idhospital63,0.006131375861454787
hospital_locationlocation22,hospital_locationlocation5,0.002714509244707923
hospital_typePublic,residence_locationlocation5,0.003306814097196331
hospital_locationlocation12,hospital_locationlocation18,0.006752934643488273
hospital_locationlocation12,residence_locationlocation20,0.006450646420666186
hospital_locationlocation3,residence_locationlocation6,0.013262433654615833
primary_procedure_codeM100011,primary_procedure_codeM100068,0.005128822171926448
gender_triggerFemale,primary_procedure_codeM100009,0.03028309882731202
hospital_locationlocation18,residence_locationlocation20,0.005293417237429718
package_amount_trigger,residence_locationlocation19,0.0068108899567273775
claim_count_flag,claim_count_trigger,0.17991746831136107
medical_service_provider_idhospital315,residence_locationlocation2,0.21944746257058312
hospital_locationlocation11,hospital_locationlocation3,0.013262433654615833
hospital_locationlocation3,medical_service_provider_idhospital63,0.009576654717055325
medical_service_provider_idhospital315,residence_locationlocation11,0.00014760762865626313
gender_codeMale,residence_locationlocation11,0.0036176728903633067
medical_service_provider_idhospital63,residence_locationlocation11,0.005795170084135723
primary_procedure_codeM100009,primary_procedure_codeS100214,0.0707627450559471
hospital_locationlocation5,primary_procedure_codeM100009,0.00017068996880891305
gender_codeMale,hospital_locationlocation16,0.0065816583938339245
claim_count_pa,no_of_days_stayed,0.21614943923688346
hospital_locationlocation2,package_amount_trigger,0.01574836252894165
residence_locationlocation4,residence_locationlocation6,0.0056456019812923235
hospital_locationlocation16,residence_locationlocation12,0.013262433654615833
residence_locationlocation20,residence_locationlocation5,0.006450646420666186
primary_procedure_codeS100214,primary_procedure_codeS400034,0.0841838198458981
gender_codeMale,primary_procedure_codeM100011,0.004915994031849731
medical_service_provider_idhospital63,primary_procedure_codeM100011,0.005795170084135723
hospital_locationlocation18,residence_locationlocation4,0.0009842730821976967
medical_service_provider_idOthers,primary_procedure_codeS400034,0.02255410845527466
hospital_typePublic,residence_locationlocation6,0.006428982863960095
fraud,primary_procedure_codeS100214,0.08233005144680497
package_amount_trigger,residence_locationlocation6,0.004107946969947761
hospital_locationlocation11,primary_procedure_codeM100026,0.001024281433978047
fraud,residence_locationlocation12,7.381543560289226e-06
residence_locationlocation12,residence_locationlocation20,0.006450646420666186
benefit_typeSURGICAL,hospital_locationlocation12,0.004419520517038317
fraud,gender_codeMale,0.15528771455007156
fraud,medical_service_provider_idhospital63,0.00022554813405757814
hospital_locationlocation18,medical_service_provider_idOthers,0.0063330284543467496
claim_paid_amount,primary_procedure_codeM100009,0.05155180489180712
hospital_locationlocation11,residence_locationlocation5,0.004282712295793083
hospital_empanelled_flag,hospital_locationlocation3,0.009383623224894303
hospital_locationlocation11,residence_locationlocation12,0.006450646420666186
hospital_locationlocation18,residence_locationlocation16,0.009090346622215067
birth_date,primary_procedure_codeM100068,0.0023596759427691027
hospital_locationlocation22,residence_locationlocation6,0.00229419392528882
hospital_locationlocation14,hospital_locationlocation9,0.00921309278166335
fraud,medical_service_provider_idhospital315,9.218827318290846e-06
hospital_locationlocation14,residence_locationlocation5,0.0026222473181670464
admission_days_trigger,hospital_locationlocation4,0.004037126080543067
hospital_locationlocation12,medical_service_provider_idhospital315,0.0003000443008265695
hospital_empanelled_flag,residence_locationlocation19,0.059151464234400375
residence_locationlocation11,residence_locationlocation12,0.006450646420666186
claim_count_flag,hosp_days_flag,0.16298967722129953
hospital_locationlocation4,primary_procedure_codeS400034,0.004282712295793083
hospital_locationlocation15,residence_locationlocation11,0.00999125502414377
birth_date,hospital_empanelled_flag,0.023904552630499645
no_of_days_stayed,residence_locationlocation6,0.001918859745787551
claim_paid_amount,medical_service_provider_idOthers,0.09948673432842985
gender_codeMale,hospital_locationlocation20,0.006043628274742235
claim_count_pa,hospital_locationlocation4,0.008952279404726596
hospital_empanelled_flag,residence_locationlocation12,0.004997381518894288
residence_locationlocation12,residence_locationlocation4,0.003703658114507846
claim_count_trigger,no_of_days_stayed,0.18644258861337076
hospital_locationlocation22,primary_procedure_codeS100214,0.004695504136086826
hosp_days_flag,hospital_locationlocation21,0.0041706446768245455
claim_paid_amount,residence_locationlocation2,0.02204340611614703
hospital_locationlocation22,residence_locationlocation4,0.00735921267945379
hospital_locationlocation2,hospital_locationlocation20,0.017052900594521588
hospital_locationlocation16,residence_locationlocation6,0.013262433654615833
claim_count_pa,gender_triggerFemale,0.15776924135016643
hospital_locationlocation15,hospital_locationlocation4,0.011027871862360282
primary_procedure_codeM100009,residence_locationlocation11,0.0002638833724547905
hospital_locationlocation12,hospital_locationlocation21,0.009736113013662617
gender_codeMale,primary_procedure_codeS100214,0.1655505837103799
medical_service_provider_idhospital63,primary_procedure_codeS100214,0.03643835955132122
claim_count_pa,hospital_locationlocation19,0.003931297317994864
hosp_days_flag,hospital_locationlocation3,0.007552689515348735
hospital_locationlocation9,primary_procedure_codeU100,0.0054745844707141745
hospital_locationlocation2,residence_locationlocation16,0.0194501304061232
hospital_locationlocation15,medical_service_provider_idhospital63,0.00703288511041151
hospital_locationlocation15,residence_locationlocation12,0.010150655201712041
hospital_locationlocation21,hospital_locationlocation3,0.009736113013662617
hospital_locationlocation12,hospital_locationlocation15,0.010150655201712041
package_amount_trigger,residence_locationlocation2,0.015748362528941653
hospital_locationlocation5,primary_procedure_codeM100068,1.1009856553353688e-05
hosp_days_flag,residence_locationlocation11,0.004845019610381947
gender_triggerFemale,hospital_locationlocation22,0.004267330495747836
no_of_days_stayed,residence_locationlocation4,0.00596491067374727
hospital_locationlocation3,hospital_locationlocation6,0.013262433654615833
hosp_days_flag,hospital_locationlocation15,0.01784311167491325
hospital_empanelled_flag,hospital_locationlocation22,0.005069017340469425
hospital_locationlocation22,hospital_locationlocation9,0.0056456019812923235
hospital_locationlocation16,residence_locationlocation4,0.008397146767849448
hosp_days_flag,residence_locationlocation6,0.0036769268170050145
hospital_locationlocation3,residence_locationlocation12,0.013262433654615833
gender_codeMale,residence_locationlocation6,0.0031133552606492313
medical_service_provider_idhospital63,residence_locationlocation6,0.004652216823542736
claim_count_flag,hospital_empanelled_flag,0.054054493187031406
hospital_typePublic,primary_procedure_codeM100009,0.043005344478222844
hospital_locationlocation12,no_of_days_stayed,0.002654512075117193
hospital_locationlocation20,residence_locationlocation6,0.00735921267945379
claim_paid_amount,hospital_locationlocation15,0.02140192305255692
admission_days_trigger,hospital_locationlocation9,0.0026716561265594375
no_of_days_stayed,primary_procedure_codeS400034,0.08295386510502631
residence_locationlocation2,residence_locationlocation4,0.01234934288089352
claim_count_trigger,medical_service_provider_idOthers,0.0767173031129255
hospital_empanelled_flag,hospital_typePublic,0.0827577181893182
fraud,residence_locationlocation4,0.00587849123115732
hospital_locationlocation16,residence_locationlocation2,0.0194501304061232
hospital_locationlocation15,residence_locationlocation16,0.015071861787744542
hospital_locationlocation16,package_amount_trigger,0.006390094978074665
hospital_locationlocation6,residence_locationlocation6,1.0
claim_count_trigger,hospital_empanelled_flag,0.02724068620603697
admission_days_trigger,residence_locationlocation5,0.009584835263726896
birth_date,medical_service_provider_idhospital315,0.013805182850726723
package_amount_trigger,residence_locationlocation4,0.008232962283064214
no_of_days_stayed,primary_procedure_codeM100009,0.04259936718900142
hospital_locationlocation4,hospital_locationlocation9,0.004282712295793083
hospital_locationlocation18,hospital_locationlocation5,0.0032595548522055136
claim_count_trigger,primary_procedure_codeU100,0.48789597942602286
admission_days_trigger,hospital_locationlocation16,0.005237339657700649
hospital_locationlocation20,hospital_locationlocation21,0.005959905605200007
benefit_typeSURGICAL,residence_locationlocation2,0.018362424774388018
claim_count_pa,claim_paid_amount,0.1926521477080583
hospital_locationlocation2,residence_locationlocation11,0.014242792217510502
hospital_locationlocation18,hospital_locationlocation9,0.009090346622215067
birth_date,hospital_locationlocation21,0.0037548913953143834
hospital_locationlocation4,hospital_locationlocation5,0.0031827985544855956
birth_date,hospital_locationlocation18,0.004133272305836012
hospital_locationlocation6,primary_procedure_codeM100011,0.0019180260366054567
claim_count_trigger,hospital_locationlocation18,0.00930888835732891
medical_service_provider_idhospital315,primary_procedure_codeM100026,0.007008667539204162
residence_locationlocation11,residence_locationlocation16,0.013262433654615833
residence_locationlocation16,residence_locationlocation6,0.013262433654615833
hospital_locationlocation5,no_of_days_stayed,0.003375888904769742
hospital_locationlocation20,medical_service_provider_idhospital315,0.0034903270445409656
benefit_typeSURGICAL,primary_procedure_codeS400034,0.03417151692437262
hospital_locationlocation21,residence_locationlocation2,0.014274396126156627
birth_date,hospital_locationlocation3,0.0025434495158905704
claim_count_trigger,package_amount_trigger,0.38746598379242525
claim_count_trigger,hospital_locationlocation3,0.007134429403878617
gender_triggerFemale,hospital_locationlocation18,0.013511005752400999
admission_days_trigger,hosp_days_flag,0.4016692994970178
claim_count_pa,primary_procedure_codeM100009,0.0336820444175324
birth_date,hospital_locationlocation9,0.0036044060061927127
hospital_locationlocation2,medical_service_provider_idhospital63,0.014040440678266583
hospital_locationlocation16,primary_procedure_codeM100011,8.965690776960665e-15
hospital_locationlocation12,hospital_locationlocation22,0.006450646420666186
medical_service_provider_idOthers,residence_locationlocation2,0.01986049153188121
hospital_locationlocation14,hospital_locationlocation21,0.006764247325831166
claim_count_trigger,hospital_locationlocation15,0.01684238123835588
hospital_locationlocation12,residence_locationlocation6,0.008397146767849448
hospital_locationlocation21,hospital_locationlocation6,0.005959905605200007
admission_days_trigger,hospital_locationlocation11,0.001692487786661162
claim_paid_amount,hospital_locationlocation9,0.011488965659099112
admission_days_trigger,hospital_locationlocation15,0.011194048914185413
hosp_days_flag,hospital_locationlocation4,0.00432588736005502
hospital_locationlocation12,primary_procedure_codeM100068,3.176732285387323e-05
claim_count_pa,medical_service_provider_idOthers,0.08448197495220841
hospital_locationlocation15,hospital_locationlocation5,0.009853244656264552
primary_procedure_codeM100068,primary_procedure_codeS100214,0.06992840738955303
hospital_locationlocation14,medical_service_provider_idhospital315,0.006485679328256924
hospital_locationlocation16,hospital_locationlocation6,0.013262433654615833
benefit_typeSURGICAL,fraud,0.13042591263066525
hospital_locationlocation18,hospital_locationlocation19,0.006752934643488273
gender_codeMale,hospital_locationlocation15,0.025557745739723074
primary_procedure_codeM100011,residence_locationlocation20,0.0012856555042536051
medical_service_provider_idhospital315,primary_procedure_codeU100,0.014007675626310074
admission_days_trigger,gender_codeMale,0.11570728828940169
admission_days_trigger,medical_service_provider_idhospital63,0.018376792589061615
gender_codeMale,hospital_locationlocation14,0.001753843806590776
hospital_locationlocation3,residence_locationlocation4,0.013262433654615833
hospital_locationlocation18,primary_procedure_codeS400034,0.003403597849556597
hospital_locationlocation19,primary_procedure_codeM100011,0.0002976910658263322
admission_days_trigger,residence_locationlocation20,0.004723819567481573
hospital_locationlocation11,hospital_locationlocation16,0.013262433654615833
hospital_locationlocation14,residence_locationlocation2,0.013507053431789288
residence_locationlocation11,residence_locationlocation20,0.002714509244707923
hospital_locationlocation5,residence_locationlocation11,0.004282712295793083
hospital_locationlocation12,hospital_locationlocation20,0.006450646420666186
hospital_locationlocation22,hospital_locationlocation6,0.00229419392528882
hospital_locationlocation6,primary_procedure_codeS100214,0.0018736070815370842
hospital_locationlocation12,hospital_locationlocation2,0.0194501304061232
hospital_locationlocation12,residence_locationlocation19,0.008397146767849448
primary_procedure_codeM100026,primary_procedure_codeS100214,0.07361847814568633
birth_date,hospital_locationlocation22,0.002548930236423796
claim_count_trigger,hospital_locationlocation2,0.009273258501161941
hospital_empanelled_flag,hospital_locationlocation6,0.010526162943981801
claim_count_flag,primary_procedure_codeS100214,0.7042745298422898
birth_date,primary_procedure_codeU100,0.0704224913710853
claim_count_pa,primary_procedure_codeU100,0.10516872695944222
residence_locationlocation5,residence_locationlocation6,0.0031827985544855956
hospital_locationlocation11,hospital_locationlocation5,0.004282712295793083
hospital_locationlocation5,medical_service_provider_idOthers,0.007078246851700248
medical_service_provider_idOthers,residence_locationlocation20,0.005103186050837528
claim_count_pa,hospital_locationlocation15,0.010403831694751304
claim_count_flag,medical_service_provider_idhospital315,0.03994578935010026
package_amount_trigger,primary_procedure_codeS400034,0.23527518532228042
hospital_locationlocation19,package_amount_trigger,0.0068108899567273775
admission_days_trigger,claim_count_trigger,0.49660663997117294
hospital_locationlocation15,residence_locationlocation5,0.009853244656264552
hospital_locationlocation15,primary_procedure_codeM100011,0.00014503943301614436
hospital_locationlocation20,primary_procedure_codeM100068,0.0021250097225794413
fraud,hospital_locationlocation5,0.0030333565215580833
hospital_typePublic,primary_procedure_codeS100214,0.37164101195252713
benefit_typeSURGICAL,hospital_typePublic,0.2100649200001765
claim_count_flag,hospital_locationlocation6,0.002957658236133572
hospital_locationlocation9,residence_locationlocation19,0.013262433654615833
fraud,hospital_locationlocation11,0.0017810225591147616
hospital_locationlocation18,package_amount_trigger,0.013411452003042569
primary_procedure_codeM100011,residence_locationlocation16,8.965690776960665e-15
fraud,primary_procedure_codeS400034,0.0008576586576487814
admission_days_trigger,hospital_typePublic,0.12064914215702668
hospital_locationlocation3,primary_procedure_codeM100011,0.0015827702948272636
hospital_locationlocation19,residence_locationlocation4,0.00229419392528882
hospital_locationlocation16,hospital_locationlocation5,0.013262433654615833
hospital_locationlocation4,medical_service_provider_idhospital315,0.002729996448354381
primary_procedure_codeM100009,residence_locationlocation5,0.00017068996880891305
hospital_typePublic,no_of_days_stayed,0.16201968999265662
hospital_locationlocation19,medical_service_provider_idhospital315,0.004410897401263675
hospital_locationlocation11,residence_locationlocation11,0.9912487315419997
hospital_locationlocation12,primary_procedure_codeM100009,1.1299546676346957e-05
hospital_locationlocation21,residence_locationlocation12,0.009736113013662617
hospital_locationlocation2,residence_locationlocation20,0.017052900594521588
hospital_locationlocation12,primary_procedure_codeS400034,0.00018792283944792917
hospital_empanelled_flag,hospital_locationlocation20,0.003554988059229388
birth_date,medical_service_provider_idOthers,0.026994619954063798
hospital_locationlocation21,residence_locationlocation20,0.005959905605200007
hospital_locationlocation18,hospital_typePublic,0.004747824452281059
gender_triggerFemale,hospital_locationlocation20,0.006074557762281086
hosp_days_flag,residence_locationlocation20,0.005789378663323193
hospital_locationlocation2,residence_locationlocation12,0.0194501304061232
birth_date,residence_locationlocation2,0.006633297556469066
hospital_locationlocation18,primary_procedure_codeS100214,0.010556613937879692
birth_date,hospital_locationlocation2,0.006620672629767714
hospital_locationlocation19,hospital_locationlocation21,0.009736113013662617
hospital_locationlocation16,medical_service_provider_idhospital315,0.009335042351240014
hospital_locationlocation18,primary_procedure_codeM100068,0.0013692167890841033
fraud,residence_locationlocation5,0.0030333565215580833
hospital_locationlocation11,medical_service_provider_idhospital63,0.005795170084135723
hospital_locationlocation22,residence_locationlocation12,0.006450646420666186
hospital_locationlocation4,primary_procedure_codeM100026,0.0007965490634360343
fraud,hospital_empanelled_flag,0.07745085256176118
gender_codeMale,hospital_locationlocation11,0.0036187018810212553
hospital_locationlocation14,residence_locationlocation6,0.00688124228979075
hospital_locationlocation11,primary_procedure_codeS100214,0.004295371100727694
hospital_locationlocation9,residence_locationlocation5,0.009608333695408757
residence_locationlocation2,residence_locationlocation6,0.015116998373372468
hospital_locationlocation5,primary_procedure_codeU100,0.010274550339765966
fraud,hospital_locationlocation2,0.07867299858581203
hospital_locationlocation16,hospital_locationlocation21,0.009736113013662617
admission_days_trigger,fraud,0.03969478407113862
admission_days_trigger,residence_locationlocation12,0.0015361501451079135
hospital_locationlocation12,residence_locationlocation4,0.003703658114507846
hospital_locationlocation2,hospital_locationlocation3,0.0194501304061232
claim_paid_amount,hospital_typePublic,0.17088250805754981
hospital_locationlocation18,primary_procedure_codeM100009,5.527580117345092e-07
hospital_locationlocation11,hospital_locationlocation6,0.00735921267945379
benefit_typeSURGICAL,no_of_days_stayed,0.1666793725034067
hospital_locationlocation22,medical_service_provider_idhospital315,0.0034903270445409656
hosp_days_flag,residence_locationlocation4,0.00432588736005502
hospital_locationlocation14,residence_locationlocation12,0.00688124228979075
fraud,hospital_locationlocation6,0.0019664229656853128
hospital_locationlocation9,residence_locationlocation20,0.011085180472686073
primary_procedure_codeM100009,primary_procedure_codeM100026,0.00229419392528882
package_amount_trigger,primary_procedure_codeM100068,0.19204379273923458
hospital_locationlocation15,primary_procedure_codeM100026,0.0030717056742108617
gender_codeMale,hospital_typePublic,0.1748903023946943
birth_date,primary_procedure_codeM100009,0.00375433394193354
hospital_empanelled_flag,residence_locationlocation20,0.003554988059229388
hospital_locationlocation11,residence_locationlocation16,0.013262433654615833
hospital_locationlocation3,residence_locationlocation5,0.013262433654615833
primary_procedure_codeM100009,residence_locationlocation2,0.0009370691076481733
hospital_locationlocation9,medical_service_provider_idhospital63,0.009576654717055325
hospital_locationlocation12,hospital_locationlocation9,0.013262433654615833
admission_days_trigger,gender_triggerFemale,0.6067387196523082
claim_count_pa,hospital_locationlocation12,0.0023633320063930624
hospital_locationlocation6,residence_locationlocation4,0.0056456019812923235
hospital_typePublic,medical_service_provider_idhospital63,0.028413540424116382
gender_codeMale,residence_locationlocation5,0.006317461847493122
hospital_empanelled_flag,hospital_locationlocation19,0.059151464234400375
medical_service_provider_idhospital63,residence_locationlocation5,0.03319975943141151
hospital_locationlocation5,primary_procedure_codeM100026,0.00229419392528882
birth_date,claim_paid_amount,0.06337180328175093
benefit_typeSURGICAL,claim_count_flag,0.35358988233199246
hospital_locationlocation6,hospital_typePublic,0.006428982863960095
primary_procedure_codeS100214,residence_locationlocation4,0.011144817820124501
primary_procedure_codeS400034,primary_procedure_codeU100,0.030774370073351338
residence_locationlocation12,residence_locationlocation6,0.008397146767849448
gender_triggerFemale,residence_locationlocation2,0.010535581532852261
claim_count_flag,hospital_locationlocation14,0.0022239464073352355
birth_date,hospital_locationlocation20,0.004438508880921069
benefit_typeSURGICAL,hospital_locationlocation22,0.0026506685433428405
claim_paid_amount,hospital_locationlocation18,0.008732343422269435
gender_triggerFemale,medical_service_provider_idOthers,0.09835792731964206
hospital_locationlocation14,hospital_locationlocation5,0.0026222473181670464
primary_procedure_codeM100068,residence_locationlocation16,0.00014293477093878934
medical_service_provider_idOthers,no_of_days_stayed,0.09362789163719787
claim_paid_amount,fraud,0.07661411847988833
claim_paid_amount,residence_locationlocation19,0.005326701606159295
primary_procedure_codeM100068,residence_locationlocation12,3.176732285387323e-05
hospital_locationlocation12,primary_procedure_codeU100,0.004384537851391939
hospital_locationlocation2,hospital_locationlocation6,0.015116998373372468
hospital_locationlocation6,primary_procedure_codeM100009,1.1299546676346957e-05
hospital_locationlocation18,hospital_locationlocation3,0.009090346622215067
hospital_locationlocation20,residence_locationlocation2,0.017052900594521588
hospital_locationlocation21,medical_service_provider_idhospital63,0.004308755672337023
birth_date,residence_locationlocation19,0.0028457532569742664
hospital_locationlocation3,primary_procedure_codeS400034,0.0008213875430655912
hospital_locationlocation20,medical_service_provider_idOthers,0.005103186050837528
hospital_locationlocation2,residence_locationlocation2,0.995493337224032
admission_days_trigger,claim_paid_amount,0.29606370057655007
gender_triggerFemale,residence_locationlocation6,0.0052030386742248766
hospital_locationlocation19,hospital_locationlocation3,0.013262433654615833
hospital_locationlocation11,hospital_locationlocation19,0.006450646420666186
primary_procedure_codeU100,residence_locationlocation16,0.005873458028874065
claim_count_pa,hospital_locationlocation16,0.006451095018290886
hospital_locationlocation22,residence_locationlocation2,0.01309371372527215
benefit_typeSURGICAL,package_amount_trigger,0.3728277600487466
admission_days_trigger,hospital_locationlocation20,0.004723819567481573
hospital_locationlocation3,residence_locationlocation20,0.013262433654615833
hospital_locationlocation18,residence_locationlocation19,0.006752934643488273
hospital_locationlocation4,no_of_days_stayed,0.005964910673747268
hospital_locationlocation20,residence_locationlocation4,0.00229419392528882
hospital_locationlocation20,hospital_locationlocation22,0.006450646420666186
hospital_locationlocation21,residence_locationlocation11,0.0048119687824318075
primary_procedure_codeU100,residence_locationlocation5,0.010274550339765966
hospital_locationlocation4,residence_locationlocation19,0.00229419392528882
claim_count_flag,residence_locationlocation12,0.0037829319922081666
claim_count_flag,fraud,0.09595067393273456
package_amount_trigger,primary_procedure_codeS100214,0.5535358727370154
admission_days_trigger,hospital_locationlocation12,0.0015361501451079135
hospital_locationlocation3,primary_procedure_codeM100026,0.0016519797117021686
claim_count_pa,hospital_locationlocation22,0.013464293008849848
hospital_locationlocation9,hospital_typePublic,0.00833188488698904
hospital_locationlocation16,residence_locationlocation5,0.013262433654615833
benefit_typeSURGICAL,residence_locationlocation4,0.004563749658952875
hospital_typePublic,residence_locationlocation19,0.00354155288726629
claim_count_flag,hospital_locationlocation3,0.00920992951139426
claim_count_trigger,hospital_locationlocation12,0.002606785037530539
hospital_locationlocation21,primary_procedure_codeM100011,0.053038593731758975
hospital_locationlocation20,primary_procedure_codeM100026,0.0019180260366054567
admission_days_trigger,residence_locationlocation19,0.00048543831762183935
hospital_empanelled_flag,medical_service_provider_idhospital63,0.011047420628065678
fraud,hospital_locationlocation14,0.00011737962892939133
claim_count_pa,hospital_typePublic,0.15682577122207497
primary_procedure_codeS400034,residence_locationlocation12,0.00018792283944792917
primary_procedure_codeM100026,primary_procedure_codeS400034,0.009608333695408757
hospital_locationlocation16,hospital_locationlocation2,0.0194501304061232
primary_procedure_codeS400034,residence_locationlocation5,0.0007965490634360343
fraud,hospital_locationlocation21,0.00010366530333070024
hospital_locationlocation9,residence_locationlocation2,0.0194501304061232
claim_count_flag,residence_locationlocation6,0.002957658236133572
hospital_locationlocation12,medical_service_provider_idOthers,0.02537698815339012
claim_count_pa,primary_procedure_codeM100068,0.04416688776037356
claim_count_flag,primary_procedure_codeS400034,0.06167943843136394
primary_procedure_codeM100068,residence_locationlocation5,1.1009856553353688e-05
hospital_locationlocation19,residence_locationlocation12,0.008397146767849448
hospital_locationlocation20,residence_locationlocation20,1.0
hospital_locationlocation22,residence_locationlocation19,0.0031827985544855956
hospital_locationlocation14,package_amount_trigger,0.002654276251207765
hospital_empanelled_flag,residence_locationlocation11,0.0071888177828248155
hospital_locationlocation3,hospital_typePublic,0.012357168359208321
gender_triggerFemale,primary_procedure_codeM100026,0.029697007434585226
no_of_days_stayed,primary_procedure_codeS100214,0.40884541925308465
primary_procedure_codeM100068,residence_locationlocation4,0.000889311551632839
hospital_locationlocation2,residence_locationlocation5,0.017052900594521588
hospital_locationlocation21,residence_locationlocation16,0.009736113013662617
gender_triggerFemale,residence_locationlocation12,0.00382497934061455
gender_codeMale,gender_triggerFemale,0.23417211544438982
benefit_typeSURGICAL,primary_procedure_codeM100009,0.12784862402290648
birth_date,package_amount_trigger,0.08121032289040665
hospital_locationlocation6,hospital_locationlocation9,0.008397146767849448
medical_service_provider_idhospital315,residence_locationlocation12,0.0003000443008265695
medical_service_provider_idhospital315,primary_procedure_codeM100011,0.009335042351240014
hospital_locationlocation15,medical_service_provider_idhospital315,0.008800826151619505
hospital_locationlocation22,hospital_locationlocation3,0.013262433654615833
gender_triggerFemale,residence_locationlocation20,0.006074557762281086
hospital_locationlocation6,residence_locationlocation5,0.0031827985544855956
hospital_locationlocation2,hospital_typePublic,0.015647559276285382
no_of_days_stayed,primary_procedure_codeM100026,0.047048711825301445
hospital_locationlocation19,primary_procedure_codeS400034,0.000376070568521759
birth_date,no_of_days_stayed,0.03398300474835994
hosp_days_flag,medical_service_provider_idhospital63,0.010194716113634534
hospital_locationlocation16,primary_procedure_codeS400034,0.00017068996880891305
claim_count_flag,hospital_locationlocation2,0.019786468117382737
gender_codeMale,primary_procedure_codeM100068,0.00420408478825444
primary_procedure_codeM100011,residence_locationlocation12,0.008203145417776551
hospital_empanelled_flag,hospital_locationlocation9,0.007718164957654393
hospital_typePublic,medical_service_provider_idOthers,0.20607448145177015
claim_count_pa,hospital_locationlocation11,0.006690145219465407
hospital_locationlocation15,hospital_locationlocation21,0.00935930412308118
medical_service_provider_idhospital63,primary_procedure_codeM100068,0.007258720474719236
claim_count_pa,hospital_locationlocation18,0.010990160078998423
hospital_locationlocation20,residence_locationlocation12,0.006450646420666186
claim_paid_amount,no_of_days_stayed,0.267718767783644
hospital_locationlocation19,residence_locationlocation20,0.00735921267945379
hospital_locationlocation15,primary_procedure_codeS100214,0.01328605307085286
hospital_locationlocation2,hospital_locationlocation22,0.01309371372527215
hospital_locationlocation16,hospital_locationlocation3,0.013262433654615833
hospital_locationlocation14,residence_locationlocation19,0.00688124228979075
hospital_locationlocation5,residence_locationlocation6,0.0031827985544855956
hospital_locationlocation20,hospital_locationlocation3,0.013262433654615833
claim_count_trigger,primary_procedure_codeM100068,0.023695088022571118
primary_procedure_codeS400034,residence_locationlocation19,0.000376070568521759
hospital_locationlocation22,primary_procedure_codeS400034,0.0002638833724547905
hospital_locationlocation6,residence_locationlocation19,0.0056456019812923235
hosp_days_flag,hospital_empanelled_flag,0.030437408738443823
fraud,residence_locationlocation2,0.07867299858581203
primary_procedure_codeS400034,residence_locationlocation16,0.00017068996880891305
hospital_empanelled_flag,residence_locationlocation16,0.00965278909918075
hospital_locationlocation21,primary_procedure_codeU100,0.004140055316372823
medical_service_provider_idOthers,primary_procedure_codeM100009,0.026098803765667103
hospital_locationlocation19,hospital_locationlocation2,0.016294124018709957
hospital_empanelled_flag,hospital_locationlocation16,0.00965278909918075
hospital_locationlocation4,residence_locationlocation4,1.0
admission_days_trigger,birth_date,0.07017487886169667
hospital_locationlocation22,primary_procedure_codeM100009,9.7065156889405e-05
claim_count_pa,residence_locationlocation16,0.006451095018290886
primary_procedure_codeM100009,residence_locationlocation6,1.1299546676346957e-05
claim_count_flag,residence_locationlocation20,0.011791808322340577
benefit_typeSURGICAL,claim_count_pa,0.13460740060973597
hospital_locationlocation20,residence_locationlocation19,0.00735921267945379
primary_procedure_codeM100026,primary_procedure_codeM100068,0.0033767830843749315
hospital_locationlocation6,no_of_days_stayed,0.001918859745787551
claim_paid_amount,residence_locationlocation6,0.021975561408894253
hospital_locationlocation4,primary_procedure_codeS100214,0.011144817820124501
birth_date,residence_locationlocation11,0.0037164906927540805
hospital_locationlocation2,residence_locationlocation19,0.016294124018709957
hospital_locationlocation21,hospital_locationlocation9,0.009736113013662617
hospital_locationlocation21,package_amount_trigger,0.01769341485969067
hospital_locationlocation18,residence_locationlocation12,0.006752934643488273
claim_paid_amount,hospital_locationlocation6,0.021975561408894253
hosp_days_flag,package_amount_trigger,0.2599129426213999
residence_locationlocation19,residence_locationlocation2,0.016294124018709957
hospital_locationlocation18,residence_locationlocation5,0.0032595548522055136
birth_date,residence_locationlocation6,0.003231885002985152
hospital_empanelled_flag,hospital_locationlocation15,0.014323576011661496
primary_procedure_codeM100009,residence_locationlocation4,0.0006553107153855647
gender_codeMale,no_of_days_stayed,0.07314862235095565
medical_service_provider_idhospital63,no_of_days_stayed,0.021251235934666702
birth_date,gender_codeMale,0.03389112168126835
hosp_days_flag,no_of_days_stayed,0.18897883682745542
gender_triggerFemale,residence_locationlocation19,0.0034958903354998577
claim_paid_amount,primary_procedure_codeS100214,0.32699320965047113
birth_date,medical_service_provider_idhospital63,0.005699968766112743
medical_service_provider_idOthers,residence_locationlocation4,0.006668550781235659
claim_paid_amount,primary_procedure_codeM100068,0.020246760838425564
residence_locationlocation16,residence_locationlocation19,0.013262433654615833
hospital_locationlocation4,primary_procedure_codeM100009,0.0006553107153855647
hospital_locationlocation14,medical_service_provider_idOthers,0.0036508077536274324
hospital_locationlocation14,primary_procedure_codeM100011,0.0003287388259181
primary_procedure_codeM100009,primary_procedure_codeM100068,0.0033767830843749315
fraud,primary_procedure_codeM100009,0.006741214497462712
hospital_locationlocation14,medical_service_provider_idhospital63,0.006653494875652268
hospital_locationlocation18,hospital_locationlocation22,0.0041675184097776695
primary_procedure_codeS400034,residence_locationlocation11,0.0015827702948272636
hosp_days_flag,hospital_typePublic,0.14452600665105558
primary_procedure_codeS100214,residence_locationlocation16,0.005018253463567676
claim_paid_amount,gender_triggerFemale,0.2445133326306338
gender_codeMale,hospital_locationlocation6,0.0031133552606492313
admission_days_trigger,residence_locationlocation11,0.001582216934672437
claim_paid_amount,package_amount_trigger,0.41717909437294526
hospital_typePublic,package_amount_trigger,0.25135878649608595
primary_procedure_codeS100214,residence_locationlocation19,0.004240734961865406
hosp_days_flag,hospital_locationlocation6,0.0036769268170050145
admission_days_trigger,hospital_locationlocation19,0.00048543831762183935
claim_count_trigger,residence_locationlocation6,0.001570732035784713
hospital_empanelled_flag,package_amount_trigger,0.04289086827039344
primary_procedure_codeS400034,residence_locationlocation20,0.0006006072951260798
admission_days_trigger,primary_procedure_codeU100,0.46451731605614266
primary_procedure_codeM100026,residence_locationlocation16,0.008397146767849448
admission_days_trigger,benefit_typeSURGICAL,0.1392259580350968
benefit_typeSURGICAL,hospital_locationlocation21,0.006635491345344191
hospital_locationlocation15,primary_procedure_codeM100068,0.0006665096512909598
residence_locationlocation12,residence_locationlocation5,0.006450646420666186
hospital_locationlocation20,primary_procedure_codeM100011,0.0012856555042536051
hospital_locationlocation14,residence_locationlocation11,0.004289467084044211
claim_count_pa,hosp_days_flag,0.12352517215042719
hospital_locationlocation14,primary_procedure_codeS400034,7.885188697278951e-05
hospital_locationlocation5,medical_service_provider_idhospital63,0.03319975943141151
hosp_days_flag,hospital_locationlocation14,0.005500195813802917
admission_days_trigger,hospital_locationlocation21,0.00100351116335448
hospital_locationlocation12,hospital_locationlocation3,0.013262433654615833
claim_count_flag,hospital_locationlocation9,0.003756993836124174
primary_procedure_codeU100,residence_locationlocation19,0.0037868909728604456
claim_count_trigger,hospital_locationlocation21,0.0007707043452282033
hospital_locationlocation22,primary_procedure_codeU100,0.006630110858531656
hospital_empanelled_flag,hospital_locationlocation2,0.019958187858724122
hospital_locationlocation15,hospital_locationlocation6,0.009450891354301352
gender_triggerFemale,hospital_typePublic,0.2266461799415835
hospital_locationlocation18,hospital_locationlocation20,0.005293417237429718
hospital_locationlocation14,hospital_locationlocation15,0.007775038157294051
hospital_locationlocation21,primary_procedure_codeS400034,6.35908630571248e-06
hospital_locationlocation5,medical_service_provider_idhospital315,0.004410897401263675
gender_triggerFemale,primary_procedure_codeM100011,0.033554915133546664
hospital_locationlocation4,residence_locationlocation6,0.0056456019812923235
claim_count_flag,hospital_locationlocation21,0.00700424335430341
medical_service_provider_idOthers,primary_procedure_codeU100,0.08124162547427166
hospital_locationlocation15,hospital_locationlocation20,0.009853244656264552
benefit_typeSURGICAL,primary_procedure_codeS100214,0.43517798646794514
claim_count_trigger,medical_service_provider_idhospital315,0.021857088212102655
hospital_locationlocation15,hospital_locationlocation2,0.02304597316170523
hospital_empanelled_flag,primary_procedure_codeM100011,0.0031710739806039075
admission_days_trigger,medical_service_provider_idOthers,0.05225770678535888
hospital_locationlocation19,hospital_locationlocation9,0.013262433654615833
hospital_locationlocation19,hospital_locationlocation5,0.0056456019812923235
hospital_locationlocation11,package_amount_trigger,0.003055482201294175
gender_codeMale,hosp_days_flag,0.15034452227891057
claim_count_flag,residence_locationlocation11,0.004269502570157455
admission_days_trigger,residence_locationlocation16,0.005237339657700649
hospital_locationlocation9,residence_locationlocation6,0.008397146767849448
fraud,hospital_locationlocation19,0.00024037228933248157
benefit_typeSURGICAL,hospital_locationlocation19,0.005163350779480807
claim_paid_amount,hospital_locationlocation20,0.017052448203296725
claim_count_trigger,residence_locationlocation2,0.009273258501161941
hospital_locationlocation12,primary_procedure_codeM100011,0.008203145417776551
primary_procedure_codeM100026,residence_locationlocation11,0.001024281433978047
hospital_locationlocation4,medical_service_provider_idOthers,0.006668550781235659
hospital_locationlocation12,hospital_locationlocation16,0.013262433654615833
claim_paid_amount,hospital_locationlocation21,0.007203518689120834
hospital_empanelled_flag,hospital_locationlocation12,0.004997381518894288
hospital_locationlocation22,residence_locationlocation16,0.011085180472686073
hospital_locationlocation6,residence_locationlocation20,0.00735921267945379
admission_days_trigger,claim_count_pa,0.16523137632039567
hospital_empanelled_flag,primary_procedure_codeS400034,0.01270256464241663
gender_triggerFemale,hospital_locationlocation12,0.00382497934061455
claim_count_flag,hospital_locationlocation5,0.003222792942376934
hospital_locationlocation3,hospital_locationlocation4,0.013262433654615833
hosp_days_flag,primary_procedure_codeU100,0.4626285794733127
hospital_locationlocation19,residence_locationlocation11,0.006450646420666186
claim_count_pa,claim_count_trigger,0.16674649687590035
hospital_locationlocation11,medical_service_provider_idhospital315,0.00014760762865626313
fraud,hospital_locationlocation22,0.004195025763721533
hospital_locationlocation20,hospital_locationlocation4,0.00229419392528882
no_of_days_stayed,residence_locationlocation16,0.001501307691205671
residence_locationlocation16,residence_locationlocation4,0.008397146767849448
package_amount_trigger,primary_procedure_codeM100011,0.1761252882688557
gender_triggerFemale,residence_locationlocation4,0.004659146353828693
hospital_locationlocation4,residence_locationlocation20,0.00229419392528882
hospital_locationlocation20,primary_procedure_codeU100,0.005940582158450493
gender_codeMale,residence_locationlocation20,0.006043628274742235
hospital_locationlocation15,primary_procedure_codeS400034,0.00029838394693375856
claim_count_flag,claim_count_pa,0.38607771678193037
gender_codeMale,hospital_locationlocation18,0.0038200449158495666
hospital_locationlocation14,primary_procedure_codeS100214,0.0031194822102368173
primary_procedure_codeM100009,residence_locationlocation19,0.002730849491262663
medical_service_provider_idhospital63,residence_locationlocation20,0.00726097951548705
claim_count_pa,residence_locationlocation5,0.0033506411443143852
hospital_locationlocation16,hospital_locationlocation22,0.011085180472686073
hospital_locationlocation15,hospital_locationlocation19,0.011315147442389933
hospital_locationlocation19,medical_service_provider_idhospital63,0.009576654717055325
hospital_locationlocation11,hospital_locationlocation21,0.0048119687824318075
hospital_locationlocation5,residence_locationlocation20,0.006450646420666186
hospital_locationlocation15,hospital_locationlocation18,0.008462750596212133
hospital_locationlocation2,residence_locationlocation6,0.015116998373372468
hospital_locationlocation16,hospital_locationlocation20,0.013262433654615833
medical_service_provider_idhospital315,primary_procedure_codeM100009,0.005545746436563605
hospital_locationlocation22,residence_locationlocation5,0.002714509244707923
residence_locationlocation16,residence_locationlocation2,0.0194501304061232
gender_triggerFemale,hospital_locationlocation4,0.004659146353828693
fraud,residence_locationlocation16,0.0033964185284383885
primary_procedure_codeM100011,primary_procedure_codeS400034,0.006450646420666186
primary_procedure_codeU100,residence_locationlocation2,0.011322600982190281
fraud,residence_locationlocation19,0.00024037228933248157
birth_date,claim_count_pa,0.045277932123085854
gender_triggerFemale,primary_procedure_codeU100,0.5650756969231369
benefit_typeSURGICAL,residence_locationlocation6,0.003933281159154608
hospital_locationlocation9,primary_procedure_codeM100026,0.00017068996880891305
fraud,hospital_locationlocation20,0.0013580522099441632
claim_count_flag,medical_service_provider_idOthers,0.1945245681269232
hospital_empanelled_flag,primary_procedure_codeU100,0.03227048944545117
fraud,no_of_days_stayed,0.10658502547219276
no_of_days_stayed,residence_locationlocation5,0.0033758889047697427
hospital_locationlocation2,primary_procedure_codeS100214,0.018099411364273826
medical_service_provider_idhospital315,primary_procedure_codeM100068,0.004666407751177566
hospital_typePublic,residence_locationlocation2,0.015657243508869607
hosp_days_flag,residence_locationlocation2,0.01438686301210056
hospital_locationlocation16,residence_locationlocation19,0.013262433654615833
hospital_locationlocation11,no_of_days_stayed,0.002657895724734335
hospital_typePublic,residence_locationlocation11,0.007199183540319285
hospital_locationlocation3,hospital_locationlocation9,0.013262433654615833
hospital_locationlocation19,primary_procedure_codeU100,0.0037868909728604456
primary_procedure_codeU100,residence_locationlocation4,0.003836462120491769
fraud,hospital_locationlocation3,0.014091274985047732
admission_days_trigger,hospital_locationlocation2,0.006495523344026423
hospital_locationlocation12,primary_procedure_codeM100026,0.00229419392528882
hospital_locationlocation6,residence_locationlocation16,0.013262433654615833
fraud,hospital_locationlocation15,0.07667906358405496
hospital_locationlocation9,primary_procedure_codeS400034,0.003690761315889301
benefit_typeSURGICAL,medical_service_provider_idOthers,0.13991344308561132
hospital_locationlocation19,medical_service_provider_idOthers,0.00216464678198755
hospital_locationlocation5,hospital_locationlocation9,0.009608333695408757
primary_procedure_codeM100026,primary_procedure_codeU100,0.0182528056351873
residence_locationlocation11,residence_locationlocation19,0.006450646420666186
claim_count_trigger,residence_locationlocation12,0.002606785037530539
hospital_locationlocation2,primary_procedure_codeM100009,0.0009370691076481733
medical_service_provider_idhospital315,residence_locationlocation6,0.007008667539204162
claim_count_pa,hospital_locationlocation20,0.01531374960271318
benefit_typeSURGICAL,hospital_locationlocation4,0.004563749658952875
claim_count_flag,primary_procedure_codeU100,0.15332343951881094
birth_date,primary_procedure_codeS100214,0.05228625712050455
hospital_locationlocation18,hospital_locationlocation2,0.013326978988630247
claim_count_flag,hospital_locationlocation19,0.004582323448684332
claim_count_trigger,primary_procedure_codeM100026,0.03310403300836287
claim_count_pa,hospital_locationlocation6,0.004255344768360456
hospital_locationlocation11,residence_locationlocation2,0.012581566774521538
gender_triggerFemale,hospital_locationlocation3,0.008048052293995297
hospital_locationlocation19,residence_locationlocation6,0.0056456019812923235
medical_service_provider_idOthers,residence_locationlocation16,0.02455572744339558
primary_procedure_codeM100068,residence_locationlocation20,0.0021250097225794413
hospital_typePublic,residence_locationlocation16,0.007013446428225629
no_of_days_stayed,residence_locationlocation2,0.017462891562681663
fraud,hospital_typePublic,0.12256941920538998
hospital_locationlocation3,primary_procedure_codeU100,0.00804563606187829
package_amount_trigger,residence_locationlocation16,0.006390094978074665
claim_count_trigger,residence_locationlocation19,0.002073694036159974
hospital_locationlocation11,primary_procedure_codeM100068,0.0016384325647489117
fraud,medical_service_provider_idOthers,0.1437364184108216
claim_paid_amount,hospital_locationlocation2,0.02204340611614703
benefit_typeSURGICAL,hospital_locationlocation15,0.0183425460196494
residence_locationlocation19,residence_locationlocation6,0.0056456019812923235
hospital_locationlocation16,primary_procedure_codeM100009,0.0019180260366054567
hospital_locationlocation14,primary_procedure_codeM100009,1.6987707590767245e-05
hospital_locationlocation11,hospital_locationlocation14,0.004289467084044211
hospital_locationlocation2,residence_locationlocation4,0.01234934288089352
hospital_locationlocation2,hospital_locationlocation5,0.017052900594521588
admission_days_trigger,residence_locationlocation4,0.004037126080543067
hospital_locationlocation12,residence_locationlocation12,1.0
hospital_locationlocation18,residence_locationlocation6,0.009090346622215067
hospital_typePublic,residence_locationlocation4,0.006361753416670938
hospital_locationlocation5,primary_procedure_codeS400034,0.0007965490634360343
hospital_locationlocation21,medical_service_provider_idhospital315,0.0013416595090159431
gender_codeMale,hospital_locationlocation5,0.006317461847493122
medical_service_provider_idhospital315,primary_procedure_codeS400034,0.009335042351240014
gender_triggerFemale,hospital_locationlocation11,0.004590947436271166
primary_procedure_codeS100214,residence_locationlocation11,0.004233040660767268
benefit_typeSURGICAL,hospital_locationlocation20,0.008407809286803665
claim_paid_amount,hospital_locationlocation19,0.005326701606159295
claim_count_flag,claim_paid_amount,0.2473530437470778
hospital_locationlocation15,residence_locationlocation2,0.02304597316170523
admission_days_trigger,package_amount_trigger,0.4619546336776323
package_amount_trigger,residence_locationlocation12,0.006415001415638101
claim_paid_amount,primary_procedure_codeS400034,0.158128441849744
claim_count_pa,package_amount_trigger,0.2801259570018552
benefit_typeSURGICAL,claim_paid_amount,0.1505641107835325
no_of_days_stayed,residence_locationlocation19,0.0036610651336658655
claim_count_pa,residence_locationlocation2,0.015402290156705009
hospital_locationlocation3,medical_service_provider_idOthers,0.01734245414085872
hospital_empanelled_flag,hospital_locationlocation21,0.006133207208049451
hospital_locationlocation9,primary_procedure_codeM100068,0.020143777617573945
hospital_locationlocation5,primary_procedure_codeM100011,0.0012856555042536051
primary_procedure_codeM100009,primary_procedure_codeU100,0.018395578030346575
hospital_typePublic,residence_locationlocation20,0.010985505779831664
claim_count_trigger,claim_paid_amount,0.24663229933952208
hospital_locationlocation3,residence_locationlocation2,0.0194501304061232
hospital_locationlocation3,residence_locationlocation16,0.013262433654615833
hospital_locationlocation22,residence_locationlocation20,0.006450646420666186
hosp_days_flag,hospital_locationlocation9,0.0030830554018457736
claim_count_trigger,hospital_locationlocation20,0.005415770963389935
package_amount_trigger,residence_locationlocation11,0.0030584477255481382
hospital_locationlocation18,primary_procedure_codeM100026,0.0004017498405479333
benefit_typeSURGICAL,hospital_locationlocation9,0.007014255565932036
claim_count_trigger,primary_procedure_codeM100011,0.03360953914077316
claim_count_pa,residence_locationlocation4,0.008952279404726596
hospital_empanelled_flag,medical_service_provider_idhospital315,0.00946542943827314
hospital_locationlocation4,residence_locationlocation2,0.01234934288089352
hospital_locationlocation22,primary_procedure_codeM100026,0.002730849491262663
admission_days_trigger,primary_procedure_codeM100011,0.025011977324278265
fraud,primary_procedure_codeU100,0.08913890549198207
gender_triggerFemale,residence_locationlocation5,0.01011694358971462
gender_codeMale,residence_locationlocation16,0.0065816583938339245
medical_service_provider_idhospital63,residence_locationlocation16,0.08198289464754907
gender_triggerFemale,hospital_empanelled_flag,0.04244147077625593
hospital_locationlocation16,hospital_locationlocation19,0.013262433654615833
hospital_locationlocation18,hospital_locationlocation6,0.009090346622215067
fraud,hosp_days_flag,0.09507767141488634
hospital_locationlocation4,hospital_locationlocation6,0.0056456019812923235
hospital_locationlocation16,primary_procedure_codeU100,0.005873458028874065
claim_count_pa,residence_locationlocation19,0.003931297317994864
hospital_locationlocation11,primary_procedure_codeS400034,0.0015827702948272636
hospital_locationlocation15,residence_locationlocation6,0.009450891354301352
primary_procedure_codeM100011,primary_procedure_codeS100214,0.07427803741551584
hospital_locationlocation3,primary_procedure_codeM100009,0.00018792283944792917
hospital_locationlocation20,hospital_typePublic,0.01098550577983166
hospital_locationlocation21,primary_procedure_codeM100068,0.002547538051674503
hospital_locationlocation20,residence_locationlocation5,0.006450646420666186
medical_service_provider_idOthers,primary_procedure_codeM100011,0.011833171794789266
hospital_locationlocation11,residence_locationlocation20,0.0031827985544855956
hospital_locationlocation21,hospital_locationlocation4,0.003872693859318191
hospital_locationlocation9,no_of_days_stayed,0.001776731816264986
birth_date,hospital_locationlocation16,0.002109495384328825
fraud,primary_procedure_codeM100026,0.00247064715283713
claim_count_flag,primary_procedure_codeM100026,0.072333144891704
admission_days_trigger,admission_days_trigger,1
benefit_typeSURGICAL,benefit_typeSURGICAL,1
birth_date,birth_date,1
claim_count_flag,claim_count_flag,1
claim_count_pa,claim_count_pa,1
claim_count_trigger,claim_count_trigger,1
claim_paid_amount,claim_paid_amount,1
fraud,fraud,1
gender_codeMale,gender_codeMale,1
gender_triggerFemale,gender_triggerFemale,1
hosp_days_flag,hosp_days_flag,1
hospital_empanelled_flag,hospital_empanelled_flag,1
hospital_locationlocation11,hospital_locationlocation11,1
hospital_locationlocation12,hospital_locationlocation12,1
hospital_locationlocation14,hospital_locationlocation14,1
hospital_locationlocation15,hospital_locationlocation15,1
hospital_locationlocation16,hospital_locationlocation16,1
hospital_locationlocation18,hospital_locationlocation18,1
hospital_locationlocation19,hospital_locationlocation19,1
hospital_locationlocation2,hospital_locationlocation2,1
hospital_locationlocation20,hospital_locationlocation20,1
hospital_locationlocation21,hospital_locationlocation21,1
hospital_locationlocation22,hospital_locationlocation22,1
hospital_locationlocation3,hospital_locationlocation3,1
hospital_locationlocation4,hospital_locationlocation4,1
hospital_locationlocation5,hospital_locationlocation5,1
hospital_locationlocation6,hospital_locationlocation6,1
hospital_locationlocation9,hospital_locationlocation9,1
hospital_typePublic,hospital_typePublic,1
medical_service_provider_idOthers,medical_service_provider_idOthers,1
medical_service_provider_idhospital315,medical_service_provider_idhospital315,1
medical_service_provider_idhospital63,medical_service_provider_idhospital63,1
no_of_days_stayed,no_of_days_stayed,1
package_amount_trigger,package_amount_trigger,1
primary_procedure_codeM100009,primary_procedure_codeM100009,1
primary_procedure_codeM100011,primary_procedure_codeM100011,1
primary_procedure_codeM100026,primary_procedure_codeM100026,1
primary_procedure_codeM100068,primary_procedure_codeM100068,1
primary_procedure_codeS100214,primary_procedure_codeS100214,1
primary_procedure_codeS400034,primary_procedure_codeS400034,1
primary_procedure_codeU100,primary_procedure_codeU100,1
residence_locationlocation11,residence_locationlocation11,1
residence_locationlocation12,residence_locationlocation12,1
residence_locationlocation16,residence_locationlocation16,1
residence_locationlocation19,residence_locationlocation19,1
residence_locationlocation2,residence_locationlocation2,1
residence_locationlocation20,residence_locationlocation20,1
residence_locationlocation4,residence_locationlocation4,1
residence_locationlocation5,residence_locationlocation5,1
residence_locationlocation6,residence_locationlocation6,1
