Feature Name,Feature Value,Partial Dependence,Feature Omitted Data [%],Feature Plot Data is Capped
gender_codeMale,Bin 0,0.47692382763103375,0,False
gender_codeMale,Bin 0.04484132830984896,0.8886025374828014,0,False
gender_codeMale,Bin 0.0921689375839195,0.8886025374828014,0,False
gender_codeMale,Bin 0.1380228581838308,0.8886025374828014,0,False
gender_codeMale,Bin 0.1851572777447287,0.8886025374828014,0,False
gender_codeMale,Bin 0.2318577657872808,0.8886025374828014,0,False
gender_codeMale,Bin 0.2785916673787869,0.8886025374828014,0,False
gender_codeMale,Bin 0.32405759771354514,0.8886025374828014,0,False
gender_codeMale,Bin 0.37114505540812354,0.8886025374828014,0,False
gender_codeMale,Bin 0.4166608226764944,0.8886025374828014,0,False
gender_codeMale,Bin 0.4652779536228629,0.8886025374828014,0,False
gender_codeMale,Bin 0.5140933443047107,0.8886185171470122,0,False
gender_codeMale,Bin 0.5612432625214566,0.8886185171470122,0,False
gender_codeMale,Bin 0.6075226647080856,0.8886185171470122,0,False
gender_codeMale,Bin 0.6538264590851034,0.8886185171470122,0,False
gender_codeMale,Bin 0.7012567613087596,0.8886185171470122,0,False
gender_codeMale,Bin 0.7490976919140666,0.8886185171470122,0,False
gender_codeMale,Bin 0.7959108170075343,0.8886185171470122,0,False
gender_codeMale,Bin 0.8415553533006459,0.8886185171470122,0,False
gender_codeMale,Bin 0.8887180025316783,0.8886185171470122,0,False
gender_codeMale,Bin 0.936810767943971,0.8886185171470122,0,False
gender_codeMale,Bin 0.9852397566381845,0.8886185171470122,0,False
gender_codeMale,Bin 1,0.4817869759133716,0,False
gender_codeMale,Bin nan,0.8886185171470122,0,False
medical_service_provider_idOthers,Bin 0,0.4865829054873617,0,False
medical_service_provider_idOthers,Bin 0.04291870856657666,0.8882035000225229,0,False
medical_service_provider_idOthers,Bin 0.09410984357120464,0.8882161886695935,0,False
medical_service_provider_idOthers,Bin 0.14738395060412549,0.8882161886695935,0,False
medical_service_provider_idOthers,Bin 0.20203988925321006,0.8882348983043291,0,False
medical_service_provider_idOthers,Bin 0.2547397843468933,0.8882348983043291,0,False
medical_service_provider_idOthers,Bin 0.307672295914963,0.888264792603428,0,False
medical_service_provider_idOthers,Bin 0.36060244953725507,0.888264792603428,0,False
medical_service_provider_idOthers,Bin 0.4128533812589016,0.888264792603428,0,False
medical_service_provider_idOthers,Bin 0.4642709871660921,0.888264792603428,0,False
medical_service_provider_idOthers,Bin 0.5162338524544612,0.888264792603428,0,False
medical_service_provider_idOthers,Bin 0.570123030715622,0.888264792603428,0,False
medical_service_provider_idOthers,Bin 0.6232479040930045,0.888264792603428,0,False
medical_service_provider_idOthers,Bin 0.6759273153264076,0.888264792603428,0,False
medical_service_provider_idOthers,Bin 0.7297616205760273,0.888264792603428,0,False
medical_service_provider_idOthers,Bin 0.7823712259950117,0.888264792603428,0,False
medical_service_provider_idOthers,Bin 0.8344656310416754,0.888264792603428,0,False
medical_service_provider_idOthers,Bin 0.886078253844753,0.888264792603428,0,False
medical_service_provider_idOthers,Bin 0.9380144258379011,0.888264792603428,0,False
medical_service_provider_idOthers,Bin 0.9926071047876034,0.888264792603428,0,False
medical_service_provider_idOthers,Bin 1,0.48075316318788774,0,False
medical_service_provider_idOthers,Bin nan,0.48075316318788774,0,False
hospital_typePublic,Bin 0,0.48500370402339193,0,False
hospital_typePublic,Bin 0.028851173715665954,0.7965750118087835,0,False
hospital_typePublic,Bin 0.08553948049899195,0.7965946144822716,0,False
hospital_typePublic,Bin 0.14177083656191872,0.7965946144822716,0,False
hospital_typePublic,Bin 0.1994609372923149,0.7965946144822716,0,False
hospital_typePublic,Bin 0.25576718759722966,0.7965946144822716,0,False
hospital_typePublic,Bin 0.31324525653151786,0.7965946144822716,0,False
hospital_typePublic,Bin 0.37178680142853376,0.7966087499314431,0,False
hospital_typePublic,Bin 0.4293861903157084,0.7966087499314431,0,False
hospital_typePublic,Bin 0.4853382921777663,0.7966087499314431,0,False
hospital_typePublic,Bin 0.5426071727229278,0.7966087499314431,0,False
hospital_typePublic,Bin 0.6003980178385975,0.7966087499314431,0,False
hospital_typePublic,Bin 0.6594558018352842,0.7966087499314431,0,False
hospital_typePublic,Bin 0.7157155711203818,0.7966087499314431,0,False
hospital_typePublic,Bin 0.7721262564067736,0.7966087499314431,0,False
hospital_typePublic,Bin 0.8290157843753693,0.7966087499314431,0,False
hospital_typePublic,Bin 0.8867644911003296,0.7966087499314431,0,False
hospital_typePublic,Bin 0.9435177795402709,0.7966087499314431,0,False
hospital_typePublic,Bin 1,0.48050555899073455,0,False
hospital_typePublic,Bin nan,0.48500370402339193,0,False
benefit_typeSURGICAL,Bin 0,0.48170322444927977,0,False
benefit_typeSURGICAL,Bin 0.054859509079251495,0.5944174593874217,0,False
benefit_typeSURGICAL,Bin 0.12152182401623558,0.5944734866967099,0,False
benefit_typeSURGICAL,Bin 0.18736463505076226,0.5944734866967099,0,False
benefit_typeSURGICAL,Bin 0.2518447267822924,0.5944734866967099,0,False
benefit_typeSURGICAL,Bin 0.3176297277188862,0.5944734866967099,0,False
benefit_typeSURGICAL,Bin 0.383316478645429,0.5944734866967099,0,False
benefit_typeSURGICAL,Bin 0.4508522346802053,0.5944734866967099,0,False
benefit_typeSURGICAL,Bin 0.5174840755760672,0.5944734866967099,0,False
benefit_typeSURGICAL,Bin 0.583609780762345,0.5944734866967099,0,False
benefit_typeSURGICAL,Bin 0.6496224350901325,0.5944734866967099,0,False
benefit_typeSURGICAL,Bin 0.715023496588692,0.5944734866967099,0,False
benefit_typeSURGICAL,Bin 0.7817355995718394,0.5944734866967099,0,False
benefit_typeSURGICAL,Bin 0.8488923752610571,0.5944734866967099,0,False
benefit_typeSURGICAL,Bin 0.9171700792852786,0.5944734866967099,0,False
benefit_typeSURGICAL,Bin 0.9832057086052373,0.5944734866967099,0,False
benefit_typeSURGICAL,Bin 1,0.48801184970314904,0,False
benefit_typeSURGICAL,Bin nan,0.48801184970314904,0,False
no_of_days_stayed,Bin 1,0.4837959001179433,0,True
no_of_days_stayed,Bin 1.0617126486101214,0.6259043813425638,0,True
no_of_days_stayed,Bin 1.23287543968763,0.6259776195246656,0,True
no_of_days_stayed,Bin 1.403151753554122,0.6259776195246656,0,True
no_of_days_stayed,Bin 1.5664483425766238,0.6259776195246656,0,True
no_of_days_stayed,Bin 1.7358482264215158,0.6259776195246656,0,True
no_of_days_stayed,Bin 1.9050290261255625,0.6259776195246656,0,True
no_of_days_stayed,Bin 2,0.4803750583025788,0,True
no_of_days_stayed,Bin 2.109362662769858,0.6117336620603229,0,True
no_of_days_stayed,Bin 2.336049767490478,0.6130345095499183,0,True
no_of_days_stayed,Bin 2.5626893424498807,0.6130722828196723,0,True
no_of_days_stayed,Bin 2.779390615257438,0.6130722828196723,0,True
no_of_days_stayed,Bin 2.999248827171977,0.6130722828196723,0,True
no_of_days_stayed,Bin 3,0.49004686807151265,0,True
no_of_days_stayed,Bin 3.176964832507075,0.5936537338780722,0,True
no_of_days_stayed,Bin 3.426533518265936,0.59366339021918,0,True
no_of_days_stayed,Bin 3.6814839129988077,0.59366339021918,0,True
no_of_days_stayed,Bin 3.937535926522682,0.59366339021918,0,True
no_of_days_stayed,Bin 4,0.4879923514601794,0,True
no_of_days_stayed,Bin 4.2506397793674795,0.5959459040697538,0,True
no_of_days_stayed,Bin 4.553763304916211,0.5960698928802265,0,True
no_of_days_stayed,Bin 4.858516274779102,0.5960817022006322,0,True
no_of_days_stayed,Bin 5,0.48848441799388015,0,True
no_of_days_stayed,Bin 5.3742393314465895,0.5784025030598936,0,True
no_of_days_stayed,Bin 5.7714264318579795,0.5784905595342293,0,True
no_of_days_stayed,Bin 6,0.48723431589408656,0,True
no_of_days_stayed,Bin 6.360200584167615,0.6085357293663751,0,True
no_of_days_stayed,Bin 6.910805355641059,0.6086836006019111,0,True
no_of_days_stayed,Bin 7,0.49171306472222703,0,True
no_of_days_stayed,Bin 7.686549832695176,0.5591778785583863,0,True
no_of_days_stayed,Bin 8,0.4888058402296754,0,True
no_of_days_stayed,Bin 8.052728710300288,0.5491905920997449,0,True
no_of_days_stayed,Bin 9,0.48800698209003085,0,True
no_of_days_stayed,Bin 9.734382775146498,0.5504847521871583,0,True
no_of_days_stayed,Bin 10.808649862934821,0.4885015219108962,0,True
no_of_days_stayed,Bin 12.562072845778573,0.4955344323283096,0,True
no_of_days_stayed,Bin nan,0.6259776195246656,0,True
primary_procedure_codeS100214,Bin 0,0.4813807951302726,0,False
primary_procedure_codeS100214,Bin 0.03369090370833887,0.6643946050026592,0,False
primary_procedure_codeS100214,Bin 0.1060440791514701,0.6644765394095002,0,False
primary_procedure_codeS100214,Bin 0.1770448868535464,0.6659682202838324,0,False
primary_procedure_codeS100214,Bin 0.24657797407126017,0.6659682202838324,0,False
primary_procedure_codeS100214,Bin 0.317393920551986,0.6659682202838324,0,False
primary_procedure_codeS100214,Bin 0.3900349193834697,0.6659965218585624,0,False
primary_procedure_codeS100214,Bin 0.46497530468739556,0.6659965218585624,0,False
primary_procedure_codeS100214,Bin 0.5353900677873755,0.6659965218585624,0,False
primary_procedure_codeS100214,Bin 0.6064797002822161,0.6659965218585624,0,False
primary_procedure_codeS100214,Bin 0.678804083103314,0.6659965218585624,0,False
primary_procedure_codeS100214,Bin 0.7516984306275845,0.6659965218585624,0,False
primary_procedure_codeS100214,Bin 0.8226214713114317,0.6659965218585624,0,False
primary_procedure_codeS100214,Bin 0.8944744733627886,0.6659965218585624,0,False
primary_procedure_codeS100214,Bin 0.9677549328561874,0.6659965218585624,0,False
primary_procedure_codeS100214,Bin 1,0.4882315245363347,0,False
primary_procedure_codeS100214,Bin nan,0.6659965218585624,0,False
claim_paid_amount,Bin 0,0.48322717358261097,0,True
claim_paid_amount,Bin 499.76851281244285,0.6043750845622896,0,True
claim_paid_amount,Bin 1000,0.5650404904613114,0,True
claim_paid_amount,Bin 1298.364265465646,0.5931627292712449,0,True
claim_paid_amount,Bin 1700,0.5601053293107068,0,True
claim_paid_amount,Bin 1800,0.5344328420505455,0,True
claim_paid_amount,Bin 1808.0437147845557,0.6106080084314403,0,True
claim_paid_amount,Bin 1870.7513583470163,0.6106786826611763,0,True
claim_paid_amount,Bin 1934.150303599892,0.6106786826611763,0,True
claim_paid_amount,Bin 1994.0287253968402,0.5675772445768196,0,True
claim_paid_amount,Bin 2000,0.4823270894696765,0,True
claim_paid_amount,Bin 2010.5152154718573,0.6063358059860237,0,True
claim_paid_amount,Bin 2040.0700448988969,0.6063358059860237,0,True
claim_paid_amount,Bin 2068.861922828476,0.6063358059860237,0,True
claim_paid_amount,Bin 2098.103281366175,0.6063442833893771,0,True
claim_paid_amount,Bin 2127.1381239974885,0.606443521685445,0,True
claim_paid_amount,Bin 2157.3855509304,0.606443521685445,0,True
claim_paid_amount,Bin 2186.2820632569524,0.5932228137104684,0,True
claim_paid_amount,Bin 2200,0.4845277507174479,0,True
claim_paid_amount,Bin 2217.68153209472,0.5862937731970777,0,True
claim_paid_amount,Bin 2243.061042538147,0.5862937731970777,0,True
claim_paid_amount,Bin 2267.1542945188494,0.5863890361626138,0,True
claim_paid_amount,Bin 2291.238714904986,0.5863890361626138,0,True
claim_paid_amount,Bin 2300,0.4888339098333667,0,True
claim_paid_amount,Bin 2352.268656183266,0.530938822415709,0,True
claim_paid_amount,Bin 2400,0.4861060798096855,0,True
claim_paid_amount,Bin 2513.4257170238016,0.5091351853732431,0,True
claim_paid_amount,Bin 3000,0.5091008378063958,0,True
claim_paid_amount,Bin 3509.7208330119042,0.5091175554088908,0,True
claim_paid_amount,Bin 3881.55212998111,0.50330970239846,0,True
claim_paid_amount,Bin 4369.353731587782,0.5077518484541245,0,True
claim_paid_amount,Bin 4955.04425724549,0.5027084775857567,0,True
claim_paid_amount,Bin 5400,0.49238565455218175,0,True
claim_paid_amount,Bin 5523.846148168672,0.5014575373333127,0,True
claim_paid_amount,Bin 6045.743018376634,0.5081822611629304,0,True
claim_paid_amount,Bin 6614.664106273555,0.5072762366992968,0,True
claim_paid_amount,Bin 7200,0.4928491818512324,0,True
claim_paid_amount,Bin 7500,0.4953673632532898,0,True
claim_paid_amount,Bin 7531.015697150711,0.5096990681171828,0,True
claim_paid_amount,Bin 7949.848781413633,0.5078072057775033,0,True
claim_paid_amount,Bin 8377.236494446146,0.506609241720064,0,True
claim_paid_amount,Bin 8861.589805578114,0.5064633391822653,0,True
claim_paid_amount,Bin 9000,0.49220144178233766,0,True
claim_paid_amount,Bin 9648.978290248202,0.5015701043730673,0,True
claim_paid_amount,Bin 10563.36308048247,0.5013180139286024,0,True
claim_paid_amount,Bin 10800,0.49102701391296455,0,True
claim_paid_amount,Bin 11880,0.4949945748553062,0,True
claim_paid_amount,Bin 13860,0.49807892535311693,0,True
claim_paid_amount,Bin 15000,0.48794999976679976,0,True
claim_paid_amount,Bin 16200,0.4969764073846709,0,True
claim_paid_amount,Bin 19800,0.4920959751113817,0,True
claim_paid_amount,Bin 24797.645021124295,0.4926161172156372,0,True
claim_paid_amount,Bin 50072.80686221069,0.49241951728664707,0,True
claim_paid_amount,Bin nan,0.4888339098333667,0,True
claim_count_pa,Bin 1,0.481096967230804,0,False
claim_count_pa,Bin 1.1417067975737116,0.5417226976060385,0,False
claim_count_pa,Bin 1.4321581380465047,0.5417226976060385,0,False
claim_count_pa,Bin 1.716047030463813,0.5417314064568866,0,False
claim_count_pa,Bin 2,0.4780788883554568,0,False
claim_count_pa,Bin 2.4336685856198876,0.49899488445705886,0,False
claim_count_pa,Bin 3,0.4786643896147521,0,False
claim_count_pa,Bin 3.8747477249102698,0.4933788055920479,0,False
claim_count_pa,Bin 5,0.48442596946766026,0,False
claim_count_pa,Bin 6.53314254497876,0.4874867403407025,0,False
claim_count_pa,Bin 8.736745153311647,0.4865661875896313,0,False
claim_count_pa,Bin 10.948061558217734,0.4878425322483403,0,False
claim_count_pa,Bin 13,0.48872306369766927,0,False
claim_count_pa,Bin 15.547014248615616,0.4902735865253983,0,False
claim_count_pa,Bin 18,0.4912550585252063,0,False
claim_count_pa,Bin 20.069921421166512,0.4986534740153651,0,False
claim_count_pa,Bin 22.156093706786663,0.49249597165605336,0,False
claim_count_pa,Bin 24.136169754788288,0.4927751915472436,0,False
claim_count_pa,Bin 26.145038402988604,0.4947546253169936,0,False
claim_count_pa,Bin 28.188030915365104,0.49584680657624153,0,False
claim_count_pa,Bin 30.272995008975236,0.49490154545937287,0,False
claim_count_pa,Bin 32.203769526109085,0.49457632037284016,0,False
claim_count_pa,Bin 34,0.49187045121848844,0,False
claim_count_pa,Bin 36,0.4917768472598122,0,False
claim_count_pa,Bin 37.35185130881149,0.4925324363462369,0,False
claim_count_pa,Bin 39,0.49279477029548197,0,False
claim_count_pa,Bin 40.050644047185806,0.4982120423947988,0,False
claim_count_pa,Bin 41.855358141539575,0.4957451614722242,0,False
claim_count_pa,Bin 43,0.4946556746300688,0,False
claim_count_pa,Bin 44.81557350369639,0.5104338761798011,0,False
claim_count_pa,Bin 46,0.49220601593557206,0,False
claim_count_pa,Bin 47.0216099523916,0.5117246207332845,0,False
claim_count_pa,Bin 48.42678892764262,0.5166635305635748,0,False
claim_count_pa,Bin 49.83620909230082,0.49704862014207024,0,False
claim_count_pa,Bin 51,0.4965954499357057,0,False
claim_count_pa,Bin 52.409156164461784,0.4968098363557932,0,False
claim_count_pa,Bin 53.97712772942151,0.4974379845988345,0,False
claim_count_pa,Bin 55.0068583047902,0.4977337626803505,0,False
claim_count_pa,Bin 56.954656451195504,0.4964064614783366,0,False
claim_count_pa,Bin 58,0.4966959378563126,0,False
claim_count_pa,Bin 59.80943923979999,0.4965185914613015,0,False
claim_count_pa,Bin 61,0.4972784205082419,0,False
claim_count_pa,Bin 62.2861945663998,0.5174906348846119,0,False
claim_count_pa,Bin 63.644582775305025,0.5008028378146868,0,False
claim_count_pa,Bin 65,0.5010882527655245,0,False
claim_count_pa,Bin 66.53514884517533,0.5028666590801956,0,False
claim_count_pa,Bin 68,0.49653391853495543,0,False
claim_count_pa,Bin 69.48233424714299,0.5005213459280963,0,False
claim_count_pa,Bin 71,0.4947318425870979,0,False
claim_count_pa,Bin 72.25575564617527,0.5095736907187732,0,False
claim_count_pa,Bin 73.8044620582368,0.49492662516029884,0,False
claim_count_pa,Bin 75.25907577781936,0.5016763036976432,0,False
claim_count_pa,Bin 77,0.49768723316978314,0,False
claim_count_pa,Bin 78.23028686522738,0.4979448493461782,0,False
claim_count_pa,Bin 80,0.49288447691991516,0,False
claim_count_pa,Bin 81,0.48749669822355723,0,False
claim_count_pa,Bin 82.77326250053946,0.5124728669753383,0,False
claim_count_pa,Bin 84.39310666615843,0.5185048974166689,0,False
claim_count_pa,Bin 86.05182156027298,0.5088152976589821,0,False
claim_count_pa,Bin 88,0.5007360911163752,0,False
claim_count_pa,Bin 90,0.4923374036001029,0,False
claim_count_pa,Bin 91.97338126422838,0.4936509767656513,0,False
claim_count_pa,Bin 94,0.4896956892301729,0,False
claim_count_pa,Bin 95.89251531707119,0.48586984610174455,0,False
claim_count_pa,Bin 97.82836886063218,0.4992262606436469,0,False
claim_count_pa,Bin 101,0.487906608001898,0,False
claim_count_pa,Bin 105.29061400173686,0.500168833419601,0,False
claim_count_pa,Bin 114,0.4949214688547981,0,False
claim_count_pa,Bin nan,0.4947546253169936,0,False
primary_procedure_codeU100,Bin 0,0.4869552974300385,0,False
primary_procedure_codeU100,Bin 0.0685844811890274,0.5839089550304098,0,False
primary_procedure_codeU100,Bin 0.18361187586560798,0.5839089550304098,0,False
primary_procedure_codeU100,Bin 0.30059948644600754,0.5839089550304098,0,False
primary_procedure_codeU100,Bin 0.4151642007613552,0.5838618301494297,0,False
primary_procedure_codeU100,Bin 0.5299308571126317,0.5838607692888709,0,False
primary_procedure_codeU100,Bin 0.6458293235488237,0.5838607692888709,0,False
primary_procedure_codeU100,Bin 0.760191575693899,0.5838607692888709,0,False
primary_procedure_codeU100,Bin 0.8733986844471654,0.5838607692888709,0,False
primary_procedure_codeU100,Bin 0.9879446370806548,0.5838607692888709,0,False
primary_procedure_codeU100,Bin 1,0.4819598022573427,0,False
primary_procedure_codeU100,Bin nan,0.4869552974300385,0,False
residence_locationlocation2,Bin 0,0.48822490775005567,0,False
residence_locationlocation2,Bin 0.04977305332664329,0.6533358192284767,0,False
residence_locationlocation2,Bin 0.171098782189656,0.6534490858468448,0,False
residence_locationlocation2,Bin 0.287777907876298,0.6535064884553312,0,False
residence_locationlocation2,Bin 0.410500121433288,0.65354045582469,0,False
residence_locationlocation2,Bin 0.5359066588338465,0.65354045582469,0,False
residence_locationlocation2,Bin 0.6634334545210007,0.65354045582469,0,False
residence_locationlocation2,Bin 0.7885657754819839,0.65354045582469,0,False
residence_locationlocation2,Bin 0.9131068769679404,0.65354045582469,0,False
residence_locationlocation2,Bin 1,0.4870086720480264,0,False
residence_locationlocation2,Bin nan,0.48822490775005567,0,False
hospital_locationlocation2,Bin 0,0.4878308387634638,0,False
hospital_locationlocation2,Bin 0.051932661780155945,0.5673598379073148,0,False
hospital_locationlocation2,Bin 0.17251472259638803,0.5673598379073148,0,False
hospital_locationlocation2,Bin 0.28881132326088876,0.5673798753394872,0,False
hospital_locationlocation2,Bin 0.4115655942470771,0.5673798753394872,0,False
hospital_locationlocation2,Bin 0.5368703898740949,0.5673798753394872,0,False
hospital_locationlocation2,Bin 0.6642874980997289,0.5673798753394872,0,False
hospital_locationlocation2,Bin 0.7892974457517268,0.5673798753394872,0,False
hospital_locationlocation2,Bin 0.9137148854346019,0.5673798753394872,0,False
hospital_locationlocation2,Bin 1,0.48998919094233134,0,False
hospital_locationlocation2,Bin nan,0.4878308387634638,0,False
birth_date,Bin 19,0.4799794180387239,0,True
birth_date,Bin 20,0.48068046974637774,0,True
birth_date,Bin 21,0.4817585033162378,0,True
birth_date,Bin 21.367419136520493,0.5227540931680208,0,True
birth_date,Bin 22,0.48343028603167876,0,True
birth_date,Bin 22.761668751947628,0.5171602229039639,0,True
birth_date,Bin 23,0.4801861805436308,0,True
birth_date,Bin 23.86265613742177,0.5163843143857934,0,True
birth_date,Bin 24,0.4800832655158958,0,True
birth_date,Bin 24.674233207479116,0.5341162369742853,0,True
birth_date,Bin 25,0.4784043546406043,0,True
birth_date,Bin 25.316354053951788,0.5444504428013334,0,True
birth_date,Bin 26,0.4807349377543291,0,True
birth_date,Bin 26.883653659932303,0.537023758759095,0,True
birth_date,Bin 27,0.4796433474833457,0,True
birth_date,Bin 27.5443873754889,0.5382882597349362,0,True
birth_date,Bin 28,0.4789803934247727,0,True
birth_date,Bin 28.284415600746843,0.5460918307449735,0,True
birth_date,Bin 29,0.4802918307456461,0,True
birth_date,Bin 29.07300694922916,0.5547909544926367,0,True
birth_date,Bin 30,0.47986423811478923,0,True
birth_date,Bin 30.948551175352208,0.5369452009165872,0,True
birth_date,Bin 31,0.48272792179390495,0,True
birth_date,Bin 31.88725644707678,0.5267025288035967,0,True
birth_date,Bin 32,0.4820256993162873,0,True
birth_date,Bin 32.85215683457438,0.5314138249654007,0,True
birth_date,Bin 33,0.48500690953514425,0,True
birth_date,Bin 33.752902565337756,0.5363060346780646,0,True
birth_date,Bin 34,0.4824550388928671,0,True
birth_date,Bin 34.5402172606997,0.5426262699742606,0,True
birth_date,Bin 35,0.48174977774191724,0,True
birth_date,Bin 35.484819012256324,0.5373313388291613,0,True
birth_date,Bin 36,0.4838680419713017,0,True
birth_date,Bin 36.553640140145994,0.5370697058095895,0,True
birth_date,Bin 37,0.48550310318365125,0,True
birth_date,Bin 37.69987563807516,0.5507661901939729,0,True
birth_date,Bin 38,0.4801628053636002,0,True
birth_date,Bin 38.83998434841632,0.5499263668966592,0,True
birth_date,Bin 39,0.489943635112626,0,True
birth_date,Bin 39.78614696640521,0.5446547734312985,0,True
birth_date,Bin 40.000217594057325,0.4856088308182802,0,True
birth_date,Bin 40.86433489805087,0.5723679834060353,0,True
birth_date,Bin 41,0.48217314524081095,0,True
birth_date,Bin 41.491990196621025,0.5665323404565874,0,True
birth_date,Bin 42,0.48407006310498857,0,True
birth_date,Bin 42.30033856008204,0.5679202968428949,0,True
birth_date,Bin 43,0.4835992596584579,0,True
birth_date,Bin 43.1553894653916,0.5542843747191932,0,True
birth_date,Bin 44,0.48228462603336175,0,True
birth_date,Bin 44.00251300621774,0.5576030117460625,0,True
birth_date,Bin 44.8184480640758,0.5576030117460625,0,True
birth_date,Bin 45,0.48330345556414206,0,True
birth_date,Bin 45.6870881939307,0.5575881011454228,0,True
birth_date,Bin 46,0.4842878837351327,0,True
birth_date,Bin 46.21853095673953,0.5575766944112956,0,True
birth_date,Bin 46.99526893963108,0.5576172731363249,0,True
birth_date,Bin 47,0.4858329860521146,0,True
birth_date,Bin 47.71162741202862,0.5618998246221311,0,True
birth_date,Bin 48,0.48368129237362567,0,True
birth_date,Bin 48.44495226431638,0.5654624675734211,0,True
birth_date,Bin 49,0.4818423125345463,0,True
birth_date,Bin 49.10479653039951,0.5660128662054364,0,True
birth_date,Bin 49.89120045616289,0.5660128662054364,0,True
birth_date,Bin 50,0.48122805282495984,0,True
birth_date,Bin 50.61760134931655,0.5686211620913282,0,True
birth_date,Bin 51,0.4828250931385626,0,True
birth_date,Bin 51.26555763915183,0.5810849612871988,0,True
birth_date,Bin 52,0.48305782750344145,0,True
birth_date,Bin 52.73965818896894,0.5524643663444363,0,True
birth_date,Bin 53,0.48526870059407917,0,True
birth_date,Bin 53.573069884870236,0.5681860884541454,0,True
birth_date,Bin 54,0.4852451302862032,0,True
birth_date,Bin 54.29300188262013,0.5701462889167882,0,True
birth_date,Bin 55,0.48092698386372534,0,True
birth_date,Bin 55.28786081976254,0.5662511208153213,0,True
birth_date,Bin 56,0.48175548212786085,0,True
birth_date,Bin 56.26859474703668,0.5704488974610609,0,True
birth_date,Bin 57,0.4807139959644951,0,True
birth_date,Bin 57.10159458721989,0.578185820780456,0,True
birth_date,Bin 58,0.4816656305149116,0,True
birth_date,Bin 58.289912526458515,0.5722717782491226,0,True
birth_date,Bin 59,0.4876019147841469,0,True
birth_date,Bin 59.970254600662734,0.5449082223104259,0,True
birth_date,Bin 60.44838328991081,0.5549443712667766,0,True
birth_date,Bin 61,0.48391850111157286,0,True
birth_date,Bin 62,0.48252299222846434,0,True
birth_date,Bin 62.81834751614372,0.5443063942016613,0,True
birth_date,Bin 63.30776261640716,0.5236107341440968,0,True
birth_date,Bin 64,0.4830731210678112,0,True
birth_date,Bin 65,0.4849941074696495,0,True
birth_date,Bin 66,0.48480855597362765,0,True
birth_date,Bin 67,0.4854052936442172,0,True
birth_date,Bin 68,0.48418403717206504,0,True
birth_date,Bin 69,0.48133902661399014,0,True
birth_date,Bin 70,0.4867267209330841,0,True
birth_date,Bin 72,0.480062307752359,0,True
birth_date,Bin nan,0.5542843747191932,0,True
hospital_locationlocation15,Bin 0,0.48710366289829654,0,False
hospital_locationlocation15,Bin 0.00453270716592768,0.7097752157182575,0,False
hospital_locationlocation15,Bin 0.15334883055184118,0.7143886322992511,0,False
hospital_locationlocation15,Bin 0.30635147890774483,0.714535265079532,0,False
hospital_locationlocation15,Bin 0.45616573287174106,0.714535265079532,0,False
hospital_locationlocation15,Bin 0.6148110104282397,0.714535265079532,0,False
hospital_locationlocation15,Bin 0.7685547072067848,0.714535265079532,0,False
hospital_locationlocation15,Bin 0.9179911103448825,0.714535265079532,0,False
hospital_locationlocation15,Bin 1,0.4793690592610268,0,False
hospital_locationlocation15,Bin nan,0.48710366289829654,0,False
hospital_locationlocation3,Bin 0,0.48669475127412,0,False
hospital_locationlocation3,Bin 0.15599325165851025,0.675649353867447,0,False
hospital_locationlocation3,Bin 0.3259818602353339,0.6756798298756762,0,False
hospital_locationlocation3,Bin 0.48907526956172714,0.6756798298756762,0,False
hospital_locationlocation3,Bin 0.6528736618813115,0.6756798298756762,0,False
hospital_locationlocation3,Bin 0.8153922701254485,0.6756798298756762,0,False
hospital_locationlocation3,Bin 0.9816630667261778,0.6756798298756762,0,False
hospital_locationlocation3,Bin 1,0.47639570787484564,0,False
hospital_locationlocation3,Bin nan,0.48669475127412,0,False
hospital_locationlocation16,Bin 0,0.48745664861648796,0,False
hospital_locationlocation16,Bin 0.15780346796847908,0.5589026195061033,0,False
hospital_locationlocation16,Bin 0.3565022024745126,0.5589026195061033,0,False
hospital_locationlocation16,Bin 0.5509365643793703,0.5589026195061033,0,False
hospital_locationlocation16,Bin 0.7396329880459236,0.5589026195061033,0,False
hospital_locationlocation16,Bin 0.9389121826179329,0.5589026195061033,0,False
hospital_locationlocation16,Bin 1,0.4831546831991116,0,False
hospital_locationlocation16,Bin nan,0.48745664861648796,0,False
residence_locationlocation16,Bin 0,0.487322538572303,0,False
residence_locationlocation16,Bin 0.15780346796847908,0.5734602993178433,0,False
residence_locationlocation16,Bin 0.3565022024745126,0.5734779581074988,0,False
residence_locationlocation16,Bin 0.5509365643793703,0.5734779581074988,0,False
residence_locationlocation16,Bin 0.7396329880459236,0.5734779581074988,0,False
residence_locationlocation16,Bin 0.9389121826179329,0.5734779581074988,0,False
residence_locationlocation16,Bin 1,0.4849212456957064,0,False
residence_locationlocation16,Bin nan,0.487322538572303,0,False
hospital_locationlocation9,Bin 0,0.487132308614714,0,False
hospital_locationlocation9,Bin 0.1044131941860542,0.5283689414728836,0,False
hospital_locationlocation9,Bin 0.3098718836531021,0.5283689414728836,0,False
hospital_locationlocation9,Bin 0.5338818283635186,0.5283689414728836,0,False
hospital_locationlocation9,Bin 0.7517670350894333,0.5283689414728836,0,False
hospital_locationlocation9,Bin 0.9813442132342611,0.5283689414728836,0,False
hospital_locationlocation9,Bin 1,0.4811229843848553,0,False
hospital_locationlocation9,Bin nan,0.487132308614714,0,False
hospital_locationlocation19,Bin 0,0.4869521470982994,0,False
hospital_locationlocation19,Bin 0.23762845203746086,0.5453568762531006,0,False
hospital_locationlocation19,Bin 0.47123345031868624,0.5453568762531006,0,False
hospital_locationlocation19,Bin 0.7060256537515673,0.5453568762531006,0,False
hospital_locationlocation19,Bin 0.9392168616014537,0.5453568762531006,0,False
hospital_locationlocation19,Bin 1,0.4876594828761021,0,False
hospital_locationlocation19,Bin nan,0.4869521470982994,0,False
primary_procedure_codeS400034,Bin 0,0.4869588197484369,0,False
primary_procedure_codeS400034,Bin 0.13361440708395142,0.5358133339024311,0,False
primary_procedure_codeS400034,Bin 0.3549377507762979,0.5358133339024311,0,False
primary_procedure_codeS400034,Bin 0.5895110643003132,0.5358133339024311,0,False
primary_procedure_codeS400034,Bin 0.8238104862812906,0.5358133339024311,0,False
primary_procedure_codeS400034,Bin 1,0.48732415477896746,0,False
primary_procedure_codeS400034,Bin nan,0.4869588197484369,0,False
residence_locationlocation19,Bin 0,0.4871654917744925,0,False
residence_locationlocation19,Bin 0.23571753106545618,0.5695246396751956,0,False
residence_locationlocation19,Bin 0.4700113187311213,0.5695356809907469,0,False
residence_locationlocation19,Bin 0.705627995273098,0.5695356809907469,0,False
residence_locationlocation19,Bin 0.9388361607329,0.5695356809907469,0,False
residence_locationlocation19,Bin 1,0.48574709180938064,0,False
residence_locationlocation19,Bin nan,0.4871654917744925,0,False
residence_locationlocation8,Bin 0,0.4874365061894737,0,False
residence_locationlocation8,Bin 0.2590276394784452,0.6189348249248503,0,False
residence_locationlocation8,Bin 0.5941108665382492,0.6189348249248503,0,False
residence_locationlocation8,Bin 0.9344679004279891,0.6189348249248503,0,False
residence_locationlocation8,Bin 1,0.48044055687317283,0,False
residence_locationlocation8,Bin nan,0.4874365061894737,0,False
hospital_locationlocation8,Bin 0,0.4870874654182638,0,False
hospital_locationlocation8,Bin 0.2575574980862447,0.526695351337742,0,False
hospital_locationlocation8,Bin 0.5931305647944105,0.526695351337742,0,False
hospital_locationlocation8,Bin 0.9340570012340315,0.526695351337742,0,False
hospital_locationlocation8,Bin 1,0.4914590811019178,0,False
hospital_locationlocation8,Bin nan,0.4870874654182638,0,False
primary_procedure_codeM100008,Bin 0,0.4871581174034262,0,True
primary_procedure_codeM100008,Bin 0.06382778533966849,0.5076587312391643,0,True
primary_procedure_codeM100008,Bin nan,0.4871581174034262,0,True
residence_locationlocation20,Bin 0,0.48730701729047937,0,False
residence_locationlocation20,Bin 0.058732817941344204,0.6178518538399622,0,False
residence_locationlocation20,Bin 0.31239875053288374,0.6178518538399622,0,False
residence_locationlocation20,Bin 0.5642832474410532,0.6178518538399622,0,False
residence_locationlocation20,Bin 0.8075447668833661,0.6178518538399622,0,False
residence_locationlocation20,Bin 1,0.48141994689160356,0,False
residence_locationlocation20,Bin nan,0.48730701729047937,0,False
hospital_locationlocation20,Bin 0,0.48700860774131166,0,False
hospital_locationlocation20,Bin 0.058536371183577206,0.5512557640857084,0,False
hospital_locationlocation20,Bin 0.31222578282467867,0.5513642560323666,0,False
hospital_locationlocation20,Bin 0.564177571982146,0.5513642560323666,0,False
hospital_locationlocation20,Bin 0.8074363805749459,0.5513642560323666,0,False
hospital_locationlocation20,Bin 1,0.48721428150171553,0,False
hospital_locationlocation20,Bin nan,0.48700860774131166,0,False
medical_service_provider_idhospital315,Bin 0,0.4870638327213936,0,False
medical_service_provider_idhospital315,Bin 0.21630689374171178,0.5183259373038902,0,False
medical_service_provider_idhospital315,Bin 0.5695705251628571,0.5183259373038902,0,False
medical_service_provider_idhospital315,Bin 0.9220081396540581,0.5185163666713329,0,False
medical_service_provider_idhospital315,Bin 1,0.4886785651195836,0,False
medical_service_provider_idhospital315,Bin nan,0.4870638327213936,0,False
residence_locationlocation7,Bin 0,0.48734069505928,0,False
residence_locationlocation7,Bin 0.1177155971340799,0.5880304122485955,0,False
residence_locationlocation7,Bin 0.3884770902921443,0.588036676937353,0,False
residence_locationlocation7,Bin 0.6600588210020216,0.588036676937353,0,False
residence_locationlocation7,Bin 0.9289736593421556,0.588036676937353,0,False
residence_locationlocation7,Bin 1,0.4829867036567873,0,False
residence_locationlocation7,Bin nan,0.48734069505928,0,False
hospital_locationlocation7,Bin 0,0.48727869274254815,0,False
hospital_locationlocation7,Bin 0.1185727939940966,0.5107220485366463,0,False
hospital_locationlocation7,Bin 0.3890208910335789,0.5107595293932847,0,False
hospital_locationlocation7,Bin 0.6612268138583751,0.5107595293932847,0,False
hospital_locationlocation7,Bin 0.9296625275048434,0.5107595293932847,0,False
hospital_locationlocation7,Bin 1,0.48424227488658655,0,False
hospital_locationlocation7,Bin nan,0.48727869274254815,0,False
primary_procedure_codeM100068,Bin 0,0.4870926997302136,0,False
primary_procedure_codeM100068,Bin 0.2557308682706205,0.534492724514254,0,False
primary_procedure_codeM100068,Bin 0.5741736863646658,0.534492724514254,0,False
primary_procedure_codeM100068,Bin 0.906883434914048,0.534492724514254,0,False
primary_procedure_codeM100068,Bin 1,0.48544907789501335,0,False
primary_procedure_codeM100068,Bin nan,0.4870926997302136,0,False
hospital_locationlocation21,Bin 0,0.4872111997562621,0,False
hospital_locationlocation21,Bin 0.15781909707933695,0.6163099286112843,0,False
hospital_locationlocation21,Bin 0.5088266307534651,0.6163099286112843,0,False
hospital_locationlocation21,Bin 0.8547368360217655,0.6163099286112843,0,False
hospital_locationlocation21,Bin 1,0.47793015511602643,0,False
hospital_locationlocation21,Bin nan,0.4872111997562621,0,False
hospital_locationlocation6,Bin 0,0.4867551400395704,0,False
hospital_locationlocation6,Bin 0.14656019474379553,0.5922201568712524,0,False
hospital_locationlocation6,Bin 0.4005745415342968,0.5922201568712524,0,False
hospital_locationlocation6,Bin 0.65257664617151,0.5922201568712524,0,False
hospital_locationlocation6,Bin 0.907269589484204,0.5922201568712524,0,False
hospital_locationlocation6,Bin 1,0.47740629256625255,0,False
hospital_locationlocation6,Bin nan,0.4867551400395704,0,False
hospital_locationlocation13,Bin 0,0.48718791581955506,0,True
hospital_locationlocation13,Bin 0.25346554373390673,0.6023770864972655,0,True
hospital_locationlocation13,Bin nan,0.48718791581955506,0,True
medical_service_provider_idhospital18,Bin 0,0.48708799641278133,0,False
medical_service_provider_idhospital18,Bin 0.005300375870427755,0.5251512093287916,0,False
medical_service_provider_idhospital18,Bin 0.3277588533237575,0.5280727024349319,0,False
medical_service_provider_idhospital18,Bin 0.6408246714342384,0.5281364708186104,0,False
medical_service_provider_idhospital18,Bin 0.9608009773725649,0.5281364708186104,0,False
medical_service_provider_idhospital18,Bin 1,0.48550142162480053,0,False
medical_service_provider_idhospital18,Bin nan,0.48708799641278133,0,False
medical_service_provider_idhospital63,Bin 0,0.48714423592563516,0,False
medical_service_provider_idhospital63,Bin 0.08649705058895112,0.5030270427070817,0,False
medical_service_provider_idhospital63,Bin 0.48502753227949225,0.5030270427070817,0,False
medical_service_provider_idhospital63,Bin 0.8685644988669039,0.5030576124157956,0,False
medical_service_provider_idhospital63,Bin 1,0.4866230642981085,0,False
medical_service_provider_idhospital63,Bin nan,0.48714423592563516,0,False
residence_locationlocation11,Bin 0,0.48712551321882425,0,False
residence_locationlocation11,Bin 0.0063361838739347245,0.5930075862415702,0,False
residence_locationlocation11,Bin 0.29159941087709706,0.5930404871674313,0,False
residence_locationlocation11,Bin 0.5753343823831532,0.5930404871674313,0,False
residence_locationlocation11,Bin 0.8500968429795475,0.5930233829557205,0,False
residence_locationlocation11,Bin 1,0.5143871943169559,0,False
residence_locationlocation11,Bin nan,0.48712551321882425,0,False
primary_procedure_codeM700004,Bin 0,0.48706559011674083,0,True
primary_procedure_codeM700004,Bin 0.12338891319231976,0.5347703744199944,0,True
primary_procedure_codeM700004,Bin nan,0.48706559011674083,0,True
hospital_locationlocation22,Bin 0,0.4874905605007178,0,False
hospital_locationlocation22,Bin 0.24765529189025853,0.6605629213093062,0,False
hospital_locationlocation22,Bin 0.5158768427837638,0.6605629213093062,0,False
hospital_locationlocation22,Bin 0.7844565947889366,0.6605629213093062,0,False
hospital_locationlocation22,Bin 1,0.47947013979989267,0,False
hospital_locationlocation22,Bin nan,0.4874905605007178,0,False
hospital_locationlocation11,Bin 0,0.4889087579733596,0,False
hospital_locationlocation11,Bin 0.28647557393414863,0.5330264605072232,0,False
hospital_locationlocation11,Bin 0.5728109840583057,0.5330264605072232,0,False
hospital_locationlocation11,Bin 0.8492600323189986,0.5330264605072232,0,False
hospital_locationlocation11,Bin 1,0.4787016378617236,0,False
hospital_locationlocation11,Bin nan,0.4889087579733596,0,False
hospital_locationlocation14,Bin 0,0.48681348511182754,0,False
hospital_locationlocation14,Bin 0.09776882086880526,0.6105114259794404,0,False
hospital_locationlocation14,Bin 0.48596328588202614,0.6105819985718527,0,False
hospital_locationlocation14,Bin 0.8660801375238221,0.6105819985718527,0,False
hospital_locationlocation14,Bin 1,0.4747018889598711,0,False
hospital_locationlocation14,Bin nan,0.48681348511182754,0,False
medical_service_provider_idhospital6,Bin 0,0.48712770440448394,0,True
medical_service_provider_idhospital6,Bin nan,0.48712770440448394,0,True
hospital_locationlocation18,Bin 0,0.48707137633619074,0,True
hospital_locationlocation18,Bin 0.306909029586237,0.6277021314731474,0,True
hospital_locationlocation18,Bin nan,0.48707137633619074,0,True
medical_service_provider_idhospital259,Bin 0,0.4867061135726805,0,True
medical_service_provider_idhospital259,Bin 0.06708638214506003,0.5098222950330723,0,True
medical_service_provider_idhospital259,Bin nan,0.4867061135726805,0,True
medical_service_provider_idhospital43,Bin 0,0.4876082700745879,0,True
medical_service_provider_idhospital43,Bin 0.07695555564481134,0.5667002179814683,0,True
medical_service_provider_idhospital43,Bin nan,0.4876082700745879,0,True
hospital_locationlocation10,Bin 0,0.48654965022599767,0,True
hospital_locationlocation10,Bin 0.2650320102414101,0.6774983309279737,0,True
hospital_locationlocation10,Bin nan,0.48654965022599767,0,True
medical_service_provider_idhospital249,Bin 0,0.48716069568969395,0,True
medical_service_provider_idhospital249,Bin nan,0.48716069568969395,0,True
medical_service_provider_idhospital367,Bin 0,0.4870740287192927,0,True
medical_service_provider_idhospital367,Bin nan,0.4870740287192927,0,True
residence_locationlocation5,Bin 0,0.48722580531026755,0,False
residence_locationlocation5,Bin 0.26544065560446684,0.5981117921091242,0,False
residence_locationlocation5,Bin 0.5310076710302385,0.5981117921091242,0,False
residence_locationlocation5,Bin 0.7913711416372133,0.5981117921091242,0,False
residence_locationlocation5,Bin 1,0.4853598673978636,0,False
residence_locationlocation5,Bin nan,0.48722580531026755,0,False
hospital_locationlocation5,Bin 0,0.487387939208996,0,False
hospital_locationlocation5,Bin 0.265961293200962,0.5126501834591249,0,False
hospital_locationlocation5,Bin 0.5311458614189178,0.5126501834591249,0,False
hospital_locationlocation5,Bin 0.791707200021484,0.5126501834591249,0,False
hospital_locationlocation5,Bin 1,0.484093646143687,0,False
hospital_locationlocation5,Bin nan,0.487387939208996,0,False
primary_procedure_codeM100011,Bin 0,0.4871269237625738,0,False
primary_procedure_codeM100011,Bin 0.2610256167128646,0.5133663749034234,0,False
primary_procedure_codeM100011,Bin 0.5391896290332083,0.5133663749034234,0,False
primary_procedure_codeM100011,Bin 0.8163902464695278,0.5133663749034234,0,False
primary_procedure_codeM100011,Bin 1,0.48549624931837715,0,False
primary_procedure_codeM100011,Bin nan,0.4871269237625738,0,False
medical_service_provider_idhospital15,Bin 0,0.48703471939384896,0,True
medical_service_provider_idhospital15,Bin nan,0.48703471939384896,0,True
medical_service_provider_idhospital248,Bin 0,0.48710049324447596,0,True
medical_service_provider_idhospital248,Bin nan,0.48710049324447596,0,True
residence_locationlocation12,Bin 0,0.48743193231183707,0,False
residence_locationlocation12,Bin 0.07525800187140598,0.5617106780035713,0,False
residence_locationlocation12,Bin 0.33667373901698705,0.5620489205685562,0,False
residence_locationlocation12,Bin 0.6004074779804799,0.5621096188061222,0,False
residence_locationlocation12,Bin 0.8641103645856494,0.5621096188061222,0,False
residence_locationlocation12,Bin 1,0.4832244269652326,0,False
residence_locationlocation12,Bin nan,0.48743193231183707,0,False
hospital_locationlocation12,Bin 0,0.4871267849418872,0,False
hospital_locationlocation12,Bin 0.07518178363330576,0.5626933014213438,0,False
hospital_locationlocation12,Bin 0.3365141530288372,0.5626933014213438,0,False
hospital_locationlocation12,Bin 0.6003092874679719,0.5626933014213438,0,False
hospital_locationlocation12,Bin 0.8638410709751797,0.5626933014213438,0,False
hospital_locationlocation12,Bin 1,0.48932473849225516,0,False
hospital_locationlocation12,Bin nan,0.4871267849418872,0,False
medical_service_provider_idhospital50,Bin 0,0.4871007776520631,0,True
medical_service_provider_idhospital50,Bin nan,0.4871007776520631,0,True
medical_service_provider_idhospital284,Bin 0,0.4872353311559475,0,True
medical_service_provider_idhospital284,Bin nan,0.4872353311559475,0,True
medical_service_provider_idhospital179,Bin 0,0.48712035940500825,0,True
medical_service_provider_idhospital179,Bin nan,0.48712035940500825,0,True
medical_service_provider_idhospital92,Bin 0,0.48703963443183457,0,True
medical_service_provider_idhospital92,Bin nan,0.48703963443183457,0,True
medical_service_provider_idhospital148,Bin 0,0.4871262440488314,0,True
medical_service_provider_idhospital148,Bin nan,0.4871262440488314,0,True
treatment_start_date,Bin 18149,0.48627448137379825,0,False
treatment_start_date,Bin 18156,0.48663009638545507,0,False
treatment_start_date,Bin 18162,0.4868395069778222,0,False
treatment_start_date,Bin 18166.748453371332,0.4868395069778222,0,False
treatment_start_date,Bin 18172.108093687373,0.4870829643176193,0,False
treatment_start_date,Bin 18177.612249413633,0.4868538044565482,0,False
treatment_start_date,Bin 18181,0.4868965714454308,0,False
treatment_start_date,Bin 18185,0.48694142925654355,0,False
treatment_start_date,Bin 18188.523247984325,0.4870997418028516,0,False
treatment_start_date,Bin 18192,0.48707089190669,0,False
treatment_start_date,Bin 18195,0.4873504917332339,0,False
treatment_start_date,Bin 18199,0.4873504917332339,0,False
treatment_start_date,Bin 18202,0.4873061406440715,0,False
treatment_start_date,Bin 18205,0.48721306874762066,0,False
treatment_start_date,Bin 18207.91788299826,0.48735482423706616,0,False
treatment_start_date,Bin 18211.837638518235,0.4881211022516956,0,False
treatment_start_date,Bin 18214.309639947533,0.48835883015548304,0,False
treatment_start_date,Bin 18217.354081047368,0.4883827325277948,0,False
treatment_start_date,Bin 18220,0.48839502264028417,0,False
treatment_start_date,Bin 18222.96626758424,0.4881319294583862,0,False
treatment_start_date,Bin 18226,0.48792980660295576,0,False
treatment_start_date,Bin 18228,0.4877833410466008,0,False
treatment_start_date,Bin 18231.97501886973,0.48781880685002227,0,False
treatment_start_date,Bin 18234,0.4880426469034299,0,False
treatment_start_date,Bin 18237,0.4879891700386427,0,False
treatment_start_date,Bin 18239.92167639355,0.48788438758883923,0,False
treatment_start_date,Bin 18242,0.48788438758883923,0,False
treatment_start_date,Bin 18245.24219200426,0.48818821604312346,0,False
treatment_start_date,Bin 18248,0.48786798053150787,0,False
treatment_start_date,Bin 18250.592029517098,0.48810608100019537,0,False
treatment_start_date,Bin 18253.959671339686,0.4880189514621336,0,False
treatment_start_date,Bin 18257,0.488024936562338,0,False
treatment_start_date,Bin 18260.0296043889,0.4880303509097005,0,False
treatment_start_date,Bin 18263.416552956583,0.4880303509097005,0,False
treatment_start_date,Bin 18267,0.4882147736515976,0,False
treatment_start_date,Bin 18269,0.48864257472258,0,False
treatment_start_date,Bin 18271.171474338724,0.48811807738856283,0,False
treatment_start_date,Bin 18274.331106287642,0.48811807738856283,0,False
treatment_start_date,Bin 18277,0.48811807738856283,0,False
treatment_start_date,Bin 18279.23018297046,0.4888336187315904,0,False
treatment_start_date,Bin 18282,0.48901015247792384,0,False
treatment_start_date,Bin 18284.835294714194,0.48499038706584163,0,False
treatment_start_date,Bin 18287.800373576214,0.4855782244696792,0,False
treatment_start_date,Bin 18290,0.4855782244696792,0,False
treatment_start_date,Bin 18292.302808806435,0.48646158742743595,0,False
treatment_start_date,Bin 18295,0.48615578588603364,0,False
treatment_start_date,Bin 18297.29959849884,0.4861192154947819,0,False
treatment_start_date,Bin 18299.99988499968,0.4861426047110327,0,False
treatment_start_date,Bin 18302.33121615655,0.4861426047110327,0,False
treatment_start_date,Bin 18304.57536823955,0.48623362861865005,0,False
treatment_start_date,Bin 18307,0.48622133017847746,0,False
treatment_start_date,Bin 18310,0.48744840675647527,0,False
treatment_start_date,Bin 18312,0.48653514537401693,0,False
treatment_start_date,Bin 18314,0.4859939407799012,0,False
treatment_start_date,Bin 18317,0.4857977065916106,0,False
treatment_start_date,Bin 18319,0.485892506741034,0,False
treatment_start_date,Bin 18321.454199289074,0.4858957352138774,0,False
treatment_start_date,Bin 18324,0.48618851456083195,0,False
treatment_start_date,Bin 18326,0.48618851456083195,0,False
treatment_start_date,Bin 18328.88145357782,0.48666625869783875,0,False
treatment_start_date,Bin 18331.239180851582,0.4863887442951343,0,False
treatment_start_date,Bin 18333.357402178244,0.4863887442951343,0,False
treatment_start_date,Bin 18336,0.48685738322017563,0,False
treatment_start_date,Bin 18338,0.4884552421408782,0,False
treatment_start_date,Bin 18340,0.48837651733472515,0,False
treatment_start_date,Bin 18342,0.487741472788637,0,False
treatment_start_date,Bin 18345.39783329797,0.4876074861473679,0,False
treatment_start_date,Bin 18349,0.48657850549675064,0,False
treatment_start_date,Bin 18352.242659359395,0.4866749103288078,0,False
treatment_start_date,Bin 18355.634212437613,0.4865933424165297,0,False
treatment_start_date,Bin 18359,0.4865933424165297,0,False
treatment_start_date,Bin 18362,0.4866021589874619,0,False
treatment_start_date,Bin 18365.562249815113,0.48653095886877146,0,False
treatment_start_date,Bin 18368.73395474765,0.4865952919569283,0,False
treatment_start_date,Bin 18372.287491913725,0.48667053221065726,0,False
treatment_start_date,Bin 18376.569645068128,0.48663738723416244,0,False
treatment_start_date,Bin 18381,0.48663738723416244,0,False
treatment_start_date,Bin 18385,0.4881484889443557,0,False
treatment_start_date,Bin 18389.512236766626,0.48598928182586176,0,False
treatment_start_date,Bin 18394.83366325028,0.48525614732694045,0,False
treatment_start_date,Bin 18400,0.4874808285149761,0,False
treatment_start_date,Bin 18403.304186108526,0.4864560371381759,0,False
treatment_start_date,Bin 18408,0.4861461383740431,0,False
treatment_start_date,Bin 18412.58569388758,0.4855605742920115,0,False
treatment_start_date,Bin 18418,0.48556852398866057,0,False
treatment_start_date,Bin 18422,0.4862596593084073,0,False
treatment_start_date,Bin 18426.485906509166,0.4868181830039964,0,False
treatment_start_date,Bin 18431,0.48755772890656723,0,False
treatment_start_date,Bin 18435.10060604668,0.48755772890656723,0,False
treatment_start_date,Bin 18440,0.48686363124197296,0,False
treatment_start_date,Bin 18444.144610868687,0.48551459586918433,0,False
treatment_start_date,Bin 18449,0.4859212813268136,0,False
treatment_start_date,Bin 18454,0.4859212813268136,0,False
treatment_start_date,Bin 18459.273466775398,0.4858369765950185,0,False
treatment_start_date,Bin 18464.78033280837,0.4859707345426358,0,False
treatment_start_date,Bin 18469.594062032626,0.4859707345426358,0,False
treatment_start_date,Bin 18475,0.48576779281720983,0,False
treatment_start_date,Bin 18480.77568618692,0.4867951211481741,0,False
treatment_start_date,Bin 18486,0.48821531899867954,0,False
treatment_start_date,Bin nan,0.48623362861865005,0,False
medical_service_provider_idhospital74,Bin 0,0.4871081919324267,0,True
medical_service_provider_idhospital74,Bin nan,0.4871081919324267,0,True
hospital_locationlocation4,Bin 0,0.4870398299626116,0,False
hospital_locationlocation4,Bin 0.01694711136631547,0.5270052729835404,0,False
hospital_locationlocation4,Bin 0.2805141450953671,0.5270052729835404,0,False
hospital_locationlocation4,Bin 0.5435373352095489,0.5270052729835404,0,False
hospital_locationlocation4,Bin 0.8070573226758291,0.5270052729835404,0,False
hospital_locationlocation4,Bin 1,0.48898424729643525,0,False
hospital_locationlocation4,Bin nan,0.4870398299626116,0,False
medical_service_provider_idhospital31,Bin 0,0.48718015228023615,0,True
medical_service_provider_idhospital31,Bin nan,0.48718015228023615,0,True
residence_locationlocation4,Bin 0,0.4873721172545296,0,False
residence_locationlocation4,Bin 0.013430244121699996,0.5832686047158616,0,False
residence_locationlocation4,Bin 0.27854001050582056,0.5843582647757798,0,False
residence_locationlocation4,Bin 0.5425918234325942,0.5843824688506826,0,False
residence_locationlocation4,Bin 0.8067448040260937,0.5843824688506826,0,False
residence_locationlocation4,Bin 1,0.4830890055463975,0,False
residence_locationlocation4,Bin nan,0.4873721172545296,0,False
treatment_end_date,Bin 18151.974009045807,0.48673421478635204,0,False
treatment_end_date,Bin 18158.926121223918,0.48673421478635204,0,False
treatment_end_date,Bin 18165,0.48669275533834677,0,False
treatment_end_date,Bin 18170,0.48669275533834677,0,False
treatment_end_date,Bin 18176,0.48756613383255726,0,False
treatment_end_date,Bin 18180.062468915865,0.4867125535790179,0,False
treatment_end_date,Bin 18184.903781441655,0.4867311190702951,0,False
treatment_end_date,Bin 18188,0.4866798929027883,0,False
treatment_end_date,Bin 18192,0.48680369732821666,0,False
treatment_end_date,Bin 18195,0.486849193457358,0,False
treatment_end_date,Bin 18199,0.4874795620649553,0,False
treatment_end_date,Bin 18202,0.4874795620649553,0,False
treatment_end_date,Bin 18205,0.487410277598603,0,False
treatment_end_date,Bin 18208,0.4875072897073761,0,False
treatment_end_date,Bin 18211.513383092624,0.48811233114363456,0,False
treatment_end_date,Bin 18214.620137657505,0.4872520171943335,0,False
treatment_end_date,Bin 18218,0.48729210652158367,0,False
treatment_end_date,Bin 18220.095920636522,0.4871802123490506,0,False
treatment_end_date,Bin 18223,0.4871514478665419,0,False
treatment_end_date,Bin 18226,0.4871867466932857,0,False
treatment_end_date,Bin 18229,0.48625883897355615,0,False
treatment_end_date,Bin 18232,0.4861512498790629,0,False
treatment_end_date,Bin 18234.306246448927,0.48690226653368357,0,False
treatment_end_date,Bin 18237,0.48690226653368357,0,False
treatment_end_date,Bin 18240,0.48684372722585245,0,False
treatment_end_date,Bin 18243,0.4868164583234487,0,False
treatment_end_date,Bin 18245.99555884852,0.48690141898988704,0,False
treatment_end_date,Bin 18248,0.4868363053944523,0,False
treatment_end_date,Bin 18250.668370198717,0.4864186396688112,0,False
treatment_end_date,Bin 18254,0.48679081565665744,0,False
treatment_end_date,Bin 18256.958037465636,0.48679081565665744,0,False
treatment_end_date,Bin 18260,0.48679081565665744,0,False
treatment_end_date,Bin 18263,0.4871938235098557,0,False
treatment_end_date,Bin 18266.615873978717,0.4872906312223206,0,False
treatment_end_date,Bin 18269,0.4872906312223206,0,False
treatment_end_date,Bin 18271.838876066926,0.48687910989397,0,False
treatment_end_date,Bin 18274.825759629035,0.48687910989397,0,False
treatment_end_date,Bin 18277,0.4869974932893597,0,False
treatment_end_date,Bin 18280,0.4865885219227265,0,False
treatment_end_date,Bin 18283,0.48652995791747694,0,False
treatment_end_date,Bin 18285.238187224186,0.4873751539642611,0,False
treatment_end_date,Bin 18288,0.4873751539642611,0,False
treatment_end_date,Bin 18290.18776086601,0.4870619127907004,0,False
treatment_end_date,Bin 18293,0.48733018452824367,0,False
treatment_end_date,Bin 18295.98312514076,0.48743230590352205,0,False
treatment_end_date,Bin 18298,0.48736995563282226,0,False
treatment_end_date,Bin 18300,0.48736995563282226,0,False
treatment_end_date,Bin 18303,0.4874790455068008,0,False
treatment_end_date,Bin 18305.030928919794,0.487425465848528,0,False
treatment_end_date,Bin 18307.744530680953,0.48731910785904925,0,False
treatment_end_date,Bin 18310.000195207285,0.48734151533317127,0,False
treatment_end_date,Bin 18312.717807538716,0.48734151533317127,0,False
treatment_end_date,Bin 18315.157971786866,0.487281338666325,0,False
treatment_end_date,Bin 18318,0.487281338666325,0,False
treatment_end_date,Bin 18320,0.487281338666325,0,False
treatment_end_date,Bin 18322.63701441561,0.48725627616449857,0,False
treatment_end_date,Bin 18324.98384947758,0.4872525150077245,0,False
treatment_end_date,Bin 18327,0.4872525150077245,0,False
treatment_end_date,Bin 18330,0.4872635274543685,0,False
treatment_end_date,Bin 18332,0.48717912598188445,0,False
treatment_end_date,Bin 18334,0.48746655145456674,0,False
treatment_end_date,Bin 18337,0.48741948040166144,0,False
treatment_end_date,Bin 18339,0.48799155932142557,0,False
treatment_end_date,Bin 18341,0.4874980314501856,0,False
treatment_end_date,Bin 18342.343188618484,0.4874515802913368,0,False
treatment_end_date,Bin 18345,0.4874092731568753,0,False
treatment_end_date,Bin 18347.92602792525,0.48751137128029154,0,False
treatment_end_date,Bin 18351,0.4875737158037787,0,False
treatment_end_date,Bin 18354.217008503016,0.4873356781723618,0,False
treatment_end_date,Bin 18358,0.4874486194315628,0,False
treatment_end_date,Bin 18361,0.4874197431533994,0,False
treatment_end_date,Bin 18364.223776991184,0.487365797737844,0,False
treatment_end_date,Bin 18367,0.48772887512127355,0,False
treatment_end_date,Bin 18370,0.487343287018268,0,False
treatment_end_date,Bin 18374,0.487343287018268,0,False
treatment_end_date,Bin 18377,0.48724595512322044,0,False
treatment_end_date,Bin 18381.71537939105,0.48745249558338577,0,False
treatment_end_date,Bin 18386,0.48745249558338577,0,False
treatment_end_date,Bin 18390,0.48745249558338577,0,False
treatment_end_date,Bin 18395,0.48691720863383997,0,False
treatment_end_date,Bin 18400,0.4868234037305519,0,False
treatment_end_date,Bin 18404,0.4868234037305519,0,False
treatment_end_date,Bin 18409,0.4868652938126641,0,False
treatment_end_date,Bin 18414,0.4870065282007571,0,False
treatment_end_date,Bin 18418.02142098583,0.4865630196522775,0,False
treatment_end_date,Bin 18423,0.4865630196522775,0,False
treatment_end_date,Bin 18427.94185429247,0.4873544049334478,0,False
treatment_end_date,Bin 18431.057427744654,0.4873446666979386,0,False
treatment_end_date,Bin 18436,0.48779674914237564,0,False
treatment_end_date,Bin 18440,0.48737410598846087,0,False
treatment_end_date,Bin 18445,0.4870234204620571,0,False
treatment_end_date,Bin 18449.74812564311,0.4870234204620571,0,False
treatment_end_date,Bin 18454,0.48678791596014137,0,False
treatment_end_date,Bin 18460,0.4869190821836523,0,False
treatment_end_date,Bin 18465,0.4869190821836523,0,False
treatment_end_date,Bin 18470,0.4869846194656079,0,False
treatment_end_date,Bin 18475,0.4869846194656079,0,False
treatment_end_date,Bin 18481,0.4878250787334624,0,False
treatment_end_date,Bin 18486.462073807932,0.4874942251040975,0,False
treatment_end_date,Bin nan,0.48731910785904925,0,False
primary_procedure_codeS1200025,Bin 0,0.4870777576589005,0,True
primary_procedure_codeS1200025,Bin nan,0.4870777576589005,0,True
primary_procedure_codeM100055,Bin 0,0.48722098067696346,0,True
primary_procedure_codeM100055,Bin 0.11712588627589716,0.516743954507446,0,True
primary_procedure_codeM100055,Bin nan,0.48722098067696346,0,True
claim_reported_date,Bin 1568620993.6126473,0.4851689924693798,0,False
claim_reported_date,Bin 1569245642.924168,0.4851942758105722,0,False
claim_reported_date,Bin 1569847482.6804824,0.4851942758105722,0,False
claim_reported_date,Bin 1570409642.8888676,0.4851942758105722,0,False
claim_reported_date,Bin 1570814931,0.48618618210403436,0,False
claim_reported_date,Bin 1571234028.2196503,0.48618618210403436,0,False
claim_reported_date,Bin 1571657006.028866,0.48629959311587334,0,False
claim_reported_date,Bin 1571922332.6345909,0.48629959311587334,0,False
claim_reported_date,Bin 1572355740,0.48629959311587334,0,False
claim_reported_date,Bin 1572623874.913152,0.48637394428278896,0,False
claim_reported_date,Bin 1573041074.3095167,0.48637394428278896,0,False
claim_reported_date,Bin 1573306370.4,0.48700442232820174,0,False
claim_reported_date,Bin 1573726361.0357876,0.48636275199274326,0,False
claim_reported_date,Bin 1573932361.1940217,0.48636275199274326,0,False
claim_reported_date,Bin 1574258110.492105,0.4866904204374728,0,False
claim_reported_date,Bin 1574506743.9157884,0.4878434974088506,0,False
claim_reported_date,Bin 1574778701.4,0.4867634730555719,0,False
claim_reported_date,Bin 1574983126.9918182,0.48709148820928805,0,False
claim_reported_date,Bin 1575292313.8241465,0.48709148820928805,0,False
claim_reported_date,Bin 1575552258.8932,0.48742847928088895,0,False
claim_reported_date,Bin 1575874851.464492,0.4872608506962346,0,False
claim_reported_date,Bin 1576072392.1690495,0.48722662752291546,0,False
claim_reported_date,Bin 1576323666.6,0.4873010109011902,0,False
claim_reported_date,Bin 1576589700,0.4872717250330726,0,False
claim_reported_date,Bin 1576781295.9806623,0.4873212354821484,0,False
claim_reported_date,Bin 1577096615.1697555,0.4871934663123446,0,False
claim_reported_date,Bin 1577314620,0.4871934663123446,0,False
claim_reported_date,Bin 1577472845.271744,0.48732930215702175,0,False
claim_reported_date,Bin 1577802361.4509704,0.4869076995399208,0,False
claim_reported_date,Bin 1578031920,0.48693213515539646,0,False
claim_reported_date,Bin 1578322317.7423842,0.48693213515539646,0,False
claim_reported_date,Bin 1578500404.3244953,0.48693213515539646,0,False
claim_reported_date,Bin 1578675042.0963075,0.4871430389452941,0,False
claim_reported_date,Bin 1578993360,0.48732144267885663,0,False
claim_reported_date,Bin 1579174734.7087305,0.48680937728728807,0,False
claim_reported_date,Bin 1579357620,0.48740773192651643,0,False
claim_reported_date,Bin 1579626992.528591,0.48740773192651643,0,False
claim_reported_date,Bin 1579815960.3600836,0.48690693814825303,0,False
claim_reported_date,Bin 1580055139.788278,0.48705768042805037,0,False
claim_reported_date,Bin 1580224460.394388,0.4872098866906507,0,False
claim_reported_date,Bin 1580389162.2,0.48744904446786724,0,False
claim_reported_date,Bin 1580568790.8965082,0.4862163353095423,0,False
claim_reported_date,Bin 1580841853.9780595,0.48676120308740084,0,False
claim_reported_date,Bin 1581070312.2834263,0.4864176096444005,0,False
claim_reported_date,Bin 1581327357,0.4864176096444005,0,False
claim_reported_date,Bin 1581501085.8937669,0.4864176096444005,0,False
claim_reported_date,Bin 1581698434.0653,0.4864176096444005,0,False
claim_reported_date,Bin 1581946521.0003264,0.48645385741791564,0,False
claim_reported_date,Bin 1582132680,0.48645385741791564,0,False
claim_reported_date,Bin 1582380898.642455,0.48645385741791564,0,False
claim_reported_date,Bin 1582602733.8740723,0.4864699429406635,0,False
claim_reported_date,Bin 1582736784.1492858,0.48650766588029876,0,False
claim_reported_date,Bin 1582913931.3919265,0.486438118272501,0,False
claim_reported_date,Bin 1583160960,0.4866843209466505,0,False
claim_reported_date,Bin 1583340092.8593411,0.48646384905042767,0,False
claim_reported_date,Bin 1583576518.1592376,0.486527763392965,0,False
claim_reported_date,Bin 1583773709.4,0.48714548093373233,0,False
claim_reported_date,Bin 1584017940,0.48624226017118294,0,False
claim_reported_date,Bin 1584187653.5719743,0.4866285490467441,0,False
claim_reported_date,Bin 1584430536,0.4866285490467441,0,False
claim_reported_date,Bin 1584558120,0.4862683512544196,0,False
claim_reported_date,Bin 1584727740,0.48682633305051654,0,False
claim_reported_date,Bin 1584978449.078213,0.48682633305051654,0,False
claim_reported_date,Bin 1585153496.779718,0.48682633305051654,0,False
claim_reported_date,Bin 1585332540,0.48675181138070284,0,False
claim_reported_date,Bin 1585578871.8276129,0.48683100165401605,0,False
claim_reported_date,Bin 1585759171.1043549,0.48641436620666695,0,False
claim_reported_date,Bin 1586011696.2808363,0.48641436620666695,0,False
claim_reported_date,Bin 1586345166.7900076,0.4866409221247422,0,False
claim_reported_date,Bin 1586600401.3422961,0.48692869925187615,0,False
claim_reported_date,Bin 1586874873.2374012,0.48654239916650066,0,False
claim_reported_date,Bin 1587120660,0.48654239916650066,0,False
claim_reported_date,Bin 1587398856.81777,0.48654239916650066,0,False
claim_reported_date,Bin 1587667053.4538732,0.4864628172433563,0,False
claim_reported_date,Bin 1588066155,0.48655493545393486,0,False
claim_reported_date,Bin 1588337704.796261,0.4866236428080099,0,False
claim_reported_date,Bin 1588691887.2223673,0.48717696863577126,0,False
claim_reported_date,Bin 1589035920,0.48680091792307906,0,False
claim_reported_date,Bin 1589397174.347044,0.4867733949840292,0,False
claim_reported_date,Bin 1589801272.20108,0.4861534932905116,0,False
claim_reported_date,Bin 1590136605.6507545,0.4861534932905116,0,False
claim_reported_date,Bin 1590508424.4,0.48533923507336246,0,False
claim_reported_date,Bin 1590857610.6714156,0.48619884117945117,0,False
claim_reported_date,Bin 1591276052.3204083,0.48516668104721145,0,False
claim_reported_date,Bin 1591688808,0.4851551250175827,0,False
claim_reported_date,Bin 1592043180,0.48565130080578794,0,False
claim_reported_date,Bin 1592402011.3222332,0.48545224474819887,0,False
claim_reported_date,Bin 1592824321.570856,0.48833427360752035,0,False
claim_reported_date,Bin 1593115622.5607116,0.4880708945508302,0,False
claim_reported_date,Bin 1593524965.459554,0.48869817911634067,0,False
claim_reported_date,Bin 1593946835.1211305,0.4852643384918581,0,False
claim_reported_date,Bin 1594318106.4,0.48497749334318274,0,False
claim_reported_date,Bin 1594812420.6,0.48425323145854077,0,False
claim_reported_date,Bin 1595254138.796847,0.4854064407540502,0,False
claim_reported_date,Bin 1595617141.69989,0.4855635500107015,0,False
claim_reported_date,Bin 1596044430.3103192,0.48601204063579595,0,False
claim_reported_date,Bin 1596553740,0.48435828487906624,0,False
claim_reported_date,Bin 1596991018.1614823,0.48443711357972224,0,False
claim_reported_date,Bin 1597417080,0.4856402327901079,0,False
claim_reported_date,Bin nan,0.48645385741791564,0,False
primary_procedure_codeS500092,Bin 0,0.4870787245271871,0,True
primary_procedure_codeS500092,Bin nan,0.4870787245271871,0,True
primary_procedure_codeM100026,Bin 0,0.48682534109934195,0,False
primary_procedure_codeM100026,Bin 0.17456820924999006,0.5745299387587078,0,False
primary_procedure_codeM100026,Bin 0.4765826760046191,0.5745299387587078,0,False
primary_procedure_codeM100026,Bin 0.77235434064176,0.5745299387587078,0,False
primary_procedure_codeM100026,Bin 1,0.4860281021680204,0,False
primary_procedure_codeM100026,Bin nan,0.48682534109934195,0,False
primary_procedure_codeS1200024,Bin 0,0.48709721494803265,0,True
primary_procedure_codeS1200024,Bin nan,0.48709721494803265,0,True
primary_procedure_codeS500096,Bin 0,0.4871220193262402,0,True
primary_procedure_codeS500096,Bin nan,0.4871220193262402,0,True
primary_procedure_codeS100181,Bin 0,0.4871866634045282,0,True
primary_procedure_codeS100181,Bin nan,0.4871866634045282,0,True
primary_procedure_codeM100009,Bin 0,0.4870481423570186,0,False
primary_procedure_codeM100009,Bin 0.005086502095217238,0.5416448669130925,0,False
primary_procedure_codeM100009,Bin 0.34223544403910633,0.5424706618958087,0,False
primary_procedure_codeM100009,Bin 0.6803157698083704,0.5424706618958087,0,False
primary_procedure_codeM100009,Bin 1,0.4821584138276879,0,False
primary_procedure_codeM100009,Bin nan,0.4870481423570186,0,False
residence_locationlocation17,Bin 0,0.48715666207468894,0,True
residence_locationlocation17,Bin 0.0377304203505589,0.5194568874626063,0,True
residence_locationlocation17,Bin nan,0.48715666207468894,0,True
hospital_locationlocation17,Bin 0,0.4871282771702511,0,True
hospital_locationlocation17,Bin 0.0377304203505589,0.5081091403816104,0,True
hospital_locationlocation17,Bin nan,0.4871282771702511,0,True
medical_service_provider_idhospital22,Bin 0,0.4871757287601868,0,True
medical_service_provider_idhospital22,Bin nan,0.4871757287601868,0,True
medical_service_provider_idhospital256,Bin 0,0.4871289165827472,0,True
medical_service_provider_idhospital256,Bin nan,0.4871289165827472,0,True
