feature1,feature2,statistic
benefit_typeSURGICAL,residence_locationlocation7,0.0035095735087935414
medical_service_provider_idhospital63,residence_locationlocation19,0.00688124228979075
birth_date,hospital_locationlocation7,0.007012589859589391
medical_service_provider_idhospital63,primary_procedure_codeM100008,0.00508290356891303
hospital_locationlocation9,residence_locationlocation19,0.013262433654615833
hospital_locationlocation19,primary_procedure_codeM700004,0.0005650370099851678
hospital_locationlocation2,primary_procedure_codeS400034,0.004690405960886622
hospital_locationlocation15,residence_locationlocation7,0.011986383299106724
hospital_locationlocation14,medical_service_provider_idhospital15,0.004210840766715272
hospital_locationlocation16,hospital_locationlocation18,0.008779812203359522
primary_procedure_codeM100068,residence_locationlocation11,0.0013858447008223784
hospital_typePublic,residence_locationlocation8,0.0021672652031514326
hospital_locationlocation8,medical_service_provider_idhospital367,0.003648200641728182
hospital_locationlocation2,primary_procedure_codeM100008,0.004917194727459208
hospital_typePublic,medical_service_provider_idhospital249,0.015440333262612295
benefit_typeSURGICAL,residence_locationlocation19,0.002992853550058515
medical_service_provider_idhospital63,residence_locationlocation7,7.885188697278951e-05
hospital_locationlocation7,residence_locationlocation5,0.00735921267945379
hospital_locationlocation6,no_of_days_stayed,0.0034228874410231537
medical_service_provider_idhospital18,primary_procedure_codeM100008,0.013828249545123341
hospital_locationlocation10,residence_locationlocation2,0.0118483530333058
primary_procedure_codeM100008,primary_procedure_codeM100011,0.004893114118113581
medical_service_provider_idhospital43,residence_locationlocation8,0.005729738847353225
hospital_locationlocation14,medical_service_provider_idhospital315,0.00750736492216566
hospital_locationlocation8,medical_service_provider_idhospital63,0.01849850971919075
medical_service_provider_idOthers,medical_service_provider_idhospital63,0.06516404881343867
medical_service_provider_idhospital63,residence_locationlocation2,0.011310896945539823
hospital_locationlocation15,hospital_locationlocation16,0.015828656982220402
hospital_locationlocation21,medical_service_provider_idhospital315,0.0014614043088276153
hospital_locationlocation18,medical_service_provider_idhospital367,0.0031993554346263784
medical_service_provider_idhospital259,residence_locationlocation2,0.009813947079891484
hospital_locationlocation16,hospital_locationlocation2,0.01738989624093531
fraud,hospital_locationlocation3,0.07280302875529204
medical_service_provider_idhospital18,primary_procedure_codeU100,0.008001851038792808
fraud,medical_service_provider_idhospital259,0.001629991303810037
medical_service_provider_idhospital249,primary_procedure_codeM100011,0.006261009823055247
residence_locationlocation20,residence_locationlocation7,0.0056456019812923235
hospital_locationlocation7,medical_service_provider_idhospital6,0.01572165044088244
hospital_locationlocation8,medical_service_provider_idOthers,0.002492503915454504
hospital_locationlocation22,primary_procedure_codeM100011,0.0031827985544855956
hospital_locationlocation14,hospital_locationlocation5,0.005629203651496466
no_of_days_stayed,primary_procedure_codeM700004,0.11053638137424088
hospital_locationlocation2,primary_procedure_codeM100068,0.007469572651614368
benefit_typeSURGICAL,medical_service_provider_idOthers,0.1428429422664245
hospital_typePublic,primary_procedure_codeS400034,0.08676532864738981
residence_locationlocation16,residence_locationlocation7,0.013262433654615833
medical_service_provider_idhospital259,no_of_days_stayed,0.019013640112933605
hospital_locationlocation11,residence_locationlocation8,0.005089406015813374
benefit_typeSURGICAL,hospital_locationlocation20,0.006462941099875976
hospital_locationlocation8,primary_procedure_codeS400034,6.622695496795396e-05
medical_service_provider_idhospital6,primary_procedure_codeM700004,0.003784561019266477
medical_service_provider_idOthers,primary_procedure_codeS400034,0.02378569829898453
birth_date,residence_locationlocation5,0.0018703183088553913
medical_service_provider_idhospital367,primary_procedure_codeM100008,0.0026659823649183654
hospital_locationlocation2,hospital_locationlocation22,0.013908643162141196
hospital_locationlocation19,medical_service_provider_idhospital15,0.00122678945023838
medical_service_provider_idhospital15,residence_locationlocation8,0.004477382503483934
claim_count_pa,no_of_days_stayed,0.20698126367552522
primary_procedure_codeU100,residence_locationlocation19,0.0034051669650686815
hospital_locationlocation10,hospital_locationlocation5,0.0050594415862775174
benefit_typeSURGICAL,primary_procedure_codeU100,0.13674290933271416
primary_procedure_codeM100008,primary_procedure_codeM700004,0.004285745963809984
hospital_locationlocation2,hospital_locationlocation21,0.012528470007098452
hospital_locationlocation21,medical_service_provider_idhospital15,0.004362835934118488
hospital_locationlocation18,medical_service_provider_idhospital43,0.004554128082487843
hospital_locationlocation3,residence_locationlocation20,0.010150655201712041
hospital_locationlocation18,hospital_locationlocation9,0.008779812203359522
hospital_locationlocation22,medical_service_provider_idOthers,0.002580370481716804
medical_service_provider_idhospital367,primary_procedure_codeU100,0.008372400308804973
medical_service_provider_idhospital15,primary_procedure_codeM100008,0.00085980870985288
hospital_locationlocation3,medical_service_provider_idhospital6,7.118197776040965e-05
medical_service_provider_idhospital249,residence_locationlocation16,0.006261009823055247
hospital_locationlocation22,primary_procedure_codeM100008,0.002450379214651288
hospital_locationlocation2,medical_service_provider_idhospital259,0.009813947079891482
birth_date,hospital_locationlocation5,0.0018703183088553913
hospital_locationlocation20,medical_service_provider_idhospital15,0.00122678945023838
hospital_locationlocation2,primary_procedure_codeU100,0.04965521257127602
hospital_locationlocation19,hospital_locationlocation3,0.010538438590582238
residence_locationlocation2,residence_locationlocation20,0.013712461412424864
primary_procedure_codeU100,residence_locationlocation7,0.004804953564067801
hospital_locationlocation22,primary_procedure_codeS400034,1.1299546676346957e-05
hospital_locationlocation11,primary_procedure_codeM100008,0.0016724216151277787
hospital_locationlocation7,primary_procedure_codeM100068,0.02128400309335826
hospital_locationlocation19,primary_procedure_codeS100214,0.003468286729644073
hospital_locationlocation22,medical_service_provider_idhospital367,0.0048315187194006
medical_service_provider_idhospital367,medical_service_provider_idhospital6,0.002354242513888277
hospital_locationlocation21,medical_service_provider_idhospital43,0.005583139163234625
hospital_locationlocation22,residence_locationlocation11,0.004282712295793083
hospital_locationlocation18,medical_service_provider_idhospital15,0.003926495760057671
medical_service_provider_idhospital15,primary_procedure_codeU100,0.004763483898528076
medical_service_provider_idhospital315,primary_procedure_codeU100,0.01575636362136245
hospital_locationlocation11,primary_procedure_codeS400034,0.0031827985544855956
fraud,primary_procedure_codeM100068,7.753770345564595e-06
hospital_locationlocation8,residence_locationlocation16,0.010012232458435901
hospital_locationlocation8,medical_service_provider_idhospital43,0.005729738847353225
benefit_typeSURGICAL,medical_service_provider_idhospital315,0.019185970942522893
medical_service_provider_idOthers,residence_locationlocation7,0.013946300987525194
hospital_locationlocation6,primary_procedure_codeS100214,0.003771543699337221
claim_count_pa,hospital_locationlocation5,0.004263565713606974
hospital_locationlocation22,hospital_locationlocation3,0.010332611961959153
hospital_locationlocation7,medical_service_provider_idOthers,0.014146249533186552
hospital_locationlocation15,medical_service_provider_idhospital367,0.0038090808643206626
hospital_locationlocation16,medical_service_provider_idhospital18,0.07695687396911026
claim_paid_amount,hospital_locationlocation19,0.00402341596171886
hospital_locationlocation7,primary_procedure_codeM100008,0.0003836817513372463
hospital_locationlocation14,primary_procedure_codeM100008,0.0007213907716437464
medical_service_provider_idhospital259,medical_service_provider_idhospital43,0.004572038743254383
primary_procedure_codeU100,residence_locationlocation16,0.007763381957644796
claim_paid_amount,hospital_locationlocation22,0.009365599597459466
medical_service_provider_idhospital315,primary_procedure_codeM100008,0.005832983988289471
hospital_locationlocation19,medical_service_provider_idhospital43,0.007588620795408191
hospital_locationlocation14,primary_procedure_codeS400034,9.782901350597578e-06
hospital_locationlocation19,residence_locationlocation16,0.013262433654615833
hospital_locationlocation21,hospital_typePublic,0.018795931768479896
hospital_locationlocation10,hospital_locationlocation6,0.003942592211400123
hospital_locationlocation7,primary_procedure_codeU100,0.004804953564067801
hospital_locationlocation9,medical_service_provider_idhospital18,0.00735921267945379
hospital_locationlocation20,primary_procedure_codeM100068,0.002397686729793802
medical_service_provider_idhospital43,residence_locationlocation7,0.005179660731756137
medical_service_provider_idhospital18,medical_service_provider_idhospital6,0.0016754301477717658
hospital_locationlocation8,primary_procedure_codeS100214,0.006150183165329254
medical_service_provider_idOthers,primary_procedure_codeS100214,0.2167424699417245
fraud,primary_procedure_codeU100,0.0939909043710405
medical_service_provider_idhospital315,primary_procedure_codeM100068,0.007730926773786787
hospital_locationlocation6,residence_locationlocation7,0.004927002590047183
hospital_locationlocation13,medical_service_provider_idhospital6,0.004154518492158553
claim_count_pa,hospital_locationlocation18,0.01099400965769779
medical_service_provider_idhospital15,residence_locationlocation20,0.00122678945023838
hospital_locationlocation18,hospital_locationlocation8,0.006628959902423457
hospital_locationlocation15,medical_service_provider_idhospital249,0.08802616475964148
hospital_locationlocation13,hospital_locationlocation18,0.005646120392852361
hospital_locationlocation13,primary_procedure_codeU100,0.0034804088099274102
claim_count_pa,medical_service_provider_idhospital367,0.0243300030388522
hospital_locationlocation10,hospital_locationlocation19,0.00886315090240142
primary_procedure_codeM700004,residence_locationlocation5,0.003937805761724263
medical_service_provider_idhospital249,primary_procedure_codeS100214,0.027454038241429182
primary_procedure_codeM700004,primary_procedure_codeS100214,0.047490528322414655
hospital_locationlocation3,primary_procedure_codeM700004,0.0002970407660794773
hospital_locationlocation16,residence_locationlocation2,0.01738989624093531
hospital_locationlocation3,medical_service_provider_idhospital249,0.0004165064385150734
claim_count_pa,hospital_locationlocation11,0.007935461847561108
primary_procedure_codeM700004,residence_locationlocation2,0.0037185421546821443
medical_service_provider_idhospital15,residence_locationlocation11,0.0034404682086392247
hospital_locationlocation13,medical_service_provider_idOthers,0.0019891297542738566
hospital_locationlocation8,medical_service_provider_idhospital15,0.004477382503483934
hospital_locationlocation11,primary_procedure_codeM100068,0.0013858447008223784
benefit_typeSURGICAL,hospital_locationlocation21,0.0073718741863446485
hospital_locationlocation22,primary_procedure_codeS100214,0.0035112611958248822
claim_paid_amount,hospital_locationlocation14,0.004307112707357693
hospital_locationlocation13,primary_procedure_codeM100008,0.0037050531230410507
hospital_locationlocation19,primary_procedure_codeS400034,1.1032242837096257e-05
hospital_locationlocation14,medical_service_provider_idhospital43,0.005388613188362518
hospital_locationlocation18,medical_service_provider_idhospital249,0.0041457993377114095
hospital_locationlocation9,medical_service_provider_idhospital249,0.0014044074481284667
hospital_locationlocation6,hospital_locationlocation7,0.004927002590047183
birth_date,fraud,0.009065014843808214
hospital_locationlocation22,residence_locationlocation5,0.00735921267945379
hospital_locationlocation3,residence_locationlocation16,0.01163374632030832
hospital_locationlocation16,hospital_locationlocation20,0.013262433654615833
hospital_locationlocation21,medical_service_provider_idhospital63,0.005717234035207304
hospital_locationlocation11,medical_service_provider_idhospital63,0.00688124228979075
hospital_locationlocation19,medical_service_provider_idOthers,0.0028895119526693544
medical_service_provider_idhospital315,medical_service_provider_idhospital6,0.005150792794879156
hospital_locationlocation20,residence_locationlocation7,0.0056456019812923235
benefit_typeSURGICAL,hospital_locationlocation2,0.07093258646036636
hospital_typePublic,primary_procedure_codeM100011,0.03689081553969749
hospital_locationlocation16,residence_locationlocation16,1.0
benefit_typeSURGICAL,medical_service_provider_idhospital15,0.012788242228023985
hospital_locationlocation21,primary_procedure_codeU100,0.0028433968518429085
primary_procedure_codeU100,residence_locationlocation5,0.010725010964501288
primary_procedure_codeM100068,primary_procedure_codeS400034,0.009696365866729941
hospital_locationlocation2,primary_procedure_codeS100214,0.0752583596104891
medical_service_provider_idhospital63,residence_locationlocation11,0.00688124228979075
hospital_locationlocation10,medical_service_provider_idhospital259,0.005339685399622289
hospital_locationlocation6,medical_service_provider_idOthers,0.007525186107294984
claim_paid_amount,medical_service_provider_idhospital6,0.037851894646412816
hospital_locationlocation14,hospital_locationlocation18,0.006234270015357563
hospital_locationlocation19,medical_service_provider_idhospital63,0.00921309278166335
hospital_locationlocation6,medical_service_provider_idhospital367,0.0048315187194006
hospital_locationlocation16,hospital_locationlocation22,0.011085180472686073
hospital_locationlocation14,hospital_locationlocation8,0.007109120391669153
hospital_locationlocation11,medical_service_provider_idhospital18,0.00735921267945379
hospital_locationlocation14,medical_service_provider_idhospital367,0.003431031752151598
hospital_locationlocation10,no_of_days_stayed,0.0069511116643297365
primary_procedure_codeU100,residence_locationlocation8,0.010458537624654237
medical_service_provider_idhospital315,residence_locationlocation5,0.008299594845484908
hospital_locationlocation6,primary_procedure_codeU100,0.004853976639274823
hospital_locationlocation9,residence_locationlocation2,0.015785700334872085
hospital_locationlocation13,hospital_typePublic,0.001661127970062643
fraud,residence_locationlocation7,1.8163156643549405e-05
hospital_locationlocation19,medical_service_provider_idhospital367,0.0048315187194006
fraud,hospital_locationlocation9,4.086504346005445e-05
hospital_locationlocation20,residence_locationlocation5,0.0056456019812923235
medical_service_provider_idhospital249,residence_locationlocation11,0.0024319286104118273
hospital_locationlocation3,primary_procedure_codeM100008,0.0017598013054169828
hospital_locationlocation22,medical_service_provider_idhospital6,0.003995358303100079
hospital_locationlocation20,residence_locationlocation2,0.013712461412424864
medical_service_provider_idhospital249,medical_service_provider_idhospital315,0.004992234850898873
birth_date,residence_locationlocation7,0.006877552129245042
hospital_locationlocation2,hospital_locationlocation6,0.013658033135598473
hospital_locationlocation13,hospital_locationlocation9,0.00852735820581116
primary_procedure_codeS100214,residence_locationlocation5,0.004195021241821603
hospital_locationlocation8,primary_procedure_codeM700004,0.0020978170018347126
hospital_locationlocation21,residence_locationlocation2,0.012528470007098452
benefit_typeSURGICAL,hospital_locationlocation22,0.0025452944880916357
hospital_locationlocation11,primary_procedure_codeM100011,0.003356988845335034
hospital_locationlocation15,medical_service_provider_idhospital18,0.010332611961959153
claim_count_pa,hospital_locationlocation3,0.010954124029699568
hospital_locationlocation15,primary_procedure_codeS400034,0.0007638207994218177
hospital_locationlocation22,hospital_locationlocation5,0.00735921267945379
hospital_locationlocation8,medical_service_provider_idhospital259,0.006031695309829272
hospital_locationlocation11,residence_locationlocation7,0.008397146767849448
birth_date,medical_service_provider_idhospital367,0.008611939409046697
claim_paid_amount,residence_locationlocation2,0.03590557729786238
hospital_locationlocation3,residence_locationlocation5,0.010538438590582238
claim_count_pa,medical_service_provider_idOthers,0.0821962491964081
hospital_locationlocation21,residence_locationlocation7,0.003891732541158168
fraud,hospital_locationlocation13,0.0002603345218340808
primary_procedure_codeU100,residence_locationlocation11,0.003774791614436928
fraud,hospital_locationlocation7,1.8163156643549405e-05
medical_service_provider_idhospital63,residence_locationlocation5,0.02641132910055352
benefit_typeSURGICAL,residence_locationlocation16,0.007775649181364276
medical_service_provider_idhospital249,primary_procedure_codeM700004,0.0036680709061653756
primary_procedure_codeM100011,primary_procedure_codeM100068,0.003834593023057074
hospital_locationlocation13,primary_procedure_codeS100214,0.006399914751463545
birth_date,hospital_locationlocation11,0.004904367484757581
hospital_locationlocation3,residence_locationlocation2,0.02357418925157515
hospital_locationlocation19,residence_locationlocation7,0.013262433654615833
hospital_locationlocation22,no_of_days_stayed,0.00304247182832478
fraud,medical_service_provider_idhospital367,0.002684212580181
hospital_locationlocation22,primary_procedure_codeM700004,0.000554700287559157
medical_service_provider_idhospital249,primary_procedure_codeU100,0.009799061130269326
hospital_locationlocation14,residence_locationlocation7,0.009415912443854497
claim_count_pa,hospital_locationlocation8,0.005927454196723626
hospital_locationlocation21,primary_procedure_codeM100008,1.533432447713104e-07
birth_date,hospital_locationlocation21,0.0022760346243528295
primary_procedure_codeS400034,residence_locationlocation7,0.0006006072951260798
medical_service_provider_idhospital249,medical_service_provider_idhospital259,0.0037723308950797386
benefit_typeSURGICAL,hospital_locationlocation11,0.0027726113640786235
fraud,primary_procedure_codeM100011,0.0019171320699687309
hospital_typePublic,residence_locationlocation19,0.0023002001146539145
hospital_locationlocation18,hospital_locationlocation2,0.011744616083627455
hospital_locationlocation10,residence_locationlocation8,0.006691869229836811
hospital_locationlocation22,medical_service_provider_idhospital259,0.007988610954575363
medical_service_provider_idhospital43,residence_locationlocation2,0.006281982114229569
hospital_locationlocation6,hospital_typePublic,0.007985592666826673
no_of_days_stayed,residence_locationlocation16,0.0029866290564958113
hospital_locationlocation5,hospital_locationlocation8,0.0026660549445703856
benefit_typeSURGICAL,hospital_locationlocation14,0.0029554618370147005
claim_paid_amount,hospital_locationlocation21,0.008911401713380058
hospital_locationlocation20,hospital_locationlocation3,0.010150655201712041
birth_date,claim_paid_amount,0.05796287009909442
hospital_locationlocation16,hospital_locationlocation21,0.009755957687711895
medical_service_provider_idhospital63,residence_locationlocation8,0.01849850971919075
hospital_locationlocation6,primary_procedure_codeM700004,0.002877239176917485
hospital_locationlocation14,hospital_locationlocation22,0.004491564560526827
hospital_locationlocation2,hospital_typePublic,0.0776741067583164
primary_procedure_codeM100011,primary_procedure_codeU100,0.014403905522705708
hospital_locationlocation14,hospital_locationlocation16,0.009415912443854497
residence_locationlocation19,residence_locationlocation8,0.007715335633807398
hospital_typePublic,residence_locationlocation7,0.007272636884268117
hospital_locationlocation21,hospital_locationlocation3,0.008477422096330964
hospital_locationlocation20,hospital_locationlocation8,0.006245345972715568
hospital_locationlocation20,medical_service_provider_idhospital367,0.002302310008294112
hospital_locationlocation6,hospital_locationlocation9,0.0056456019812923235
medical_service_provider_idhospital315,no_of_days_stayed,0.0234632791546885
birth_date,hospital_locationlocation14,0.0028040059563357047
hospital_locationlocation6,medical_service_provider_idhospital43,0.0019033851028163172
hospital_locationlocation14,hospital_locationlocation3,0.006683005310560018
hospital_locationlocation10,primary_procedure_codeS100214,0.010525897187755748
primary_procedure_codeM100011,primary_procedure_codeM700004,0.005367592038414532
hospital_locationlocation5,medical_service_provider_idhospital249,0.006261009823055247
hospital_locationlocation14,residence_locationlocation16,0.009415912443854497
hospital_locationlocation21,hospital_locationlocation8,0.007365795740939998
hospital_locationlocation7,residence_locationlocation16,0.013262433654615833
hospital_locationlocation22,residence_locationlocation19,0.013262433654615833
hospital_locationlocation18,residence_locationlocation7,0.006428112483614795
hospital_locationlocation19,medical_service_provider_idhospital18,0.006450646420666186
birth_date,medical_service_provider_idhospital15,0.007706766709587971
hospital_locationlocation20,hospital_locationlocation5,0.0056456019812923235
hospital_locationlocation14,medical_service_provider_idhospital259,0.005672583999932375
hospital_locationlocation3,medical_service_provider_idhospital63,0.007185362856321322
hospital_locationlocation15,medical_service_provider_idhospital15,0.004755073717970913
hospital_locationlocation5,hospital_locationlocation9,0.009608333695408757
benefit_typeSURGICAL,hospital_locationlocation7,0.0035525791932600453
hospital_locationlocation2,primary_procedure_codeM100011,0.004368663936898744
hospital_locationlocation5,medical_service_provider_idhospital43,0.0027070098401520103
medical_service_provider_idhospital249,residence_locationlocation19,0.0037869859813454477
hospital_typePublic,residence_locationlocation16,0.006715640927099089
hospital_locationlocation16,residence_locationlocation11,0.013262433654615833
claim_count_pa,residence_locationlocation7,0.0033351751701764594
hospital_locationlocation10,primary_procedure_codeS400034,4.540953537702675e-05
medical_service_provider_idhospital367,residence_locationlocation11,0.001110722679435877
hospital_locationlocation16,residence_locationlocation7,0.013262433654615833
medical_service_provider_idhospital15,residence_locationlocation2,0.008436831871572443
medical_service_provider_idOthers,medical_service_provider_idhospital43,0.05345049608067565
residence_locationlocation11,residence_locationlocation19,0.006450646420666186
hospital_locationlocation13,hospital_locationlocation5,0.002032397961986238
medical_service_provider_idhospital259,primary_procedure_codeM700004,0.004679931190730413
claim_paid_amount,hospital_locationlocation5,0.005209165543458487
medical_service_provider_idhospital63,primary_procedure_codeS400034,0.00921309278166335
hospital_locationlocation22,hospital_locationlocation7,0.00735921267945379
hospital_locationlocation3,no_of_days_stayed,0.014434728622476094
primary_procedure_codeM100011,residence_locationlocation11,0.003356988845335034
hospital_locationlocation13,hospital_locationlocation19,0.00852735820581116
medical_service_provider_idhospital63,no_of_days_stayed,0.019396431041296933
claim_count_pa,hospital_locationlocation19,0.001940532115476792
fraud,hospital_typePublic,0.13164916456306905
claim_count_pa,residence_locationlocation20,0.018243352645273506
fraud,hospital_locationlocation5,0.000829254928202411
hospital_locationlocation15,medical_service_provider_idhospital43,0.0069177528607019066
hospital_locationlocation15,medical_service_provider_idhospital315,0.008832090723769165
claim_count_pa,hospital_locationlocation22,0.013471553755862325
hospital_locationlocation18,medical_service_provider_idhospital18,0.007630728001052916
hospital_locationlocation11,residence_locationlocation5,0.00735921267945379
benefit_typeSURGICAL,medical_service_provider_idhospital367,0.01221829330663745
medical_service_provider_idhospital249,medical_service_provider_idhospital6,0.0030506382544454673
hospital_locationlocation13,primary_procedure_codeM700004,0.0025219965627744536
hospital_locationlocation13,hospital_locationlocation8,0.006438389682838491
primary_procedure_codeM700004,residence_locationlocation16,0.0011702524368742584
benefit_typeSURGICAL,hospital_locationlocation3,0.019151872810229398
medical_service_provider_idhospital259,residence_locationlocation20,0.005599238921153367
residence_locationlocation5,residence_locationlocation8,0.0026660549445703856
hospital_locationlocation22,medical_service_provider_idhospital315,0.008299594845484908
hospital_locationlocation7,primary_procedure_codeM100011,0.003703658114507846
medical_service_provider_idhospital15,primary_procedure_codeM700004,0.0014363727336119676
claim_count_pa,medical_service_provider_idhospital63,0.02040182933480014
hospital_locationlocation14,residence_locationlocation2,0.011549618295301874
medical_service_provider_idhospital315,medical_service_provider_idhospital43,0.006050670332328353
hospital_locationlocation14,residence_locationlocation5,0.005629203651496466
claim_count_pa,medical_service_provider_idhospital259,0.018404452485910442
medical_service_provider_idOthers,medical_service_provider_idhospital367,0.036099663416507916
hospital_locationlocation18,medical_service_provider_idOthers,0.0025159059107276198
hospital_locationlocation2,primary_procedure_codeM700004,0.0037185421546821443
hospital_locationlocation18,medical_service_provider_idhospital63,0.01121196866898152
hospital_locationlocation6,residence_locationlocation5,0.008397146767849448
medical_service_provider_idOthers,primary_procedure_codeM100011,0.010296873372289399
no_of_days_stayed,residence_locationlocation8,0.006117780684247497
primary_procedure_codeM700004,residence_locationlocation19,0.0005650370099851678
birth_date,hospital_locationlocation20,0.005504797488224947
primary_procedure_codeS400034,residence_locationlocation11,0.0031827985544855956
medical_service_provider_idhospital249,residence_locationlocation2,0.008560786863259898
medical_service_provider_idhospital259,primary_procedure_codeM100011,0.004162831300936507
hospital_locationlocation15,residence_locationlocation19,0.009853244656264552
benefit_typeSURGICAL,claim_paid_amount,0.14100824837016915
claim_paid_amount,hospital_locationlocation11,0.0100269941865474
hospital_locationlocation2,medical_service_provider_idhospital249,0.008560786863259898
hospital_locationlocation5,residence_locationlocation7,0.00735921267945379
hospital_locationlocation18,primary_procedure_codeM100068,9.634082983575066e-08
hospital_locationlocation2,hospital_locationlocation5,0.015569962796733608
hospital_locationlocation6,residence_locationlocation20,0.009608333695408757
hospital_locationlocation11,medical_service_provider_idhospital249,0.0024319286104118273
claim_count_pa,hospital_locationlocation14,0.006123721123046442
birth_date,residence_locationlocation2,0.021398330079083674
medical_service_provider_idhospital63,primary_procedure_codeM100068,0.006736640902976263
primary_procedure_codeM100011,primary_procedure_codeS100214,0.07085749049902787
hospital_locationlocation15,no_of_days_stayed,0.010075227791254322
hospital_locationlocation2,residence_locationlocation16,0.01738989624093531
benefit_typeSURGICAL,hospital_locationlocation5,0.007370081469979261
claim_count_pa,medical_service_provider_idhospital315,0.0480221808415902
hospital_locationlocation10,primary_procedure_codeU100,0.013018816003771493
hospital_locationlocation2,medical_service_provider_idhospital6,0.009315370567814237
hospital_locationlocation5,residence_locationlocation19,0.0056456019812923235
hospital_locationlocation11,hospital_locationlocation8,0.005089406015813374
hospital_locationlocation14,medical_service_provider_idhospital18,0.007093141107066598
birth_date,no_of_days_stayed,0.033250335703927124
hospital_locationlocation16,residence_locationlocation8,0.010012232458435901
medical_service_provider_idhospital259,medical_service_provider_idhospital63,0.005550438670323274
claim_paid_amount,hospital_locationlocation7,0.03248981624550128
hospital_locationlocation11,residence_locationlocation11,1.0
medical_service_provider_idhospital6,no_of_days_stayed,0.011211152856650641
hospital_locationlocation3,primary_procedure_codeS100214,0.015332970672148694
claim_count_pa,residence_locationlocation5,0.004263565713606974
hospital_locationlocation19,primary_procedure_codeM100068,0.004772114548019208
hospital_locationlocation13,residence_locationlocation20,0.002737386023010348
medical_service_provider_idhospital63,primary_procedure_codeS100214,0.034359169285992926
medical_service_provider_idhospital15,primary_procedure_codeM100068,0.09037867501758182
hospital_locationlocation6,residence_locationlocation19,0.003703658114507846
medical_service_provider_idhospital259,medical_service_provider_idhospital6,0.0038921329127272414
benefit_typeSURGICAL,hospital_locationlocation15,0.02109330710727111
hospital_locationlocation10,medical_service_provider_idhospital18,0.0023175872715074843
hospital_locationlocation11,no_of_days_stayed,0.00233861618879196
hospital_locationlocation14,primary_procedure_codeM100011,0.0003978271223051086
primary_procedure_codeS400034,residence_locationlocation5,0.00010431042888626637
primary_procedure_codeM100008,residence_locationlocation19,0.0010827404313902722
hospital_locationlocation19,hospital_locationlocation9,0.013262433654615833
birth_date,medical_service_provider_idhospital18,0.0075458355073023745
medical_service_provider_idhospital18,primary_procedure_codeM100011,0.004282712295793083
hospital_locationlocation13,medical_service_provider_idhospital43,0.004880275452197698
fraud,residence_locationlocation8,0.00015962508363063602
hospital_locationlocation21,primary_procedure_codeM100068,0.0015634907667786393
claim_paid_amount,hospital_locationlocation16,0.015855112571560782
hospital_locationlocation7,medical_service_provider_idhospital259,0.005599238921153367
hospital_locationlocation14,no_of_days_stayed,0.006360911151248979
birth_date,hospital_locationlocation13,0.004748713760723542
birth_date,hospital_locationlocation10,0.005681312145625136
medical_service_provider_idhospital315,primary_procedure_codeS400034,0.010573286004041234
hospital_locationlocation10,primary_procedure_codeM100011,0.0023175872715074843
hospital_locationlocation19,hospital_typePublic,0.002276558673672599
medical_service_provider_idOthers,residence_locationlocation16,0.020870298778757065
claim_paid_amount,residence_locationlocation16,0.015855112571560782
hospital_locationlocation15,hospital_locationlocation18,0.00722819153599489
hospital_locationlocation20,primary_procedure_codeS400034,0.004927002590047183
primary_procedure_codeM100008,residence_locationlocation7,0.0003836817513372463
hospital_locationlocation18,primary_procedure_codeM100008,7.153133317280845e-05
claim_count_pa,medical_service_provider_idhospital18,0.017123376379374507
hospital_locationlocation10,residence_locationlocation7,0.0050594415862775174
medical_service_provider_idOthers,medical_service_provider_idhospital259,0.05702563969001706
claim_paid_amount,fraud,0.051340781094575426
hospital_locationlocation16,hospital_locationlocation5,0.011085180472686073
hospital_locationlocation20,hospital_locationlocation9,0.008397146767849448
hospital_locationlocation7,primary_procedure_codeM700004,0.007767746657496488
medical_service_provider_idhospital63,primary_procedure_codeM100011,0.005419953774625205
primary_procedure_codeM100011,residence_locationlocation16,8.965690776960665e-15
hospital_locationlocation20,primary_procedure_codeM100008,0.002450379214651288
primary_procedure_codeS400034,residence_locationlocation8,6.622695496795396e-05
birth_date,medical_service_provider_idhospital43,0.006448458260457197
hospital_locationlocation7,residence_locationlocation20,0.0056456019812923235
medical_service_provider_idhospital43,residence_locationlocation19,0.007588620795408191
residence_locationlocation20,residence_locationlocation8,0.006245345972715568
fraud,residence_locationlocation11,5.563100775259792e-05
hospital_locationlocation15,residence_locationlocation5,0.010150655201712041
medical_service_provider_idhospital6,residence_locationlocation8,0.002393115007273025
residence_locationlocation11,residence_locationlocation20,0.0056456019812923235
medical_service_provider_idhospital367,primary_procedure_codeM100011,0.0048315187194006
fraud,primary_procedure_codeS400034,0.0009563869199952749
hospital_locationlocation5,medical_service_provider_idhospital6,0.0026265302873415804
hospital_locationlocation18,hospital_locationlocation22,0.0038603655672601665
hospital_locationlocation2,residence_locationlocation8,0.012393971406201357
primary_procedure_codeM100068,residence_locationlocation2,0.007469572651614369
hospital_locationlocation7,residence_locationlocation11,0.008397146767849448
hospital_locationlocation5,medical_service_provider_idhospital315,0.008299594845484908
hospital_locationlocation13,primary_procedure_codeS400034,6.155921990529541e-05
hospital_locationlocation11,residence_locationlocation16,0.013262433654615833
hospital_locationlocation9,hospital_typePublic,0.007294264288991235
birth_date,primary_procedure_codeS100214,0.04992674087637403
claim_count_pa,primary_procedure_codeS400034,0.062144390860831004
medical_service_provider_idhospital15,residence_locationlocation7,0.005929766126476579
fraud,hospital_locationlocation14,6.0074738169229654e-05
medical_service_provider_idhospital6,residence_locationlocation5,0.0026265302873415804
hospital_locationlocation18,hospital_typePublic,0.003657725353969787
medical_service_provider_idhospital15,medical_service_provider_idhospital6,0.0028892765374422414
hospital_locationlocation19,hospital_locationlocation20,0.004927002590047183
hospital_locationlocation3,medical_service_provider_idOthers,0.022782770508215963
primary_procedure_codeS100214,primary_procedure_codeU100,0.2179371072995815
medical_service_provider_idhospital63,primary_procedure_codeM700004,0.005397016009014714
hospital_locationlocation11,primary_procedure_codeS100214,0.0035817060791751504
hospital_locationlocation19,primary_procedure_codeU100,0.0033179166301793646
hospital_locationlocation2,hospital_locationlocation3,0.02357418925157515
hospital_locationlocation20,hospital_locationlocation6,0.009608333695408757
hospital_typePublic,residence_locationlocation5,0.0027317502433231
medical_service_provider_idhospital43,no_of_days_stayed,0.013138054414201282
hospital_locationlocation15,hospital_typePublic,0.01665296227881279
primary_procedure_codeM100068,residence_locationlocation19,0.004772114548019208
medical_service_provider_idhospital15,primary_procedure_codeS100214,0.021060960278234574
benefit_typeSURGICAL,residence_locationlocation20,0.006462941099875976
hospital_locationlocation21,medical_service_provider_idOthers,0.008065361508284215
hospital_typePublic,medical_service_provider_idhospital315,0.03193759329874308
hospital_locationlocation2,residence_locationlocation11,0.013748453541159642
hospital_locationlocation22,hospital_locationlocation9,0.0031827985544855956
hospital_locationlocation13,hospital_locationlocation16,0.00852735820581116
hospital_locationlocation7,residence_locationlocation8,0.007715335633807398
residence_locationlocation19,residence_locationlocation5,0.0056456019812923235
hospital_locationlocation3,hospital_locationlocation8,0.007337732783937965
hospital_locationlocation10,hospital_locationlocation18,0.0058683925481056234
hospital_locationlocation8,residence_locationlocation20,0.006245345972715568
medical_service_provider_idhospital367,primary_procedure_codeM100068,0.0035331701007690736
hospital_locationlocation20,residence_locationlocation20,1.0
birth_date,hospital_typePublic,0.05457301745831254
claim_paid_amount,residence_locationlocation11,0.0100269941865474
hospital_locationlocation11,hospital_locationlocation15,0.010332611961959153
residence_locationlocation19,residence_locationlocation2,0.01634439413621335
hospital_locationlocation10,medical_service_provider_idhospital6,0.004318051134688528
hospital_locationlocation20,hospital_locationlocation21,0.00598041292993961
hospital_locationlocation8,residence_locationlocation8,0.9881151488912463
hospital_locationlocation3,residence_locationlocation19,0.010538438590582238
hospital_locationlocation21,medical_service_provider_idhospital249,0.004606517819245
medical_service_provider_idOthers,residence_locationlocation8,0.0024616628738105325
no_of_days_stayed,primary_procedure_codeM100011,0.05321837497875362
hospital_locationlocation3,medical_service_provider_idhospital15,0.004455521727649407
hospital_locationlocation16,medical_service_provider_idhospital6,0.003995358303100079
hospital_locationlocation3,hospital_locationlocation6,0.010332611961959153
fraud,hospital_locationlocation22,0.0014765100382763156
hospital_locationlocation16,hospital_locationlocation7,0.013262433654615833
medical_service_provider_idhospital18,no_of_days_stayed,0.015468425757756721
hospital_locationlocation7,primary_procedure_codeS100214,0.003133990804974797
hospital_locationlocation6,primary_procedure_codeM100008,0.0045106462100611405
hospital_locationlocation16,residence_locationlocation20,0.013262433654615833
hospital_locationlocation19,medical_service_provider_idhospital315,0.006825830537737954
medical_service_provider_idhospital259,residence_locationlocation8,0.006031695309829272
claim_paid_amount,residence_locationlocation20,0.01612797467579997
hospital_locationlocation10,residence_locationlocation5,0.0050594415862775174
primary_procedure_codeS100214,residence_locationlocation19,0.0034412424402741632
hospital_locationlocation18,medical_service_provider_idhospital6,0.004277465385990153
hospital_locationlocation15,primary_procedure_codeM100008,0.0009421855362314391
fraud,hospital_locationlocation21,3.106387339366431e-07
hospital_locationlocation11,medical_service_provider_idhospital315,0.0008865929412066117
medical_service_provider_idhospital6,residence_locationlocation11,0.0026265302873415804
hospital_locationlocation13,medical_service_provider_idhospital259,0.005137446921506772
hospital_locationlocation19,residence_locationlocation2,0.01634439413621335
hospital_typePublic,medical_service_provider_idhospital6,0.019058255595321642
medical_service_provider_idhospital18,residence_locationlocation11,0.00735921267945379
hospital_locationlocation9,medical_service_provider_idhospital259,0.0006774448359781025
medical_service_provider_idhospital259,residence_locationlocation7,0.005599238921153367
primary_procedure_codeM700004,primary_procedure_codeU100,0.011334412702336734
claim_count_pa,primary_procedure_codeU100,0.10079216210058065
birth_date,medical_service_provider_idOthers,0.02661970282979644
claim_paid_amount,primary_procedure_codeM100011,0.05411311992520689
birth_date,hospital_locationlocation16,0.0037790849151055333
hospital_locationlocation16,primary_procedure_codeM100011,8.965690776960665e-15
hospital_locationlocation9,medical_service_provider_idhospital63,0.00921309278166335
hospital_locationlocation15,primary_procedure_codeU100,0.00998978321675059
medical_service_provider_idhospital63,residence_locationlocation16,0.09665877763626905
hospital_locationlocation19,hospital_locationlocation6,0.003703658114507846
medical_service_provider_idhospital367,no_of_days_stayed,0.010970611269444446
hospital_locationlocation9,primary_procedure_codeM700004,0.0005650370099851678
hospital_locationlocation19,residence_locationlocation19,0.9912487315419997
hospital_locationlocation2,residence_locationlocation7,0.015397392447157897
hospital_locationlocation10,medical_service_provider_idhospital249,0.004185135443840002
hospital_locationlocation10,hospital_typePublic,0.003232104400567401
hospital_locationlocation13,medical_service_provider_idhospital15,0.003813639335549691
birth_date,primary_procedure_codeU100,0.06619782802474507
hospital_typePublic,no_of_days_stayed,0.16542969561958368
hospital_locationlocation3,medical_service_provider_idhospital43,0.0006869731395301924
birth_date,medical_service_provider_idhospital259,0.006988495075650794
hospital_locationlocation9,residence_locationlocation20,0.008397146767849448
hospital_locationlocation14,residence_locationlocation8,0.007109120391669153
hospital_locationlocation11,primary_procedure_codeM700004,0.0009265199404628612
medical_service_provider_idhospital43,residence_locationlocation5,0.0027070098401520103
medical_service_provider_idhospital249,primary_procedure_codeS400034,0.006261009823055247
hospital_locationlocation18,hospital_locationlocation19,0.006428112483614795
hospital_locationlocation19,hospital_locationlocation21,0.009755957687711895
hospital_locationlocation6,medical_service_provider_idhospital18,0.0006006072951260798
hospital_locationlocation21,primary_procedure_codeS100214,0.00846023651928424
medical_service_provider_idhospital18,residence_locationlocation8,0.029798503374093673
hospital_locationlocation21,hospital_locationlocation6,0.007448092706290309
hospital_locationlocation11,primary_procedure_codeU100,0.003774791614436928
hospital_locationlocation10,hospital_locationlocation8,0.006691869229836811
hospital_locationlocation21,residence_locationlocation19,0.007448092706290309
hospital_locationlocation14,medical_service_provider_idOthers,0.004571210171341268
primary_procedure_codeM100011,residence_locationlocation20,0.0006006072951260798
hospital_locationlocation2,medical_service_provider_idhospital63,0.011310896945539823
residence_locationlocation19,residence_locationlocation7,0.013262433654615833
hospital_locationlocation16,primary_procedure_codeS400034,0.00017068996880891305
hospital_locationlocation10,residence_locationlocation11,0.00886315090240142
hospital_locationlocation11,hospital_locationlocation21,0.00598041292993961
medical_service_provider_idhospital15,medical_service_provider_idhospital249,0.002800348155557773
hospital_locationlocation21,medical_service_provider_idhospital18,5.237727789129503e-06
medical_service_provider_idhospital18,residence_locationlocation5,0.0735645134838399
hospital_locationlocation16,hospital_locationlocation9,0.013262433654615833
hospital_locationlocation9,medical_service_provider_idhospital15,0.28511195250405486
hospital_locationlocation14,primary_procedure_codeU100,0.0038494809061977732
medical_service_provider_idhospital259,primary_procedure_codeM100068,0.005841479183133195
hospital_locationlocation6,medical_service_provider_idhospital63,0.0026222473181670464
hospital_locationlocation18,hospital_locationlocation6,0.004973702398915957
hospital_locationlocation18,residence_locationlocation19,0.006428112483614795
no_of_days_stayed,primary_procedure_codeM100008,0.03327835155185701
hospital_locationlocation22,residence_locationlocation7,0.00735921267945379
medical_service_provider_idhospital259,residence_locationlocation11,0.007988610954575363
medical_service_provider_idhospital249,residence_locationlocation7,0.00014612434683766774
medical_service_provider_idhospital367,residence_locationlocation8,0.003648200641728182
medical_service_provider_idhospital6,primary_procedure_codeM100011,0.003995358303100079
hospital_locationlocation19,hospital_locationlocation5,0.0056456019812923235
hospital_locationlocation21,residence_locationlocation16,0.009755957687711895
birth_date,medical_service_provider_idhospital249,0.007130998336387546
hospital_locationlocation20,primary_procedure_codeS100214,0.015795084111160946
residence_locationlocation2,residence_locationlocation5,0.015569962796733608
hospital_typePublic,primary_procedure_codeM100068,0.00635871125102731
claim_count_pa,hospital_locationlocation16,0.0030102842425005693
primary_procedure_codeM100011,residence_locationlocation7,0.003703658114507846
hospital_locationlocation13,medical_service_provider_idhospital367,0.0031074026510688278
no_of_days_stayed,residence_locationlocation5,0.005165628602552583
hospital_locationlocation3,medical_service_provider_idhospital315,0.007581792507227239
benefit_typeSURGICAL,primary_procedure_codeM100068,0.10928696751067941
claim_count_pa,residence_locationlocation16,0.0030102842425005693
birth_date,primary_procedure_codeM100008,0.019010957664597605
hospital_locationlocation15,hospital_locationlocation7,0.011986383299106724
hospital_locationlocation9,primary_procedure_codeM100008,0.0006442026825540418
hospital_locationlocation9,medical_service_provider_idOthers,0.0044325481170414014
birth_date,residence_locationlocation19,0.0018911514337861363
claim_count_pa,medical_service_provider_idhospital6,0.012337130945601122
hospital_locationlocation13,medical_service_provider_idhospital18,0.007069683774285359
medical_service_provider_idhospital6,medical_service_provider_idhospital63,0.004488467656478991
birth_date,hospital_locationlocation9,0.002516238855772777
medical_service_provider_idhospital367,residence_locationlocation5,0.0048315187194006
medical_service_provider_idhospital43,primary_procedure_codeS400034,0.007588620795408191
claim_count_pa,primary_procedure_codeS100214,0.38012457146881834
birth_date,primary_procedure_codeS400034,0.06476835595472731
primary_procedure_codeM100011,residence_locationlocation8,0.006245345972715568
primary_procedure_codeM100008,residence_locationlocation5,0.0006397992402655312
primary_procedure_codeM100008,residence_locationlocation20,0.002450379214651288
medical_service_provider_idhospital249,residence_locationlocation20,0.0008550181524759589
fraud,medical_service_provider_idhospital18,0.0018243538948038403
benefit_typeSURGICAL,primary_procedure_codeM100008,0.08437149199994357
hospital_locationlocation13,hospital_locationlocation21,0.006273649009948314
hospital_typePublic,primary_procedure_codeS100214,0.3989746903054952
hospital_locationlocation18,hospital_locationlocation5,0.002969881610518801
medical_service_provider_idhospital249,residence_locationlocation5,0.006261009823055247
medical_service_provider_idhospital43,primary_procedure_codeM100008,0.0041869438716642
hospital_locationlocation9,primary_procedure_codeU100,0.002843929361477866
hospital_locationlocation6,residence_locationlocation2,0.013658033135598473
benefit_typeSURGICAL,hospital_locationlocation9,0.0030850887209891787
hospital_locationlocation7,medical_service_provider_idhospital18,0.00010431042888626637
hospital_locationlocation5,hospital_locationlocation7,0.00735921267945379
medical_service_provider_idhospital15,medical_service_provider_idhospital63,0.004120180237674177
benefit_typeSURGICAL,medical_service_provider_idhospital43,0.012425521306304798
hospital_locationlocation18,primary_procedure_codeU100,0.007340926050882832
hospital_locationlocation21,no_of_days_stayed,0.007036744699713679
medical_service_provider_idhospital6,residence_locationlocation16,0.003995358303100079
hospital_locationlocation21,primary_procedure_codeS400034,4.908231602501869e-05
no_of_days_stayed,residence_locationlocation20,0.00919529233333067
hospital_locationlocation13,residence_locationlocation19,0.00852735820581116
medical_service_provider_idhospital18,primary_procedure_codeM100068,0.0010042898011506816
hospital_locationlocation19,no_of_days_stayed,0.0023161855896164773
medical_service_provider_idhospital6,primary_procedure_codeM100068,0.004723802769561772
medical_service_provider_idhospital315,medical_service_provider_idhospital367,0.003852508871625637
hospital_locationlocation16,medical_service_provider_idhospital259,0.007988610954575363
hospital_locationlocation2,hospital_locationlocation9,0.01578570033487208
hospital_locationlocation10,residence_locationlocation16,0.00886315090240142
hospital_locationlocation13,hospital_locationlocation6,0.00852735820581116
hospital_locationlocation18,primary_procedure_codeM700004,0.002671795980306089
hospital_locationlocation16,primary_procedure_codeU100,0.007763381957644798
hospital_locationlocation14,hospital_locationlocation2,0.011549618295301874
benefit_typeSURGICAL,hospital_locationlocation6,0.004108604421769188
claim_paid_amount,primary_procedure_codeS400034,0.15288222508833307
hospital_locationlocation7,hospital_locationlocation8,0.010012232458435901
hospital_locationlocation8,primary_procedure_codeM100011,0.006245345972715568
hospital_locationlocation7,medical_service_provider_idhospital63,7.885188697278951e-05
medical_service_provider_idhospital15,medical_service_provider_idhospital18,0.005929766126476579
no_of_days_stayed,residence_locationlocation11,0.00233861618879196
hospital_locationlocation13,residence_locationlocation2,0.011658031523399245
claim_count_pa,residence_locationlocation2,0.03507835016917474
medical_service_provider_idhospital15,primary_procedure_codeS400034,0.00854576149835111
claim_paid_amount,medical_service_provider_idOthers,0.09026792513316793
birth_date,primary_procedure_codeM100011,0.0029936663493777584
hospital_locationlocation13,residence_locationlocation7,0.006163823821853214
hospital_locationlocation16,medical_service_provider_idOthers,0.020870298778757065
medical_service_provider_idhospital6,residence_locationlocation7,0.01572165044088244
medical_service_provider_idhospital18,residence_locationlocation7,0.00018792283944792917
medical_service_provider_idhospital6,residence_locationlocation2,0.009315370567814237
hospital_locationlocation6,medical_service_provider_idhospital6,0.20911639957035952
claim_paid_amount,hospital_locationlocation13,0.008769276032611606
hospital_locationlocation2,medical_service_provider_idhospital18,0.010847539111468794
hospital_locationlocation14,medical_service_provider_idhospital6,0.004587234583170635
hospital_locationlocation10,medical_service_provider_idOthers,0.02122365471418737
hospital_locationlocation7,medical_service_provider_idhospital249,0.00014612434683766774
hospital_locationlocation3,medical_service_provider_idhospital259,0.006973354605681646
hospital_locationlocation10,hospital_locationlocation20,0.0030472439541984783
hospital_locationlocation18,residence_locationlocation2,0.011744616083627455
hospital_locationlocation19,medical_service_provider_idhospital6,0.003995358303100079
hospital_locationlocation19,medical_service_provider_idhospital249,0.0037869859813454477
hospital_locationlocation5,primary_procedure_codeS400034,0.00010431042888626637
hospital_locationlocation11,hospital_locationlocation18,0.008779812203359522
claim_paid_amount,primary_procedure_codeM100068,0.01845941731099613
hospital_locationlocation20,medical_service_provider_idOthers,0.004256056106063032
hospital_locationlocation22,hospital_locationlocation8,0.004138508657583961
hospital_locationlocation21,residence_locationlocation8,0.007365795740939998
claim_count_pa,claim_paid_amount,0.187586161949045
hospital_locationlocation7,hospital_locationlocation9,0.009608333695408757
benefit_typeSURGICAL,medical_service_provider_idhospital18,0.008719657106726912
hospital_locationlocation10,hospital_locationlocation15,0.008150904980675992
hospital_locationlocation15,hospital_locationlocation3,0.014272136329426553
medical_service_provider_idhospital18,residence_locationlocation19,0.006450646420666186
hospital_locationlocation21,medical_service_provider_idhospital6,0.00475282070027661
hospital_locationlocation2,hospital_locationlocation8,0.012393971406201357
medical_service_provider_idhospital249,medical_service_provider_idhospital63,0.004350304714101777
medical_service_provider_idOthers,medical_service_provider_idhospital249,0.04602395873734949
hospital_locationlocation13,residence_locationlocation16,0.00852735820581116
hospital_locationlocation21,residence_locationlocation20,0.00598041292993961
hospital_locationlocation11,medical_service_provider_idhospital6,0.0026265302873415804
claim_paid_amount,residence_locationlocation8,0.005502274824994376
hospital_locationlocation19,hospital_locationlocation2,0.01634439413621335
birth_date,medical_service_provider_idhospital63,0.0067582449961343955
primary_procedure_codeM100008,primary_procedure_codeS400034,0.00731556708353812
hospital_locationlocation8,residence_locationlocation11,0.005089406015813374
birth_date,hospital_locationlocation8,0.002530879019492704
birth_date,medical_service_provider_idhospital6,0.009035637371881273
medical_service_provider_idhospital249,no_of_days_stayed,0.01858153752953402
primary_procedure_codeS400034,residence_locationlocation16,0.00017068996880891305
hospital_locationlocation7,medical_service_provider_idhospital15,0.005929766126476579
hospital_locationlocation6,primary_procedure_codeM100011,0.0007965490634360343
hospital_locationlocation13,hospital_locationlocation22,0.00852735820581116
medical_service_provider_idhospital259,residence_locationlocation16,0.007988610954575363
hospital_locationlocation13,medical_service_provider_idhospital249,0.004026637948378316
benefit_typeSURGICAL,medical_service_provider_idhospital63,0.020061028750668404
claim_count_pa,hospital_typePublic,0.1560909750010813
hospital_locationlocation7,residence_locationlocation2,0.015397392447157899
fraud,residence_locationlocation20,0.002311604500719353
hospital_locationlocation16,hospital_typePublic,0.006715640927099089
hospital_locationlocation18,hospital_locationlocation7,0.006428112483614795
medical_service_provider_idhospital43,primary_procedure_codeM100068,0.001805121820314425
hospital_locationlocation13,medical_service_provider_idhospital63,5.000244266984459e-05
hospital_typePublic,primary_procedure_codeM700004,0.0506614663012379
birth_date,hospital_locationlocation19,0.0018414666352513994
hospital_locationlocation21,residence_locationlocation5,0.0031073927833147005
fraud,medical_service_provider_idhospital6,0.001793193488447209
hospital_locationlocation20,residence_locationlocation19,0.004927002590047183
hospital_locationlocation9,medical_service_provider_idhospital367,0.0048315187194006
hospital_locationlocation10,medical_service_provider_idhospital315,0.007066724465843234
residence_locationlocation11,residence_locationlocation2,0.01374845354115964
hospital_locationlocation5,primary_procedure_codeM100011,0.0012856555042536051
residence_locationlocation16,residence_locationlocation5,0.011085180472686073
hospital_locationlocation19,residence_locationlocation5,0.0056456019812923235
medical_service_provider_idhospital315,residence_locationlocation19,0.006825830537737954
hospital_locationlocation18,hospital_locationlocation3,0.006512718181958034
primary_procedure_codeM100068,residence_locationlocation20,0.002397686729793802
hospital_locationlocation14,primary_procedure_codeM700004,0.01886121980917963
claim_paid_amount,residence_locationlocation7,0.03248981624550128
hospital_locationlocation18,primary_procedure_codeS100214,0.007063500334340833
claim_count_pa,primary_procedure_codeM100011,0.038379440211499145
hospital_locationlocation3,primary_procedure_codeM100068,0.002178343297401251
primary_procedure_codeS100214,residence_locationlocation8,0.006026102114389731
medical_service_provider_idhospital18,medical_service_provider_idhospital63,0.005419953774625205
residence_locationlocation16,residence_locationlocation8,0.010012232458435901
hospital_locationlocation20,medical_service_provider_idhospital6,0.0026265302873415804
medical_service_provider_idhospital315,residence_locationlocation7,0.0056557768667652485
hospital_locationlocation11,hospital_typePublic,0.007753501478297441
hospital_locationlocation6,primary_procedure_codeM100068,0.0010042898011506816
hospital_locationlocation19,primary_procedure_codeM100008,0.0010827404313902722
hospital_locationlocation15,hospital_locationlocation20,0.010538438590582238
hospital_locationlocation13,hospital_locationlocation14,0.006055052394599874
hospital_locationlocation8,primary_procedure_codeM100008,0.0008372531394279565
hospital_locationlocation16,primary_procedure_codeS100214,0.005648482207045331
primary_procedure_codeM100068,primary_procedure_codeU100,0.014767478790632546
medical_service_provider_idOthers,primary_procedure_codeM100008,0.00289125101091555
hospital_locationlocation18,residence_locationlocation16,0.008779812203359522
hospital_locationlocation7,residence_locationlocation7,0.9912487315419997
hospital_locationlocation10,primary_procedure_codeM700004,0.0027213531052461045
medical_service_provider_idOthers,residence_locationlocation19,0.003037901506136728
fraud,hospital_locationlocation11,5.563100775259792e-05
medical_service_provider_idhospital15,medical_service_provider_idhospital315,0.004728141779522981
hospital_locationlocation2,residence_locationlocation20,0.013712461412424864
hospital_locationlocation14,hospital_locationlocation21,0.006927206859446097
primary_procedure_codeM100008,primary_procedure_codeM100068,0.0053494181086291516
hospital_locationlocation11,hospital_locationlocation22,0.004282712295793083
medical_service_provider_idhospital249,medical_service_provider_idhospital43,0.003583511845054779
hospital_locationlocation20,primary_procedure_codeM700004,5.260851677925511e-05
benefit_typeSURGICAL,residence_locationlocation2,0.07093258646036636
hospital_locationlocation14,hospital_typePublic,0.004984862667216204
hospital_locationlocation3,primary_procedure_codeU100,0.015826444213257906
hospital_locationlocation22,residence_locationlocation16,0.011085180472686073
hospital_locationlocation7,residence_locationlocation19,0.013262433654615833
medical_service_provider_idhospital63,primary_procedure_codeU100,0.012594079095095516
hospital_locationlocation8,residence_locationlocation5,0.0026660549445703856
medical_service_provider_idOthers,residence_locationlocation5,0.0048013345444391006
medical_service_provider_idhospital18,medical_service_provider_idhospital315,0.006825830537737954
claim_paid_amount,medical_service_provider_idhospital259,0.023612244055612148
hospital_locationlocation14,hospital_locationlocation7,0.009415912443854497
hospital_locationlocation21,residence_locationlocation11,0.00598041292993961
hospital_locationlocation16,medical_service_provider_idhospital43,0.007588620795408191
hospital_locationlocation10,hospital_locationlocation21,0.0065206389718642935
medical_service_provider_idhospital259,primary_procedure_codeS100214,0.03008071755825683
primary_procedure_codeS100214,primary_procedure_codeS400034,0.08344563905714841
birth_date,medical_service_provider_idhospital315,0.011982008658714021
birth_date,claim_count_pa,0.04343628114118717
hospital_locationlocation19,hospital_locationlocation8,0.007715335633807398
medical_service_provider_idhospital367,medical_service_provider_idhospital63,0.0033571643168734456
hospital_typePublic,residence_locationlocation20,0.01027227676353078
medical_service_provider_idhospital315,residence_locationlocation2,0.2066453043497773
claim_count_pa,primary_procedure_codeM700004,0.026092943040357065
hospital_locationlocation9,residence_locationlocation5,0.009608333695408757
hospital_locationlocation22,medical_service_provider_idhospital249,0.012279418725402759
fraud,primary_procedure_codeM700004,1.736529203620392e-08
benefit_typeSURGICAL,hospital_locationlocation18,0.002939409977049761
hospital_locationlocation10,hospital_locationlocation11,0.00886315090240142
hospital_locationlocation6,medical_service_provider_idhospital259,0.0022520447771838966
hospital_locationlocation10,hospital_locationlocation13,0.005699697928120924
fraud,medical_service_provider_idhospital249,0.0002220514123092854
claim_paid_amount,hospital_locationlocation10,0.009290319046644882
hospital_locationlocation2,medical_service_provider_idhospital15,0.008436831871572443
medical_service_provider_idhospital43,medical_service_provider_idhospital6,0.003697315913173694
medical_service_provider_idhospital18,residence_locationlocation2,0.010847539111468794
hospital_locationlocation19,residence_locationlocation11,0.006450646420666186
benefit_typeSURGICAL,medical_service_provider_idhospital6,0.010298886976515436
medical_service_provider_idhospital249,medical_service_provider_idhospital367,0.0022817837333606226
hospital_locationlocation21,primary_procedure_codeM700004,0.0005440783895686468
birth_date,hospital_locationlocation3,0.005262988311908097
fraud,residence_locationlocation16,0.0037167752480679185
medical_service_provider_idhospital367,residence_locationlocation16,0.0048315187194006
hospital_typePublic,medical_service_provider_idhospital43,0.025462673286350636
claim_count_pa,hospital_locationlocation20,0.018243352645273506
hospital_locationlocation11,hospital_locationlocation14,0.004491564560526827
hospital_locationlocation5,medical_service_provider_idhospital259,0.0030889315908728637
medical_service_provider_idOthers,residence_locationlocation20,0.004256056106063032
claim_paid_amount,medical_service_provider_idhospital315,0.054926497192096725
no_of_days_stayed,residence_locationlocation2,0.036541558068904065
hospital_locationlocation13,residence_locationlocation11,0.00852735820581116
medical_service_provider_idOthers,medical_service_provider_idhospital6,0.04706252741954569
fraud,hospital_locationlocation16,0.0037167752480679185
hospital_locationlocation18,no_of_days_stayed,0.004570192981992341
hospital_locationlocation8,medical_service_provider_idhospital6,0.002393115007273025
hospital_locationlocation2,medical_service_provider_idhospital315,0.20664530434977724
hospital_locationlocation8,medical_service_provider_idhospital249,0.004727464434384942
fraud,hospital_locationlocation20,0.002311604500719353
benefit_typeSURGICAL,hospital_locationlocation10,0.0030982467940384104
hospital_locationlocation5,hospital_typePublic,0.0027317502433230998
hospital_locationlocation5,primary_procedure_codeM700004,0.003937805761724263
claim_count_pa,hospital_locationlocation7,0.0032538196731644845
primary_procedure_codeS100214,residence_locationlocation7,0.0031385058573852173
hospital_locationlocation15,residence_locationlocation16,0.015828656982220402
benefit_typeSURGICAL,hospital_locationlocation16,0.007775649181364276
hospital_locationlocation18,residence_locationlocation11,0.008779812203359522
medical_service_provider_idOthers,residence_locationlocation11,0.0037602912930571972
hospital_locationlocation5,no_of_days_stayed,0.005165628602552583
hospital_locationlocation22,medical_service_provider_idhospital15,6.404526313657141e-07
hospital_locationlocation15,medical_service_provider_idhospital259,0.006270340094969308
birth_date,residence_locationlocation8,0.0025043352296693655
hospital_locationlocation15,primary_procedure_codeM100068,0.0010315806206614136
medical_service_provider_idhospital367,residence_locationlocation7,0.001110722679435877
hospital_locationlocation16,no_of_days_stayed,0.002986629056495812
residence_locationlocation7,residence_locationlocation8,0.010012232458435901
medical_service_provider_idhospital367,residence_locationlocation2,0.005496807904436454
hospital_locationlocation5,residence_locationlocation20,0.0056456019812923235
medical_service_provider_idhospital315,medical_service_provider_idhospital63,0.007345686296164738
benefit_typeSURGICAL,birth_date,0.021369753217142507
hospital_locationlocation3,residence_locationlocation7,0.010332611961959153
hospital_locationlocation19,primary_procedure_codeM100011,0.00229419392528882
hospital_locationlocation6,medical_service_provider_idhospital249,0.00014612434683766774
hospital_locationlocation3,hospital_locationlocation9,0.011315147442389933
claim_paid_amount,hospital_locationlocation15,0.019492625289594112
medical_service_provider_idhospital18,residence_locationlocation16,0.07695687396911026
claim_count_pa,residence_locationlocation19,0.0019869333401597846
hospital_locationlocation18,residence_locationlocation20,0.004973702398915957
hospital_locationlocation20,hospital_locationlocation7,0.0056456019812923235
hospital_locationlocation15,medical_service_provider_idOthers,0.02409156640717568
primary_procedure_codeM100068,primary_procedure_codeS100214,0.060731675319506434
hospital_locationlocation2,medical_service_provider_idhospital43,0.006281982114229569
hospital_locationlocation8,no_of_days_stayed,0.006112035707107075
hospital_locationlocation15,hospital_locationlocation21,0.007089831294868431
medical_service_provider_idhospital367,residence_locationlocation19,0.0048315187194006
medical_service_provider_idOthers,no_of_days_stayed,0.09885524834334787
fraud,primary_procedure_codeM100008,3.921407232887167e-05
hospital_locationlocation7,medical_service_provider_idhospital367,0.001110722679435877
hospital_locationlocation21,primary_procedure_codeM100011,0.046568302637671165
hospital_locationlocation5,residence_locationlocation11,0.00735921267945379
hospital_locationlocation7,medical_service_provider_idhospital315,0.0056557768667652485
residence_locationlocation19,residence_locationlocation20,0.004927002590047183
residence_locationlocation16,residence_locationlocation20,0.013262433654615833
hospital_locationlocation14,hospital_locationlocation20,0.005629203651496466
primary_procedure_codeM100011,residence_locationlocation2,0.004368663936898744
hospital_locationlocation20,primary_procedure_codeM100011,0.0006006072951260798
hospital_locationlocation10,hospital_locationlocation3,0.006788010614247988
claim_count_pa,fraud,0.04745378365281202
no_of_days_stayed,primary_procedure_codeU100,0.1444838062064763
birth_date,hospital_locationlocation6,0.0015875669115168918
hospital_locationlocation6,residence_locationlocation8,0.0033408871418386067
fraud,residence_locationlocation5,0.000829254928202411
medical_service_provider_idOthers,medical_service_provider_idhospital315,0.07478496181545528
hospital_locationlocation3,hospital_locationlocation7,0.010332611961959153
benefit_typeSURGICAL,claim_count_pa,0.13813656740076297
hospital_locationlocation11,medical_service_provider_idOthers,0.0037602912930571972
medical_service_provider_idhospital259,primary_procedure_codeU100,0.011238714938688185
hospital_locationlocation11,hospital_locationlocation20,0.0056456019812923235
fraud,residence_locationlocation2,0.09549929768651437
hospital_locationlocation9,residence_locationlocation7,0.009608333695408757
hospital_locationlocation13,residence_locationlocation5,0.002032397961986238
hospital_locationlocation3,medical_service_provider_idhospital367,0.12531108414358025
hospital_locationlocation14,residence_locationlocation11,0.004491564560526827
medical_service_provider_idhospital6,primary_procedure_codeS400034,0.006459886344010578
hospital_locationlocation16,primary_procedure_codeM100068,5.654037433284499e-05
hospital_locationlocation5,residence_locationlocation8,0.0026660549445703856
hospital_locationlocation13,medical_service_provider_idhospital315,0.0067990371423673176
claim_count_pa,primary_procedure_codeM100068,0.03823269936416313
hospital_locationlocation3,primary_procedure_codeM100011,0.0006156185686096772
medical_service_provider_idhospital15,residence_locationlocation5,0.0034404682086392247
hospital_locationlocation21,hospital_locationlocation9,0.009755957687711895
hospital_locationlocation18,residence_locationlocation5,0.002969881610518801
hospital_locationlocation14,residence_locationlocation19,0.005629203651496466
hospital_locationlocation13,residence_locationlocation8,0.006438389682838491
residence_locationlocation20,residence_locationlocation5,0.0056456019812923235
claim_count_pa,residence_locationlocation8,0.005911909738036309
claim_paid_amount,medical_service_provider_idhospital43,0.03971682611541037
hospital_locationlocation14,hospital_locationlocation6,0.004491564560526827
primary_procedure_codeS400034,residence_locationlocation2,0.004690405960886622
hospital_locationlocation2,no_of_days_stayed,0.036541558068904065
claim_paid_amount,hospital_locationlocation9,0.006001245109945277
hospital_locationlocation21,hospital_locationlocation5,0.0031073927833147005
hospital_locationlocation5,residence_locationlocation5,1.0
birth_date,primary_procedure_codeM100068,0.001854351325816501
hospital_locationlocation15,residence_locationlocation8,0.007873349746209922
hospital_locationlocation5,primary_procedure_codeS100214,0.004195021241821603
hospital_locationlocation15,medical_service_provider_idhospital6,0.004587970322880079
hospital_locationlocation6,primary_procedure_codeS400034,0.0005067141743026732
hospital_locationlocation21,hospital_locationlocation22,0.007448092706290309
primary_procedure_codeM100008,residence_locationlocation2,0.004917194727459208
claim_paid_amount,hospital_typePublic,0.1664734748222943
no_of_days_stayed,residence_locationlocation19,0.002301429355064681
birth_date,residence_locationlocation11,0.004904367484757581
primary_procedure_codeM100011,residence_locationlocation19,0.00229419392528882
hospital_locationlocation18,hospital_locationlocation20,0.004973702398915957
hospital_locationlocation20,hospital_locationlocation22,0.003703658114507846
residence_locationlocation5,residence_locationlocation7,0.00735921267945379
hospital_locationlocation14,medical_service_provider_idhospital63,0.006541849233552014
hospital_locationlocation22,medical_service_provider_idhospital43,0.0027070098401520103
hospital_locationlocation2,residence_locationlocation2,1.0
hospital_locationlocation10,medical_service_provider_idhospital15,0.003963750521222701
hospital_locationlocation16,hospital_locationlocation6,0.013262433654615833
hospital_locationlocation16,medical_service_provider_idhospital15,0.005929766126476579
hospital_locationlocation15,primary_procedure_codeS100214,0.019620103506596175
hospital_locationlocation22,hospital_locationlocation6,0.0056456019812923235
medical_service_provider_idhospital18,medical_service_provider_idhospital367,0.0048315187194006
hospital_locationlocation13,hospital_locationlocation20,0.002737386023010348
fraud,medical_service_provider_idhospital63,0.00020018361766491657
hospital_typePublic,medical_service_provider_idhospital259,0.02301563335756143
claim_count_pa,residence_locationlocation11,0.007935461847561108
hospital_locationlocation14,primary_procedure_codeM100068,0.0020974745017522858
hospital_locationlocation10,hospital_locationlocation9,0.00886315090240142
hospital_locationlocation22,residence_locationlocation2,0.013908643162141196
medical_service_provider_idhospital259,primary_procedure_codeM100008,0.004407567719353513
primary_procedure_codeM100008,residence_locationlocation16,0.0010827404313902722
hospital_locationlocation10,medical_service_provider_idhospital43,0.005072386271981092
medical_service_provider_idhospital259,residence_locationlocation19,0.31399234507581497
medical_service_provider_idhospital15,medical_service_provider_idhospital367,0.0021610946105947364
medical_service_provider_idhospital43,primary_procedure_codeU100,0.011233362137251332
fraud,no_of_days_stayed,0.1180358349022644
hospital_locationlocation5,medical_service_provider_idhospital367,0.0048315187194006
hospital_locationlocation11,residence_locationlocation20,0.0056456019812923235
medical_service_provider_idhospital259,primary_procedure_codeS400034,0.007988610954575363
hospital_locationlocation3,hospital_typePublic,0.023814348625138464
hospital_locationlocation3,hospital_locationlocation5,0.010538438590582238
hospital_typePublic,medical_service_provider_idhospital15,0.03887264140906134
hospital_locationlocation8,residence_locationlocation19,0.007715335633807398
hospital_locationlocation13,no_of_days_stayed,0.004262036550743901
residence_locationlocation11,residence_locationlocation8,0.005089406015813374
medical_service_provider_idhospital6,residence_locationlocation20,0.0026265302873415804
medical_service_provider_idhospital43,primary_procedure_codeM700004,0.004445669703494409
hospital_locationlocation10,hospital_locationlocation22,0.0050594415862775174
hospital_locationlocation11,hospital_locationlocation2,0.01374845354115964
benefit_typeSURGICAL,fraud,0.13681811533266433
hospital_locationlocation8,residence_locationlocation2,0.012393971406201361
hospital_locationlocation5,primary_procedure_codeM100068,8.942160895823186e-06
hospital_locationlocation14,primary_procedure_codeS100214,0.002386153068727982
medical_service_provider_idOthers,residence_locationlocation2,0.08921240015168681
hospital_locationlocation15,residence_locationlocation20,0.010538438590582238
claim_paid_amount,primary_procedure_codeU100,0.19423530244336393
medical_service_provider_idhospital249,primary_procedure_codeM100068,0.004578393425219517
claim_paid_amount,hospital_locationlocation18,0.007851719289207254
hospital_locationlocation9,medical_service_provider_idhospital315,0.010573286004041234
hospital_locationlocation10,medical_service_provider_idhospital367,0.003229709678625563
fraud,hospital_locationlocation10,0.00011085692988634948
hospital_locationlocation16,medical_service_provider_idhospital367,0.0048315187194006
primary_procedure_codeM100068,residence_locationlocation16,5.654037433284499e-05
hospital_locationlocation21,hospital_locationlocation7,0.003891732541158168
claim_paid_amount,medical_service_provider_idhospital367,0.028963333073998076
hospital_locationlocation5,primary_procedure_codeM100008,0.0006397992402655312
claim_paid_amount,medical_service_provider_idhospital249,0.03632157415093501
claim_paid_amount,primary_procedure_codeM700004,0.1032453700175975
hospital_locationlocation5,medical_service_provider_idOthers,0.0048013345444391006
fraud,hospital_locationlocation2,0.09549929768651437
hospital_locationlocation15,hospital_locationlocation6,0.009735580659579768
hospital_locationlocation16,hospital_locationlocation3,0.01163374632030832
hospital_locationlocation11,hospital_locationlocation13,0.00852735820581116
hospital_locationlocation15,residence_locationlocation11,0.010332611961959153
hospital_locationlocation18,primary_procedure_codeM100011,0.00012355483800380952
hospital_locationlocation8,medical_service_provider_idhospital315,0.007982713967507108
hospital_locationlocation20,primary_procedure_codeU100,0.007502513214196921
hospital_locationlocation14,hospital_locationlocation15,0.007699707988166101
medical_service_provider_idOthers,primary_procedure_codeM100068,0.003308758581765522
medical_service_provider_idhospital315,primary_procedure_codeS100214,0.043646192947261145
claim_count_pa,hospital_locationlocation10,0.012660115806234724
primary_procedure_codeM700004,residence_locationlocation7,0.007767746657496488
fraud,hospital_locationlocation19,0.0013953521450073758
primary_procedure_codeM700004,residence_locationlocation11,0.0009265199404628612
claim_count_pa,hospital_locationlocation2,0.03507835016917474
residence_locationlocation16,residence_locationlocation19,0.013262433654615833
hospital_locationlocation19,residence_locationlocation8,0.007715335633807398
hospital_locationlocation10,hospital_locationlocation14,0.006293431623938847
hospital_locationlocation5,primary_procedure_codeU100,0.010725010964501283
hospital_locationlocation10,residence_locationlocation19,0.00886315090240142
primary_procedure_codeM700004,primary_procedure_codeS400034,0.007767746657496488
residence_locationlocation11,residence_locationlocation7,0.008397146767849448
primary_procedure_codeM100068,primary_procedure_codeM700004,0.005680007993317633
medical_service_provider_idhospital18,primary_procedure_codeS400034,0.013262433654615833
hospital_locationlocation5,hospital_locationlocation6,0.008397146767849448
hospital_locationlocation16,medical_service_provider_idhospital315,0.010573286004041234
hospital_locationlocation19,residence_locationlocation20,0.004927002590047183
medical_service_provider_idhospital6,residence_locationlocation19,0.003995358303100079
hospital_locationlocation13,primary_procedure_codeM100068,0.0001645305659798611
hospital_typePublic,medical_service_provider_idhospital367,0.012008212253363144
medical_service_provider_idhospital315,residence_locationlocation8,0.007982713967507108
hospital_locationlocation15,hospital_locationlocation19,0.009853244656264552
hospital_locationlocation6,medical_service_provider_idhospital315,0.004683963096652593
medical_service_provider_idOthers,medical_service_provider_idhospital18,0.08671512915805371
birth_date,hospital_locationlocation22,0.002966732190710349
hospital_typePublic,primary_procedure_codeU100,0.18768320060402224
hospital_locationlocation20,residence_locationlocation8,0.006245345972715568
hospital_typePublic,medical_service_provider_idhospital18,0.033714275231149726
hospital_locationlocation13,hospital_locationlocation7,0.006163823821853214
hospital_locationlocation9,primary_procedure_codeS100214,0.0033905034159595238
hospital_locationlocation8,primary_procedure_codeU100,0.010458537624654237
medical_service_provider_idhospital259,residence_locationlocation5,0.0030889315908728637
medical_service_provider_idOthers,primary_procedure_codeU100,0.09622614383816104
fraud,primary_procedure_codeS100214,0.10816374189088225
medical_service_provider_idhospital43,residence_locationlocation16,0.007588620795408191
birth_date,residence_locationlocation16,0.0037790849151055333
medical_service_provider_idhospital63,residence_locationlocation20,0.004289467084044211
hospital_locationlocation20,medical_service_provider_idhospital315,0.0056557768667652485
hospital_typePublic,medical_service_provider_idOthers,0.21659694057715367
benefit_typeSURGICAL,primary_procedure_codeS400034,0.03135939794673786
hospital_typePublic,primary_procedure_codeM100008,0.007195930323837646
medical_service_provider_idhospital43,primary_procedure_codeS100214,0.019471389389237873
hospital_locationlocation5,medical_service_provider_idhospital18,0.0735645134838399
claim_paid_amount,hospital_locationlocation6,0.026080484556947253
hospital_locationlocation13,hospital_locationlocation15,0.006419940371525314
claim_paid_amount,medical_service_provider_idhospital15,0.011484542617639542
claim_count_pa,hospital_locationlocation15,0.015476404179410569
medical_service_provider_idhospital367,primary_procedure_codeS400034,0.0048315187194006
claim_paid_amount,residence_locationlocation19,0.004045916580431091
hospital_locationlocation3,residence_locationlocation8,0.007337732783937965
claim_count_pa,primary_procedure_codeM100008,0.02889694762032042
hospital_locationlocation9,residence_locationlocation16,0.013262433654615833
hospital_locationlocation9,medical_service_provider_idhospital43,0.0027070098401520103
hospital_locationlocation11,hospital_locationlocation16,0.013262433654615833
primary_procedure_codeS100214,residence_locationlocation20,0.01579508411116095
medical_service_provider_idhospital315,residence_locationlocation11,0.0008865929412066117
hospital_locationlocation22,primary_procedure_codeU100,0.004794074735607458
hospital_locationlocation20,residence_locationlocation11,0.0056456019812923235
hospital_locationlocation13,primary_procedure_codeM100011,7.175893614989335e-06
hospital_locationlocation11,hospital_locationlocation3,0.009735580659579768
primary_procedure_codeM100008,residence_locationlocation11,0.0016724216151277787
hospital_locationlocation6,hospital_locationlocation8,0.0033408871418386067
hospital_locationlocation2,medical_service_provider_idOthers,0.08921240015168683
hospital_locationlocation5,medical_service_provider_idhospital63,0.02641132910055352
claim_paid_amount,hospital_locationlocation3,0.011845616042918599
hospital_locationlocation15,primary_procedure_codeM100011,0.00042921012586757024
hospital_typePublic,residence_locationlocation2,0.0776741067583164
primary_procedure_codeS100214,residence_locationlocation11,0.0035817060791751487
medical_service_provider_idhospital315,residence_locationlocation20,0.0056557768667652485
claim_paid_amount,primary_procedure_codeS100214,0.32818512670954153
hospital_locationlocation16,hospital_locationlocation19,0.013262433654615833
hospital_locationlocation6,residence_locationlocation11,0.004927002590047183
hospital_locationlocation11,hospital_locationlocation7,0.008397146767849448
benefit_typeSURGICAL,primary_procedure_codeM100011,0.13609003215678556
hospital_locationlocation2,hospital_locationlocation7,0.015397392447157897
medical_service_provider_idhospital315,primary_procedure_codeM700004,0.0061934731366314975
hospital_locationlocation3,residence_locationlocation11,0.009735580659579768
hospital_locationlocation8,hospital_typePublic,0.002180234749119567
hospital_locationlocation15,medical_service_provider_idhospital63,0.00919089439455782
primary_procedure_codeU100,residence_locationlocation20,0.00750251321419692
claim_paid_amount,hospital_locationlocation8,0.005502274824994376
hospital_locationlocation15,hospital_locationlocation2,0.024628961136680123
hospital_locationlocation3,primary_procedure_codeS400034,0.0008199631431088615
hospital_locationlocation16,hospital_locationlocation8,0.010012232458435901
hospital_locationlocation7,primary_procedure_codeS400034,0.0006006072951260798
hospital_locationlocation22,primary_procedure_codeM100068,0.00042611837871789235
hospital_locationlocation16,medical_service_provider_idhospital63,0.09665877763626905
hospital_locationlocation9,primary_procedure_codeM100011,4.576670000009821e-05
benefit_typeSURGICAL,hospital_locationlocation13,0.0023133284015932516
hospital_locationlocation6,medical_service_provider_idhospital15,0.0034404682086392247
hospital_locationlocation19,hospital_locationlocation22,0.013262433654615833
medical_service_provider_idhospital367,medical_service_provider_idhospital43,0.0027654538860378344
hospital_locationlocation8,hospital_locationlocation9,0.010012232458435901
hospital_locationlocation2,residence_locationlocation19,0.01634439413621335
hospital_locationlocation20,medical_service_provider_idhospital259,0.005599238921153367
claim_count_pa,medical_service_provider_idhospital43,0.024141607033485047
claim_count_pa,hospital_locationlocation21,0.010501851444522236
hospital_locationlocation22,residence_locationlocation20,0.003703658114507846
claim_count_pa,hospital_locationlocation9,0.006962524453547653
hospital_locationlocation9,no_of_days_stayed,0.0018216688455103256
medical_service_provider_idhospital259,medical_service_provider_idhospital315,0.006369548978108909
medical_service_provider_idhospital43,residence_locationlocation11,9.539620761893888e-05
medical_service_provider_idhospital6,primary_procedure_codeS100214,0.018533949758772567
fraud,medical_service_provider_idOthers,0.14523580681166767
hospital_locationlocation11,residence_locationlocation2,0.01374845354115964
hospital_locationlocation15,hospital_locationlocation9,0.010538438590582238
hospital_locationlocation13,hospital_locationlocation3,0.00691625836514374
hospital_locationlocation18,primary_procedure_codeS400034,9.19996775443693e-05
hospital_locationlocation5,medical_service_provider_idhospital15,0.0034404682086392247
hospital_locationlocation22,hospital_typePublic,0.003558340945639717
claim_count_pa,hospital_locationlocation13,0.006761295833748766
hospital_locationlocation5,residence_locationlocation2,0.015569962796733606
hospital_locationlocation8,primary_procedure_codeM100068,0.002537296866017002
primary_procedure_codeS400034,residence_locationlocation19,1.1032242837096257e-05
medical_service_provider_idhospital367,residence_locationlocation20,0.002302310008294112
hospital_typePublic,medical_service_provider_idhospital63,0.019763035044554757
hospital_locationlocation11,medical_service_provider_idhospital15,0.0034404682086392247
residence_locationlocation2,residence_locationlocation8,0.012393971406201357
benefit_typeSURGICAL,hospital_locationlocation19,0.0031828337593914516
hospital_locationlocation15,hospital_locationlocation22,0.009430270929955938
medical_service_provider_idhospital18,medical_service_provider_idhospital259,0.0022520447771838966
fraud,hospital_locationlocation8,0.00015962508363063602
hospital_locationlocation14,medical_service_provider_idhospital249,0.004446030461976473
hospital_locationlocation15,residence_locationlocation2,0.024628961136680123
hospital_locationlocation11,hospital_locationlocation9,0.006450646420666186
hospital_locationlocation11,medical_service_provider_idhospital43,9.539620761893888e-05
primary_procedure_codeS100214,residence_locationlocation16,0.00564848220704533
fraud,residence_locationlocation19,0.0013953521450073758
medical_service_provider_idhospital18,primary_procedure_codeM700004,0.007767746657496488
hospital_locationlocation10,residence_locationlocation20,0.0030472439541984783
primary_procedure_codeM100008,residence_locationlocation8,0.0008372531394279565
fraud,hospital_locationlocation6,0.002311604500719353
fraud,medical_service_provider_idhospital15,0.0009038839162005696
hospital_locationlocation6,residence_locationlocation16,0.013262433654615833
hospital_locationlocation16,residence_locationlocation5,0.011085180472686073
medical_service_provider_idhospital43,primary_procedure_codeM100011,0.0037558693705144705
medical_service_provider_idhospital15,medical_service_provider_idhospital43,0.0033939584964765854
claim_paid_amount,no_of_days_stayed,0.26144810900219273
hospital_locationlocation20,medical_service_provider_idhospital63,0.004289467084044211
hospital_locationlocation18,residence_locationlocation8,0.006628959902423457
no_of_days_stayed,primary_procedure_codeM100068,0.006755747559781819
hospital_locationlocation14,hospital_locationlocation9,0.009415912443854497
medical_service_provider_idhospital18,residence_locationlocation20,0.008397146767849448
hospital_locationlocation10,hospital_locationlocation2,0.0118483530333058
hospital_locationlocation11,hospital_locationlocation5,0.00735921267945379
residence_locationlocation2,residence_locationlocation7,0.015397392447157897
benefit_typeSURGICAL,medical_service_provider_idhospital259,0.013251643984366693
primary_procedure_codeM100011,residence_locationlocation5,0.0012856555042536051
medical_service_provider_idhospital249,residence_locationlocation8,0.004727464434384942
hospital_locationlocation15,primary_procedure_codeM700004,0.002118616722015623
hospital_locationlocation5,residence_locationlocation16,0.011085180472686073
hospital_locationlocation19,hospital_locationlocation7,0.013262433654615833
hospital_locationlocation16,residence_locationlocation19,0.013262433654615833
hospital_locationlocation20,no_of_days_stayed,0.00919529233333067
claim_paid_amount,medical_service_provider_idhospital63,0.07554136547164964
hospital_locationlocation16,primary_procedure_codeM100008,0.0010827404313902722
birth_date,hospital_locationlocation2,0.021398330079083674
hospital_locationlocation22,residence_locationlocation8,0.004138508657583961
hospital_locationlocation21,medical_service_provider_idhospital367,0.0010951346649643553
benefit_typeSURGICAL,hospital_typePublic,0.23494893672262615
hospital_locationlocation20,hospital_typePublic,0.010272276763530784
benefit_typeSURGICAL,primary_procedure_codeM700004,0.08813177940024879
primary_procedure_codeM100008,primary_procedure_codeU100,0.011821047083247677
medical_service_provider_idOthers,primary_procedure_codeM700004,0.020458216414996455
hospital_locationlocation2,medical_service_provider_idhospital367,0.005496807904436454
hospital_locationlocation10,primary_procedure_codeM100008,0.003193681856680886
medical_service_provider_idhospital315,primary_procedure_codeM100011,0.008299594845484908
benefit_typeSURGICAL,no_of_days_stayed,0.17250095996468043
hospital_locationlocation7,medical_service_provider_idhospital43,0.005179660731756137
hospital_locationlocation11,medical_service_provider_idhospital367,0.001110722679435877
hospital_locationlocation15,hospital_locationlocation5,0.010150655201712041
medical_service_provider_idhospital43,residence_locationlocation20,0.09178701846725348
no_of_days_stayed,primary_procedure_codeS400034,0.08331056949597987
medical_service_provider_idhospital6,primary_procedure_codeM100008,0.001254818659783595
medical_service_provider_idhospital367,primary_procedure_codeM700004,0.002830706301409358
hospital_locationlocation16,medical_service_provider_idhospital249,0.006261009823055247
hospital_locationlocation22,medical_service_provider_idhospital18,0.0056456019812923235
claim_count_pa,medical_service_provider_idhospital249,0.026151084245456115
primary_procedure_codeS400034,primary_procedure_codeU100,0.028416779363287067
medical_service_provider_idhospital15,residence_locationlocation19,0.00122678945023838
benefit_typeSURGICAL,hospital_locationlocation8,0.004882142734537413
medical_service_provider_idhospital259,medical_service_provider_idhospital367,0.0029111612370565634
birth_date,hospital_locationlocation18,0.00374517622748445
fraud,medical_service_provider_idhospital43,3.1189167747983328e-06
hospital_locationlocation13,hospital_locationlocation2,0.011658031523399245
medical_service_provider_idhospital43,medical_service_provider_idhospital63,0.005272585066698288
hospital_locationlocation11,residence_locationlocation19,0.006450646420666186
claim_paid_amount,hospital_locationlocation2,0.03590557729786238
hospital_locationlocation15,hospital_locationlocation8,0.007873349746209922
medical_service_provider_idhospital6,primary_procedure_codeU100,0.008218508853286217
benefit_typeSURGICAL,residence_locationlocation11,0.0027726113640786235
hospital_locationlocation11,hospital_locationlocation6,0.004927002590047183
medical_service_provider_idhospital15,no_of_days_stayed,0.004651416849465154
hospital_locationlocation9,medical_service_provider_idhospital6,0.006459886344010578
primary_procedure_codeM700004,residence_locationlocation8,0.0020978170018347126
hospital_locationlocation20,medical_service_provider_idhospital249,0.0008550181524759589
benefit_typeSURGICAL,medical_service_provider_idhospital249,0.013096049535664355
hospital_locationlocation9,primary_procedure_codeS400034,0.003690761315889301
hospital_locationlocation18,hospital_locationlocation21,0.006459340283601186
fraud,hospital_locationlocation18,5.418421099498346e-05
hospital_typePublic,residence_locationlocation11,0.0077535014782974445
primary_procedure_codeS100214,residence_locationlocation2,0.07525835961048909
residence_locationlocation11,residence_locationlocation5,0.00735921267945379
primary_procedure_codeM100068,residence_locationlocation7,0.02220767633369185
hospital_locationlocation9,residence_locationlocation11,0.006450646420666186
residence_locationlocation16,residence_locationlocation2,0.01738989624093531
hospital_locationlocation8,medical_service_provider_idhospital18,0.028795174912618165
medical_service_provider_idhospital315,residence_locationlocation16,0.010573286004041234
hospital_locationlocation2,residence_locationlocation5,0.015569962796733608
hospital_locationlocation7,hospital_typePublic,0.007437436829699103
hospital_locationlocation20,medical_service_provider_idhospital43,0.09178701846725348
hospital_locationlocation20,residence_locationlocation16,0.013262433654615833
no_of_days_stayed,residence_locationlocation7,0.002286828289274845
claim_paid_amount,residence_locationlocation5,0.005209165543458487
hospital_locationlocation7,no_of_days_stayed,0.002335702928615271
medical_service_provider_idhospital18,primary_procedure_codeS100214,0.02103241447768084
hospital_locationlocation16,primary_procedure_codeM700004,0.0011702524368742584
hospital_locationlocation18,medical_service_provider_idhospital259,0.005289493446241738
hospital_locationlocation11,hospital_locationlocation19,0.006450646420666186
primary_procedure_codeM100011,primary_procedure_codeS400034,0.00735921267945379
residence_locationlocation11,residence_locationlocation16,0.013262433654615833
benefit_typeSURGICAL,residence_locationlocation8,0.005047526625769316
medical_service_provider_idOthers,medical_service_provider_idhospital15,0.0442842911526919
medical_service_provider_idhospital18,medical_service_provider_idhospital249,0.0024319286104118273
hospital_locationlocation10,primary_procedure_codeM100068,3.371240970916972e-05
claim_count_pa,hospital_locationlocation6,0.003464659428304119
claim_count_pa,medical_service_provider_idhospital15,0.014076413550906188
primary_procedure_codeM100068,residence_locationlocation5,8.942160895823186e-06
hospital_locationlocation10,hospital_locationlocation16,0.00886315090240142
hospital_locationlocation9,primary_procedure_codeM100068,0.017739775505956283
claim_paid_amount,hospital_locationlocation20,0.01612797467579997
claim_paid_amount,primary_procedure_codeM100008,0.040239082172813155
primary_procedure_codeU100,residence_locationlocation2,0.04965521257127602
hospital_locationlocation14,hospital_locationlocation19,0.005629203651496466
hospital_locationlocation9,residence_locationlocation8,0.010012232458435901
hospital_locationlocation20,medical_service_provider_idhospital18,0.008397146767849448
no_of_days_stayed,primary_procedure_codeS100214,0.4011634358720799
medical_service_provider_idhospital249,primary_procedure_codeM100008,0.003454609524048394
fraud,hospital_locationlocation15,0.07663516023568173
hospital_locationlocation14,residence_locationlocation20,0.005629203651496466
benefit_typeSURGICAL,residence_locationlocation5,0.007370081469979261
hospital_locationlocation21,medical_service_provider_idhospital259,0.005877366076463255
medical_service_provider_idhospital18,medical_service_provider_idhospital43,0.0037558693705144705
hospital_locationlocation2,hospital_locationlocation20,0.013712461412424864
fraud,medical_service_provider_idhospital315,0.0007482897708049492
hospital_locationlocation10,medical_service_provider_idhospital63,0.0061579109333968615
benefit_typeSURGICAL,primary_procedure_codeS100214,0.43506838230896033
primary_procedure_codeS400034,residence_locationlocation20,0.004927002590047183
primary_procedure_codeM100068,residence_locationlocation8,0.002050079230429331
birth_date,primary_procedure_codeM700004,0.008913590596603006
hospital_locationlocation8,residence_locationlocation7,0.007715335633807398
claim_paid_amount,medical_service_provider_idhospital18,0.04418666737084163
hospital_locationlocation18,medical_service_provider_idhospital315,0.007000288926203342
medical_service_provider_idhospital367,primary_procedure_codeS100214,0.023085480389035802
birth_date,hospital_locationlocation15,0.003909594288885281
hospital_locationlocation11,medical_service_provider_idhospital259,0.007988610954575363
medical_service_provider_idhospital15,primary_procedure_codeM100011,0.00025546497146861096
medical_service_provider_idhospital15,residence_locationlocation16,0.005929766126476579
primary_procedure_codeM100008,primary_procedure_codeS100214,0.04283247946991168
hospital_locationlocation10,hospital_locationlocation7,0.0050594415862775174
primary_procedure_codeM700004,residence_locationlocation20,5.260851677925511e-05
hospital_locationlocation3,medical_service_provider_idhospital18,0.009735580659579768
medical_service_provider_idhospital15,medical_service_provider_idhospital259,0.0035727875572790107
hospital_locationlocation19,medical_service_provider_idhospital259,0.31399234507581497
hospital_locationlocation22,medical_service_provider_idhospital63,0.00688124228979075
birth_date,residence_locationlocation20,0.005504797488224947
benefit_typeSURGICAL,benefit_typeSURGICAL,1
birth_date,birth_date,1
claim_count_pa,claim_count_pa,1
claim_paid_amount,claim_paid_amount,1
fraud,fraud,1
hospital_locationlocation10,hospital_locationlocation10,1
hospital_locationlocation11,hospital_locationlocation11,1
hospital_locationlocation13,hospital_locationlocation13,1
hospital_locationlocation14,hospital_locationlocation14,1
hospital_locationlocation15,hospital_locationlocation15,1
hospital_locationlocation16,hospital_locationlocation16,1
hospital_locationlocation18,hospital_locationlocation18,1
hospital_locationlocation19,hospital_locationlocation19,1
hospital_locationlocation2,hospital_locationlocation2,1
hospital_locationlocation20,hospital_locationlocation20,1
hospital_locationlocation21,hospital_locationlocation21,1
hospital_locationlocation22,hospital_locationlocation22,1
hospital_locationlocation3,hospital_locationlocation3,1
hospital_locationlocation5,hospital_locationlocation5,1
hospital_locationlocation6,hospital_locationlocation6,1
hospital_locationlocation7,hospital_locationlocation7,1
hospital_locationlocation8,hospital_locationlocation8,1
hospital_locationlocation9,hospital_locationlocation9,1
hospital_typePublic,hospital_typePublic,1
medical_service_provider_idOthers,medical_service_provider_idOthers,1
medical_service_provider_idhospital15,medical_service_provider_idhospital15,1
medical_service_provider_idhospital18,medical_service_provider_idhospital18,1
medical_service_provider_idhospital249,medical_service_provider_idhospital249,1
medical_service_provider_idhospital259,medical_service_provider_idhospital259,1
medical_service_provider_idhospital315,medical_service_provider_idhospital315,1
medical_service_provider_idhospital367,medical_service_provider_idhospital367,1
medical_service_provider_idhospital43,medical_service_provider_idhospital43,1
medical_service_provider_idhospital6,medical_service_provider_idhospital6,1
medical_service_provider_idhospital63,medical_service_provider_idhospital63,1
no_of_days_stayed,no_of_days_stayed,1
primary_procedure_codeM100008,primary_procedure_codeM100008,1
primary_procedure_codeM100011,primary_procedure_codeM100011,1
primary_procedure_codeM100068,primary_procedure_codeM100068,1
primary_procedure_codeM700004,primary_procedure_codeM700004,1
primary_procedure_codeS100214,primary_procedure_codeS100214,1
primary_procedure_codeS400034,primary_procedure_codeS400034,1
primary_procedure_codeU100,primary_procedure_codeU100,1
residence_locationlocation11,residence_locationlocation11,1
residence_locationlocation16,residence_locationlocation16,1
residence_locationlocation19,residence_locationlocation19,1
residence_locationlocation2,residence_locationlocation2,1
residence_locationlocation20,residence_locationlocation20,1
residence_locationlocation5,residence_locationlocation5,1
residence_locationlocation7,residence_locationlocation7,1
residence_locationlocation8,residence_locationlocation8,1
