Feature Name,Relative Importance,Parent Feature Name
benefit_typeSURGICAL,0.2494321486059503,benefit_typeSURGICAL
claim_paid_amount,0.35694888201279884,claim_paid_amount
no_of_days_stayed,0.43002792121720296,no_of_days_stayed
primary_procedure_codeM100008,0.009318277316139115,primary_procedure_codeM100008
primary_procedure_codeM100009,0.03281565622639414,primary_procedure_codeM100009
primary_procedure_codeM100011,0.027696850811817084,primary_procedure_codeM100011
primary_procedure_codeM100026,0.05688494389014257,primary_procedure_codeM100026
primary_procedure_codeM100055,0.01312318326242526,primary_procedure_codeM100055
primary_procedure_codeM100068,0.031958422882964646,primary_procedure_codeM100068
primary_procedure_codeM700004,0.029368220260035927,primary_procedure_codeM700004
primary_procedure_codeS100181,0.008276331544472269,primary_procedure_codeS100181
primary_procedure_codeS100214,0.26053128274622167,primary_procedure_codeS100214
primary_procedure_codeS1200024,0.002708424610579449,primary_procedure_codeS1200024
primary_procedure_codeS1200025,0.001919144779681611,primary_procedure_codeS1200025
primary_procedure_codeS400034,0.0668827790141573,primary_procedure_codeS400034
primary_procedure_codeS500092,0.001034087490990689,primary_procedure_codeS500092
primary_procedure_codeS500096,0.0035823820399134075,primary_procedure_codeS500096
primary_procedure_codeU100,0.14449338119176325,primary_procedure_codeU100
birth_date,0.4887804001065929,birth_date
gender_codeMale,1.0,gender_codeMale
hospital_typePublic,0.5908876405983727,hospital_typePublic
claim_count_pa,0.17650282101503884,claim_count_pa
residence_locationlocation11,0.057155643842823754,residence_locationlocation11
residence_locationlocation12,0.05107057669731937,residence_locationlocation12
residence_locationlocation16,0.05864102674291685,residence_locationlocation16
residence_locationlocation17,0.01425797038239363,residence_locationlocation17
residence_locationlocation19,0.05498914504995639,residence_locationlocation19
residence_locationlocation2,0.17032170592344945,residence_locationlocation2
residence_locationlocation20,0.07930500645747271,residence_locationlocation20
residence_locationlocation4,0.06250892723383981,residence_locationlocation4
residence_locationlocation5,0.06730835397762175,residence_locationlocation5
residence_locationlocation7,0.05751206902589066,residence_locationlocation7
residence_locationlocation8,0.05147038049814464,residence_locationlocation8
medical_service_provider_idhospital148,0.002422827249872059,medical_service_provider_idhospital148
medical_service_provider_idhospital15,0.002428242323835892,medical_service_provider_idhospital15
medical_service_provider_idhospital179,0.003409862818951169,medical_service_provider_idhospital179
medical_service_provider_idhospital18,0.026808304927568413,medical_service_provider_idhospital18
medical_service_provider_idhospital22,0.0030118252882334173,medical_service_provider_idhospital22
medical_service_provider_idhospital248,0.0043379831812320226,medical_service_provider_idhospital248
medical_service_provider_idhospital249,0.008844977986143646,medical_service_provider_idhospital249
medical_service_provider_idhospital256,0.009805269574747201,medical_service_provider_idhospital256
medical_service_provider_idhospital259,0.013110579474337084,medical_service_provider_idhospital259
medical_service_provider_idhospital284,0.0102111640778332,medical_service_provider_idhospital284
medical_service_provider_idhospital31,0.0036577090167868756,medical_service_provider_idhospital31
medical_service_provider_idhospital315,0.020688871624109602,medical_service_provider_idhospital315
medical_service_provider_idhospital367,0.012028911901689967,medical_service_provider_idhospital367
medical_service_provider_idhospital43,0.024989247151625364,medical_service_provider_idhospital43
medical_service_provider_idhospital50,0.0017977527488850942,medical_service_provider_idhospital50
medical_service_provider_idhospital6,0.014478486114746805,medical_service_provider_idhospital6
medical_service_provider_idhospital63,0.009664505051369777,medical_service_provider_idhospital63
medical_service_provider_idhospital74,0.00125487708104523,medical_service_provider_idhospital74
medical_service_provider_idhospital92,0.006953979057863959,medical_service_provider_idhospital92
medical_service_provider_idOthers,0.7954657759124208,medical_service_provider_idOthers
hospital_locationlocation10,0.061135872907854924,hospital_locationlocation10
hospital_locationlocation11,0.03953940674163437,hospital_locationlocation11
hospital_locationlocation12,0.05361061235228744,hospital_locationlocation12
hospital_locationlocation13,0.038583836121699897,hospital_locationlocation13
hospital_locationlocation14,0.04504451043418572,hospital_locationlocation14
hospital_locationlocation15,0.16718289151045476,hospital_locationlocation15
hospital_locationlocation16,0.06034274896052548,hospital_locationlocation16
hospital_locationlocation17,0.008725556620292665,hospital_locationlocation17
hospital_locationlocation18,0.04834127724067127,hospital_locationlocation18
hospital_locationlocation19,0.04509125265954805,hospital_locationlocation19
hospital_locationlocation2,0.10153176832224459,hospital_locationlocation2
hospital_locationlocation20,0.05162555021748637,hospital_locationlocation20
hospital_locationlocation21,0.05907528344895449,hospital_locationlocation21
hospital_locationlocation22,0.08847042923588719,hospital_locationlocation22
hospital_locationlocation3,0.15040841834810037,hospital_locationlocation3
hospital_locationlocation4,0.0386479857095168,hospital_locationlocation4
hospital_locationlocation5,0.01958873429506718,hospital_locationlocation5
hospital_locationlocation6,0.06581994638763818,hospital_locationlocation6
hospital_locationlocation7,0.026328388910016123,hospital_locationlocation7
hospital_locationlocation8,0.02470537121787491,hospital_locationlocation8
hospital_locationlocation9,0.03734504160912183,hospital_locationlocation9
treatment_start_date,0.02106712651476538,treatment_start_date
treatment_end_date,0.012953041010428849,treatment_end_date
claim_reported_date,0.01813869842801,claim_reported_date
